noteId,toxicity,severe_toxicity,obscene,identity_attack,insult,threat,sexual_explicit,toxicity_model
1984633896403607556,0.0004080332291778177,1.4583480378860258e-06,2.8184120310470462e-05,8.275741129182279e-05,0.00010151089372811839,2.032973316090647e-05,1.4455230484600179e-05,detoxify-unbiased
1984635159509909745,0.00042241200571879745,1.3386613773036515e-06,2.793219937302638e-05,7.805920904502273e-05,0.00010489697888260707,1.618949681869708e-05,1.3407297956291586e-05,detoxify-unbiased
1985012997744468363,0.0009989066747948527,1.8756203417069628e-06,3.7266370782162994e-05,0.00013214552018325776,0.00017709231178741902,7.814798300387338e-05,1.67992475326173e-05,detoxify-unbiased
1985013329576816961,0.0008309123804792762,1.483026835558121e-06,3.0344193874043413e-05,0.0001226627646246925,0.00022684148279950023,3.244305116822943e-05,2.1963460312690586e-05,detoxify-unbiased
1985013627313692757,0.0004371126997284591,1.3035352139922907e-06,2.82767850876553e-05,6.814728840254247e-05,0.00010992319585056975,1.5628696928615682e-05,1.386312760587316e-05,detoxify-unbiased
1985013848257044705,0.00112821813672781,1.8258799627801636e-06,4.88887308165431e-05,0.00010176163050346076,0.00022821362654212862,5.347699698177166e-05,2.793315979943145e-05,detoxify-unbiased
1985014173525229876,0.00043976533925160766,1.4245166539694765e-06,2.8803286113543436e-05,7.389555685222149e-05,0.00010805729834828526,2.074245821859222e-05,1.4800844837736804e-05,detoxify-unbiased
1985014508662755568,0.021994680166244507,2.8341846700641327e-05,0.0002129256899934262,0.020148340612649918,0.0019295095698907971,0.0002509727783035487,9.770636825123802e-05,detoxify-unbiased
1985016560444985531,0.0062432498671114445,1.5537436865997734e-06,8.483562123728916e-05,0.00021098522120155394,0.002476984402164817,2.889145616791211e-05,2.8114780434407294e-05,detoxify-unbiased
1985018126296117755,0.0007846823427826166,1.4895881577103864e-06,3.703823676914908e-05,9.08909278223291e-05,0.00019670692563522607,2.587562266853638e-05,1.7480238966527395e-05,detoxify-unbiased
1985366516104135066,0.0004297539999242872,1.3371328577704844e-06,2.8256026780582033e-05,7.568459841422737e-05,0.00011155869287904352,1.898966911539901e-05,1.3175216736271977e-05,detoxify-unbiased
1985366988168876269,0.0004055274184793234,1.2564532880787738e-06,2.626157038321253e-05,7.190975156845525e-05,0.00011017462384188548,1.7530588593217544e-05,1.2206263818370644e-05,detoxify-unbiased
1985385242547437696,0.00034471266553737223,1.4163548485157662e-06,2.5078363250941038e-05,7.008724787738174e-05,9.303603292210028e-05,1.6653564671287313e-05,1.31993392642471e-05,detoxify-unbiased
1985386064878489650,0.0007350497180595994,1.0918547559413128e-06,2.6380977942608297e-05,8.83477259776555e-05,0.0002005722635658458,1.8008127881330438e-05,1.3314436728251167e-05,detoxify-unbiased
1985387102729560366,0.012654269114136696,0.00010736359399743378,0.0007538292557001114,0.014586375094950199,0.0013819185551255941,0.0003649738209787756,7.919851486803964e-05,detoxify-unbiased
1985425775865090186,0.0003939380112569779,1.3520974562197807e-06,2.4079979993985035e-05,7.418758468702435e-05,0.00010657521488610655,1.7876001948025078e-05,1.322653224633541e-05,detoxify-unbiased
1985426291189764551,0.0004494507738854736,1.4164603499011719e-06,2.2746766262571327e-05,0.00015071679081302136,0.00010288625344401225,1.7064752682927065e-05,1.3100345313432626e-05,detoxify-unbiased
1985769771376255331,0.00039193363045342267,1.3698058864974882e-06,3.066108547500335e-05,6.788991595385596e-05,0.00010317451233277097,1.7496049622423016e-05,1.3275233868625946e-05,detoxify-unbiased
1985777754957111540,0.0014616033295169473,1.7406080132786883e-06,4.5130633225198835e-05,0.00017244966875296086,0.00030986868659965694,2.6717150831245817e-05,4.1564500861568376e-05,detoxify-unbiased
1985780072247087182,0.00044193779467605054,1.260146973436349e-06,2.7949568902840838e-05,7.287469634320587e-05,0.0001248771441169083,1.867800165200606e-05,1.468348091293592e-05,detoxify-unbiased
1985780923770564652,0.0005667231162078679,1.1197478215763113e-06,2.5785981051740237e-05,7.797915895935148e-05,0.0001568107691127807,1.7343183571938425e-05,1.3279133781907149e-05,detoxify-unbiased
1985854111900635272,0.0004296851984690875,1.2421680821717018e-06,2.2235981305129826e-05,8.940549741964787e-05,0.00011361780343577266,1.8002754586632363e-05,1.3312303053680807e-05,detoxify-unbiased
1986119055141408795,0.0005348488339222968,1.400381506755366e-06,3.4794615203281865e-05,7.365670171566308e-05,0.00013033670256845653,2.007057992159389e-05,1.678102489677258e-05,detoxify-unbiased
1986119392325697807,0.00037578216870315373,1.2009382999167428e-06,2.599999243102502e-05,5.978014087304473e-05,0.00011151763465022668,1.5394896763609722e-05,1.2285608136153314e-05,detoxify-unbiased
1986119712690905273,0.0009065796039067209,2.2279250515566673e-06,6.44178144284524e-05,9.865767788141966e-05,0.00021856818057131022,3.054236731259152e-05,4.368268491816707e-05,detoxify-unbiased
1986120127012610211,0.00047360124881379306,1.1315206620565732e-06,2.4006079911487177e-05,8.141623402480036e-05,0.00013396766735240817,1.6369600416510366e-05,1.1719349458871875e-05,detoxify-unbiased
1986120541787275344,0.0004154662601649761,1.1487784377095522e-06,2.3931905161589384e-05,7.121886301320046e-05,0.00011982139403698966,1.5472698578378186e-05,1.1589379028009716e-05,detoxify-unbiased
1986120930238566911,0.0005822489620186388,1.2150319435022539e-06,3.093496343353763e-05,7.285718311322853e-05,0.0001511613663751632,1.6569712897762656e-05,1.430850534234196e-05,detoxify-unbiased
1986121385211498795,0.0006339003448374569,1.2788432286470197e-06,3.389240009710193e-05,8.109025657176971e-05,0.00016160742961801589,1.959938890649937e-05,1.4632319107477088e-05,detoxify-unbiased
1986121783292932316,0.00045755403698422015,1.1784131856984459e-06,2.287053212057799e-05,8.985850581666455e-05,0.00012489834625739604,1.649501245992724e-05,1.2122322914365213e-05,detoxify-unbiased
1986539312108728694,0.0003341243718750775,1.4765167861696682e-06,2.645872882567346e-05,7.394659041892737e-05,8.935351070249453e-05,1.527770291431807e-05,1.269685981242219e-05,detoxify-unbiased
1986539941615084005,0.0004381746402941644,1.0772033647299395e-06,2.180811316065956e-05,7.129088771762326e-05,0.00013133489119354635,1.575765600136947e-05,1.0991546332661528e-05,detoxify-unbiased
1986573922414834020,0.00045168891665525734,1.3256408237793949e-06,2.7897725885850377e-05,8.149095810949802e-05,0.00012641235662158579,1.9686214727698825e-05,1.3540546206058934e-05,detoxify-unbiased
1986574936152936519,0.00037292856723070145,1.2371602906569024e-06,2.410805791441817e-05,7.081752846715972e-05,0.00010513882443774492,1.6109734133351594e-05,1.0817178008437622e-05,detoxify-unbiased
1986579051910144411,0.0010470702545717359,1.2831579851990682e-06,4.673523653764278e-05,8.77705097082071e-05,0.0002965906751342118,2.7324749680701643e-05,1.6358724678866565e-05,detoxify-unbiased
1986580160674500720,0.00037410450750030577,1.310542870669451e-06,2.7164986022398807e-05,6.959069287404418e-05,0.00010451188427396119,1.6503288861713372e-05,1.238954791915603e-05,detoxify-unbiased
1986580491315618114,0.0004091705777682364,1.2663283541769488e-06,2.6669727958505973e-05,7.516350888181478e-05,0.00011247054499108344,1.7708396626403555e-05,1.2543673619802576e-05,detoxify-unbiased
1986581296055775497,0.00037245050771161914,1.3681203654414276e-06,2.5804800316109322e-05,6.66453706799075e-05,9.6769945230335e-05,1.7169566490338184e-05,1.3809898518957198e-05,detoxify-unbiased
1986813890701701278,0.014956376515328884,1.0187965017394163e-05,0.00020826183026656508,0.0006626895046792924,0.0005573650705628097,0.006677092052996159,7.357091817539185e-05,detoxify-unbiased
1986814421054689406,0.0004334971308708191,1.158696477432386e-06,2.8285658117965795e-05,7.00135642546229e-05,0.000125700535136275,1.445721591153415e-05,1.2775784853147343e-05,detoxify-unbiased
1986814762332610587,0.0017710725078359246,2.005573833230301e-06,4.217532114125788e-05,0.00044339190935716033,0.0002849403244908899,4.475344030652195e-05,1.8317547073820606e-05,detoxify-unbiased
1986815304547094894,0.0003637779736891389,1.342577547802648e-06,2.560052234912291e-05,8.042674016905949e-05,9.606788080418482e-05,1.70453804457793e-05,1.2101069842174184e-05,detoxify-unbiased
1986815689668055290,0.03036227822303772,3.853051111946115e-06,0.00031933141872286797,0.00037893219268880785,0.017232712358236313,8.609271753812209e-05,8.923940913518891e-05,detoxify-unbiased
1987324883030655467,0.0018113788682967424,4.547297521639848e-06,3.5634395317174494e-05,0.0009186403476633132,0.0002692202979233116,6.367666355799884e-05,2.2765905669075437e-05,detoxify-unbiased
1987325300292587692,0.0004492175648920238,1.2488329730331316e-06,2.773215419438202e-05,8.150160283548757e-05,0.000125157181173563,1.6313902960973792e-05,1.3012537237955257e-05,detoxify-unbiased
1987325984454885799,0.0004222189891152084,1.3676443586518872e-06,2.6887586500379257e-05,9.112194675253704e-05,0.00010719735291786492,1.902215080917813e-05,1.2604661606019363e-05,detoxify-unbiased
1987327367996424675,0.00041897493065334857,1.2098253137082793e-06,2.6847768822335638e-05,7.064539386192337e-05,0.00011820774670923129,1.6173369658645242e-05,1.0474018381501082e-05,detoxify-unbiased
1987329736712790416,0.00044226169120520353,1.1971703770541353e-06,2.804973155434709e-05,6.580042099813e-05,0.00012526869249995798,1.5458186680916697e-05,1.1635582268354483e-05,detoxify-unbiased
1987333134036164841,0.000557136139832437,1.7612634337638156e-06,2.946304448414594e-05,9.707864228403196e-05,0.00010804400517372414,4.2768468119902536e-05,1.4983625078457408e-05,detoxify-unbiased
1987336270926709108,0.0006165292579680681,1.3950947277407977e-06,3.021791417268105e-05,0.00014866871060803533,0.00014187325723469257,2.3363831132883206e-05,1.5160678231040947e-05,detoxify-unbiased
1987337221855121534,0.00038018921623006463,1.1603672191995429e-06,2.4420671252300963e-05,6.693140312563628e-05,0.00011097534297732636,1.4954203834349755e-05,1.1483322850835975e-05,detoxify-unbiased
1987337634234896594,0.0004831874102819711,1.3143403521098662e-06,3.645798278739676e-05,7.13348199496977e-05,0.00013253444922156632,1.7213636965607293e-05,1.3573463547800202e-05,detoxify-unbiased
1987338339012198490,0.003599193412810564,4.420049663167447e-06,4.222538336762227e-05,0.004582928493618965,0.0004471591382753104,2.602249151095748e-05,7.89487748988904e-05,detoxify-unbiased
1987338625961324739,0.004726273939013481,7.657885362277739e-06,0.00013362296158447862,0.0014315793523564935,0.0008335765451192856,7.028757681837305e-05,5.162995512364432e-05,detoxify-unbiased
1987550497465631055,0.005992232821881771,2.4704970201128162e-05,0.00012185033847345039,0.0029663313180208206,0.0005964430747553706,9.56826115725562e-05,9.844425221672282e-05,detoxify-unbiased
1987550613186453755,0.0013584772823378444,1.4049160199647304e-06,4.6403849410125986e-05,0.00010475153248989955,0.00030117432470433414,2.5485162041150033e-05,2.1259405912132934e-05,detoxify-unbiased
1987551234694287864,0.00048677317681722343,1.398416770825861e-06,2.9533284759963863e-05,9.650363062974066e-05,0.00012984844215679914,1.772219911799766e-05,1.6938562112045474e-05,detoxify-unbiased
1987662965839999290,0.015247662551701069,5.578110176429618e-06,0.0008307797252200544,0.00028271437622606754,0.006452267989516258,6.797374226152897e-05,0.00020887931168545038,detoxify-unbiased
1987663559312978136,0.0006736016366630793,1.361185013593058e-06,3.112710692221299e-05,0.00011719191388692707,0.0001652375649427995,2.2624015400651842e-05,1.4763487342861481e-05,detoxify-unbiased
1987663884728058129,0.002909028669819236,3.067194711547927e-06,6.861182191642001e-05,0.00038207729812711477,0.00028980252682231367,0.00019154067558702081,4.077755511389114e-05,detoxify-unbiased
1987664208826130513,0.001167626236565411,3.810465159403975e-06,7.912679575383663e-05,0.00024959444999694824,0.0003271903842687607,2.7975145712844096e-05,4.3822627048939466e-05,detoxify-unbiased
1987664653829234848,0.7770423293113708,8.779695781413466e-05,0.04637148603796959,0.0017628268105909228,0.7051787376403809,9.205022070091218e-05,0.0005100005073472857,detoxify-unbiased
1987966120934904219,0.00047097436618059874,1.4270674455474364e-06,2.496325396350585e-05,0.00010457589087309316,0.00011212872777832672,2.1530830053961836e-05,1.400579549226677e-05,detoxify-unbiased
1987966268415049824,0.0010927129769697785,1.2508210147643695e-06,4.3370251660235226e-05,8.282301860162988e-05,0.00032162966090254486,1.8470858776709065e-05,1.6697535102139227e-05,detoxify-unbiased
1987967801814852089,0.0004171143227722496,1.3420515188045101e-06,2.9192671718192287e-05,7.37002701498568e-05,0.00010568311699898914,1.6841482647578232e-05,1.269545464310795e-05,detoxify-unbiased
1987968253285577141,0.0006075088167563081,1.4400580994333723e-06,2.6562585844658315e-05,0.00010319192369934171,0.00013263495930004865,3.193527300027199e-05,1.4957555322325788e-05,detoxify-unbiased
1987970606487286035,0.00034624370164237916,1.2244097433722345e-06,2.37806834775256e-05,6.628523260587826e-05,0.00010233136708848178,1.537179014121648e-05,1.1294344403722789e-05,detoxify-unbiased
1987970798993154553,0.044159870594739914,0.00018562072364147753,0.000537389307282865,0.06213867664337158,0.003488454967737198,0.0012587477685883641,0.0005490326439030468,detoxify-unbiased
1987971952892411997,0.04488568753004074,0.0001860743504948914,0.0005620894371531904,0.06158432736992836,0.003210266586393118,0.0015150050166994333,0.0005404430557973683,detoxify-unbiased
1988279439642206496,0.00042696238961070776,1.211806875289767e-06,2.4708433556952514e-05,6.806039164075628e-05,0.00012061259621987119,1.6636959117022343e-05,1.4762389582756441e-05,detoxify-unbiased
1988281557371461758,0.0029667741619050503,9.23168863664614e-06,0.00045620588934980333,0.00018986398936249316,0.00032727900543250144,3.4051528928102925e-05,0.001323299016803503,detoxify-unbiased
1988282872382251164,0.0004977650241926312,1.0955367315546027e-06,2.2556518160854466e-05,7.778278813930228e-05,0.0001397642190568149,1.646695818635635e-05,1.1043198355764616e-05,detoxify-unbiased
1988285994773225625,0.0008586894837208092,1.239023504240322e-06,3.5889966966351494e-05,7.296363037312403e-05,0.00022123681264929473,2.0324439901742153e-05,1.6538077034056187e-05,detoxify-unbiased
1988286623977497057,0.0009077282156795263,2.0788779693248216e-06,6.191159627633169e-05,9.603279613656923e-05,0.00019081661594100296,4.8492842324776575e-05,4.3590385757852346e-05,detoxify-unbiased
1988287024101544236,0.0005156681290827692,1.7195959571836283e-06,2.8392625608830713e-05,0.00012899900320917368,0.00010251313506159931,2.604056498967111e-05,1.6748346752137877e-05,detoxify-unbiased
1988384045567226150,0.7570806741714478,3.9682159695075825e-05,0.0072650304064154625,0.0009028324275277555,0.7159240245819092,0.00010685464076232165,0.0011864766711369157,detoxify-unbiased
1988423848950198544,0.003611332969740033,4.9032569222617894e-06,9.725358540890738e-05,0.0006238320493139327,0.0008766489336267114,5.106888056616299e-05,6.175345333758742e-05,detoxify-unbiased
1988425038886740153,0.0006858948618173599,1.865966510194994e-06,8.60195214045234e-05,8.657300350023434e-05,0.00021741648379247636,2.067704735964071e-05,2.138400850526523e-05,detoxify-unbiased
1988425723703386435,0.0004261871217750013,1.2733061112157884e-06,2.5139155695796944e-05,8.426512067671865e-05,0.00011322995851514861,1.7365146049996838e-05,1.2146925655542873e-05,detoxify-unbiased
1988630948296986751,0.005982238333672285,7.922557415440679e-06,0.0007766244234517217,0.0002933157666120678,0.001044567092321813,7.626433944096789e-05,0.00092449871590361,detoxify-unbiased
1988634803449545042,0.0004309467622078955,1.1609383818722563e-06,2.5109999114647508e-05,8.139108103932813e-05,0.00011823706154245883,1.575843634782359e-05,1.1694764907588251e-05,detoxify-unbiased
1988635269772247228,0.12334493547677994,5.3382889745989814e-05,0.00039673721767030656,0.14284172654151917,0.00579517288133502,0.001204885309562087,0.00014797526819165796,detoxify-unbiased
1988638965956596118,0.0006753715570084751,1.437619744137919e-06,3.0690720450365916e-05,0.00012700221850536764,0.00014827963605057448,2.3915274141472764e-05,1.7420095900888555e-05,detoxify-unbiased
1988647822443377074,0.000551675446331501,1.3481908354151528e-06,2.6439307475811802e-05,0.00015340463141910732,0.0001386913936585188,1.639445690670982e-05,1.2153229363320861e-05,detoxify-unbiased
1988648259951235302,0.0008054663194343448,1.2656063290705788e-06,2.7602836780715734e-05,0.00014026528515387326,0.0001797215227270499,2.6168569092988037e-05,1.3042802493146155e-05,detoxify-unbiased
1988649392958533847,0.0004122226091567427,1.2474902177928016e-06,2.9303348128451034e-05,6.398411642294377e-05,0.00011726256343536079,1.5878109479672275e-05,1.2613031685759779e-05,detoxify-unbiased
1988649893053730938,0.00043089070823043585,1.2792652341886424e-06,3.074922278756276e-05,7.654462388018146e-05,0.00011353267473168671,2.098253753501922e-05,1.0764016224129591e-05,detoxify-unbiased
1988650166216237086,0.0004770846862811595,1.4622837625211105e-06,3.190050847479142e-05,8.73431854415685e-05,0.00011894121416844428,2.1498086425708607e-05,1.559973316034302e-05,detoxify-unbiased
1988716121613046062,0.000512810715008527,1.6253088688245043e-06,3.134781582048163e-05,0.0001466835237806663,0.00011527208698680624,1.9461749616311863e-05,1.3136299457983114e-05,detoxify-unbiased
1989007283087421793,0.0010609157616272569,1.6418252926087007e-06,3.0033788789296523e-05,0.0004344697517808527,0.00020600641437340528,1.9352146409801207e-05,1.828560561989434e-05,detoxify-unbiased
1989008306837336502,0.29634061455726624,5.316184615367092e-05,0.0005102336290292442,0.014957606792449951,0.00448479363694787,0.1550251990556717,0.0001680757850408554,detoxify-unbiased
1989010219397972190,0.0007475974853150547,1.1015628160748747e-06,2.8619100703508593e-05,7.660911069251597e-05,0.00020745104120578617,1.7838910935097374e-05,1.3112819033267442e-05,detoxify-unbiased
1989064405724569807,0.00048265233635902405,1.4004308468429372e-06,3.118040694971569e-05,7.761518645565957e-05,0.00011586696200538427,1.9392255126149394e-05,1.506791068095481e-05,detoxify-unbiased
1989065036766015938,0.0004419209435582161,1.4921630508979433e-06,3.510969690978527e-05,7.251242641359568e-05,0.00011252386320848018,1.8686232579057105e-05,1.4287152225733735e-05,detoxify-unbiased
1989065710266433809,0.000380591576686129,1.439695552107878e-06,2.9512617402360775e-05,7.61825722292997e-05,9.857200348051265e-05,1.7643682440393604e-05,1.3039992154517677e-05,detoxify-unbiased
1989069280822837414,0.000570576754398644,1.770433073033928e-06,2.520673479011748e-05,0.00012170679838163778,0.00012375479855109006,2.9925749913672917e-05,2.4134327759384178e-05,detoxify-unbiased
1989087365462110528,0.00041668867925181985,1.4973248880778556e-06,3.016789924004115e-05,8.295699808513746e-05,0.00010157586075365543,1.941525624715723e-05,1.5061646081448998e-05,detoxify-unbiased
1989089616008196243,0.00040721098775975406,1.5540163076366298e-06,2.900884283008054e-05,8.284149953396991e-05,0.00010052853031083941,2.100367782986723e-05,1.542437712487299e-05,detoxify-unbiased
1989089998499422682,0.013495629653334618,3.2318879675585777e-05,0.00030223396606743336,0.010573591105639935,0.0014911458129063249,0.00012291755410842597,0.0001952439924934879,detoxify-unbiased
1989090031122657408,0.03381732106208801,4.8923804570222273e-05,0.00040532625280320644,0.032775625586509705,0.002381060039624572,0.00034051062539219856,0.00016335936379618943,detoxify-unbiased
1989094034476872103,0.0005278750322759151,1.6137790908032912e-06,2.6134577638003975e-05,9.663670061854646e-05,0.00011926853039767593,3.050423583772499e-05,2.1219624613877386e-05,detoxify-unbiased
1989095971389587846,0.0005728124524466693,1.3808311223328928e-06,2.8355691028991714e-05,8.331978460773826e-05,0.00014689248928334564,2.843177571776323e-05,1.6583404431003146e-05,detoxify-unbiased
1989097414288883738,0.07488176971673965,0.00013228811440058053,0.00024859863333404064,0.24932622909545898,0.004600079730153084,0.000828841351903975,0.005717917811125517,detoxify-unbiased
1989340211541610754,0.0003639189526438713,1.2927964689879445e-06,2.5970204660552554e-05,6.427907646866515e-05,9.981908078771085e-05,1.5945755876600742e-05,1.252576748811407e-05,detoxify-unbiased
1989342867630825751,0.0068056583404541016,1.4488535953205428e-06,7.642989658052102e-05,0.000167381193023175,0.002729996806010604,3.5962257243227214e-05,3.1388561183121055e-05,detoxify-unbiased
1989413338233626656,0.0005141037399880588,1.4943959740776336e-06,4.7510897275060415e-05,7.229782931972295e-05,0.0001511130976723507,1.7157110050902702e-05,2.0222454622853547e-05,detoxify-unbiased
1989416595949551910,0.0007499672938138247,1.2621218274944113e-06,2.7835272703669034e-05,0.00010387283691670746,0.00017941056285053492,2.6358067771070637e-05,1.5159780559770297e-05,detoxify-unbiased
1989443920531464456,0.0007600235985592008,1.941132723004557e-06,6.244184623938054e-05,9.088833030546084e-05,0.00018774119962472469,4.142568286624737e-05,2.4122682589222677e-05,detoxify-unbiased
1989444230486298862,0.00044989597517997026,1.2786298384526162e-06,2.6312160116503946e-05,7.620807446073741e-05,0.00011436357453931123,1.797047116269823e-05,1.4046779142518062e-05,detoxify-unbiased
1989445537142075716,0.0005811830633319914,1.4828458461124683e-06,3.592725988710299e-05,9.687548299552873e-05,0.00014779265620745718,2.3096419681678526e-05,1.4720159015269019e-05,detoxify-unbiased
1989734451463528574,0.0003807182074524462,1.325677544627979e-06,2.6334750145906582e-05,7.603168342029676e-05,0.00010017504246206954,1.722585511743091e-05,1.2429974958649836e-05,detoxify-unbiased
1989736738428727302,0.05950142443180084,4.006143717560917e-05,0.00044968436122871935,0.053129397332668304,0.005211651790887117,0.0001649314071983099,0.000128210594994016,detoxify-unbiased
1989742796836626607,0.0017828810960054398,3.273235734013724e-06,5.966339449514635e-05,0.0004278041305951774,0.00026587312459014356,8.910182805266231e-05,2.7659702027449384e-05,detoxify-unbiased
1989743440851075097,0.0005622226162813604,1.1585030961214215e-06,3.029738218174316e-05,6.842325819889084e-05,0.00015641145000699908,1.6961706933216192e-05,1.2951773896929808e-05,detoxify-unbiased
1989744003328147796,0.0003832187212537974,1.2252530723344535e-06,2.4070681320154108e-05,6.800375558668748e-05,0.00010937124898191541,1.5463258023373783e-05,1.151714695879491e-05,detoxify-unbiased
1989745012184154346,0.0005856281495653093,1.2091470580344321e-06,2.453030538163148e-05,9.060164302354679e-05,0.00014373041631188244,2.3644190150662325e-05,1.2606297786987852e-05,detoxify-unbiased
1989745359732559873,0.026802165433764458,0.00014540624397341162,0.0012143660569563508,0.02711118385195732,0.00267354235984385,0.00046069661038927734,9.061036689672619e-05,detoxify-unbiased
1990081821594263896,0.001015570480376482,2.4763771762081888e-06,7.411757542286068e-05,0.00011641850142041221,0.00018013034423347563,2.3517537556472234e-05,4.296235420042649e-05,detoxify-unbiased
1990082348411408700,0.00038873334415256977,1.340818243988906e-06,2.385079460509587e-05,8.354119199793786e-05,0.00010380916501162574,1.910379432956688e-05,1.2365961993054952e-05,detoxify-unbiased
1990083545516081561,0.0006881668814457953,1.2499529020715272e-06,4.549008735921234e-05,8.871335739968345e-05,0.00021682957594748586,1.8364491552347317e-05,1.4104150068305898e-05,detoxify-unbiased
1990086789889978489,0.0004758869472425431,1.265834498553886e-06,2.7181544282939285e-05,9.982688061427325e-05,0.00012231925211381167,1.764311127772089e-05,1.1966068086621817e-05,detoxify-unbiased
1990087049517346969,0.002664930885657668,4.179734787612688e-06,8.118775440379977e-05,0.00044168345630168915,0.0007645123405382037,3.214674870832823e-05,5.771854193881154e-05,detoxify-unbiased
1990087557284040848,0.00044162233825773,1.1950168072871747e-06,2.6996165615855716e-05,7.119746442185715e-05,0.0001244734157808125,1.5904037354630418e-05,1.211159997183131e-05,detoxify-unbiased
1990088645433237722,0.0005354109453037381,1.2793213954864768e-06,3.584577643778175e-05,6.431555812014267e-05,0.00015613205323461443,1.6115494872792624e-05,1.3235768165031914e-05,detoxify-unbiased
1990508068585480361,0.0028507295064628124,1.4197385098668747e-06,7.000715413596481e-05,0.00017339047917630523,0.0008851906168274581,2.9213253583293408e-05,2.0990220946259797e-05,detoxify-unbiased
1990508378917888328,0.0004775724664796144,1.3318666560735437e-06,3.163759902236052e-05,8.555762906325981e-05,0.00014055969950277358,1.6440062609035522e-05,2.307823160663247e-05,detoxify-unbiased
1990508547344404670,0.00034618479548953474,1.406519459123956e-06,2.469726859999355e-05,7.554155308753252e-05,9.265029075322673e-05,1.8064201867673546e-05,1.315036388405133e-05,detoxify-unbiased
1990509944588652677,0.00041795099969021976,1.4737553328814101e-06,3.5551471228245646e-05,7.122089300537482e-05,0.00010710324568208307,1.934430474648252e-05,1.4940561413823161e-05,detoxify-unbiased
1990510221672714429,0.000514033657964319,1.152024765360693e-06,2.877635051845573e-05,6.329978350549936e-05,0.00015138827438931912,1.534482726128772e-05,1.2984645763935987e-05,detoxify-unbiased
1990511069668725120,0.00045270408736541867,1.1923312968065147e-06,2.9956498110550456e-05,6.22320658294484e-05,0.00013093325833324343,1.5320392776629888e-05,1.2727385183097795e-05,detoxify-unbiased
1990511316453183906,0.0005772974691353738,1.305099999626691e-06,3.432893572608009e-05,7.30992978787981e-05,0.00014374754391610622,1.8535936760599725e-05,1.6082547517726198e-05,detoxify-unbiased
1990824844754112611,0.0005395534681156278,1.167274149338482e-06,2.9949700547149405e-05,6.694576586596668e-05,0.0001503344246884808,1.534658258606214e-05,1.2882323062513024e-05,detoxify-unbiased
1990827186383691934,0.0004146764404140413,1.415262545378937e-06,2.671829679457005e-05,8.829795115161687e-05,0.00010184209531871602,1.857575261965394e-05,1.3524776477424894e-05,detoxify-unbiased
1990852121315414369,0.002271682256832719,1.3225598195276689e-05,0.00013040196790825576,0.0010035124141722918,0.0004145657876506448,6.0271562688285485e-05,5.767826587543823e-05,detoxify-unbiased
1990878558105801054,0.00038931705057621,1.3649445236296742e-06,2.7661706553772092e-05,7.55888904677704e-05,0.00010002517228713259,1.7662772734183818e-05,1.254934431926813e-05,detoxify-unbiased
1990885817691091116,0.0026149710174649954,5.040765699959593e-06,0.0002561871078796685,0.00015850027557462454,0.0002954924711957574,0.0001945517724379897,9.968970698537305e-05,detoxify-unbiased
1990889991644352705,0.0003939814050681889,1.2860442666351446e-06,2.436988324916456e-05,7.739715510979295e-05,0.00010737341654021293,1.74158612935571e-05,1.2723501640721224e-05,detoxify-unbiased
1990917942251245878,0.002625957829877734,3.6962953799957177e-06,8.058358071139082e-05,0.00039451580960303545,0.0007940559880807996,2.8868706067441963e-05,5.4318938055075705e-05,detoxify-unbiased
1990917996735246354,0.008910680189728737,7.268980425578775e-06,0.00034370654611848295,0.0005275518051348627,0.0024404560681432486,4.902449290966615e-05,0.000130105487187393,detoxify-unbiased
1991213736984469882,0.0004443011712282896,1.399828533976688e-06,2.6659352442948148e-05,8.964598964666948e-05,0.00011036496289307252,2.3053398763295263e-05,1.3823891094943974e-05,detoxify-unbiased
1991214939894087922,0.0004352628020569682,1.347675379292923e-06,2.5823681426118128e-05,8.706095832167193e-05,0.00010402568295830861,2.2055222871131264e-05,1.2454083844204433e-05,detoxify-unbiased
1991215307977818350,0.00038647305336780846,1.536419858894078e-06,3.0404649805859663e-05,6.942345498828217e-05,9.256895282305777e-05,1.8931899830931798e-05,1.4449166883423459e-05,detoxify-unbiased
1991279797230620723,0.00040734861977398396,1.508315904175106e-06,3.4712618798948824e-05,6.896368722664192e-05,9.804937144508585e-05,1.924145544762723e-05,1.5035527212603483e-05,detoxify-unbiased
1991281402617217054,0.0005485275760293007,1.326228812104091e-06,2.831275196513161e-05,8.279711619252339e-05,0.00014213215035852045,2.2727121177013032e-05,1.3799524822388776e-05,detoxify-unbiased
1991638803706999028,0.0008245563367381692,1.089816805688315e-06,3.119465327472426e-05,7.289603672688827e-05,0.0002450765168759972,1.6540318029001355e-05,1.53451765072532e-05,detoxify-unbiased
1991640166679675057,0.00042881647823378444,1.2970497209607856e-06,2.4338065486517735e-05,7.609464228153229e-05,0.00011144651216454804,1.8577577066025697e-05,1.2959780178789515e-05,detoxify-unbiased
1991696495846776992,0.08854861557483673,4.722220910480246e-05,0.0007524233078584075,0.06864794343709946,0.008410714566707611,0.000206997778150253,0.00018268456915393472,detoxify-unbiased
1991696736360730635,0.0051885731518268585,9.866874279396143e-06,0.00019724539015442133,0.0009444966563023627,0.0012334366329014301,2.5413370167370886e-05,0.00016019442409742624,detoxify-unbiased
1991697349987471434,0.0027635334990918636,4.068037014803849e-06,8.093452197499573e-05,0.0004540271474979818,0.0007892335997894406,3.2716616260586306e-05,5.757506369263865e-05,detoxify-unbiased
1991934386128724319,0.0005061850533820689,1.4235945400287164e-06,3.0241470085456967e-05,0.000107158615719527,0.00012008791964035481,1.70213716046419e-05,1.2618614164239261e-05,detoxify-unbiased
1991934616165380101,0.000501159462146461,1.2862418543591048e-06,2.46222953137476e-05,8.824222459224984e-05,0.00012636282190214843,2.052623858617153e-05,1.3950500942883082e-05,detoxify-unbiased
1991935559569137889,0.0012589258840307593,1.8609922562973225e-06,6.0203725297469646e-05,0.00015796195657458156,0.00033568311482667923,3.515425851219334e-05,2.9421596991596743e-05,detoxify-unbiased
1991936737103200426,0.0007583927945233881,1.2790359278369579e-06,3.622789154178463e-05,9.211178257828578e-05,0.0002085380256175995,1.9924420485040173e-05,1.535360934212804e-05,detoxify-unbiased
1991937320358940976,0.000974790717009455,1.1463631608421565e-06,3.153278157697059e-05,0.00010241357085760683,0.00027016166131943464,2.3446258637704886e-05,1.375595365971094e-05,detoxify-unbiased
1992352554148049362,0.0006281870882958174,1.4936437082724296e-06,3.263198959757574e-05,9.52952541410923e-05,0.00014920167450327426,2.8880658646812662e-05,1.772248651832342e-05,detoxify-unbiased
1992352954532159738,0.0006100269383750856,1.3030305581196444e-06,3.193837983417325e-05,7.751001248834655e-05,0.00015864377201069146,2.26997617573943e-05,1.4183543498802464e-05,detoxify-unbiased
1992354251754856905,0.0013799755834043026,2.2820183858129894e-06,8.146640902850777e-05,0.0001434735459042713,0.0003153211437165737,4.077397898072377e-05,4.0323648136109114e-05,detoxify-unbiased
1992354599781429673,0.00044571587932296097,1.5253039009621716e-06,3.0240369596867822e-05,7.350311352638528e-05,9.714820043882355e-05,1.9936280295951292e-05,1.565356069477275e-05,detoxify-unbiased
1992354987783901344,0.0006057714344933629,1.5776442978676641e-06,3.568570900824852e-05,9.519289596937597e-05,0.00013512218720279634,2.9103584893164225e-05,1.709861862764228e-05,detoxify-unbiased
1992613616105705607,0.10395720601081848,1.149815034295898e-05,0.00010697760444600135,0.062334321439266205,0.01907622255384922,0.00015755310596432537,0.00027581953327171504,detoxify-unbiased
1992614004443820412,0.0003908571961801499,1.3070417708149762e-06,2.262735870317556e-05,8.378907659789547e-05,0.00010472576832398772,1.881365096778609e-05,1.192510171676986e-05,detoxify-unbiased
1992615069784383652,0.0004211930790916085,1.1481299679871881e-06,2.6091871404787526e-05,6.743798439856619e-05,0.00012463898747228086,1.4621228729083668e-05,1.2255322872078978e-05,detoxify-unbiased
1992615495120404578,0.002371107693761587,8.406998858845327e-06,0.00010514743917156011,0.0006433495436795056,0.0004539314832072705,1.862295357568655e-05,0.00012570113176479936,detoxify-unbiased
1992615800671211919,0.0005690483958460391,1.4161835224513197e-06,3.0141476599965245e-05,0.00010074935562442988,0.0001379183231620118,1.733647150103934e-05,1.2934985534229781e-05,detoxify-unbiased
1992616410187538771,0.0007192125194706023,1.4708151638842537e-06,4.915327372145839e-05,8.67363705765456e-05,0.00018879547133110464,1.6664764189044945e-05,1.824317587306723e-05,detoxify-unbiased
1992616976896700491,0.0004352879186626524,1.5005255136202322e-06,2.9816188543918543e-05,7.148204167606309e-05,9.977063746191561e-05,2.0111869162064977e-05,1.4974224541219883e-05,detoxify-unbiased
1992617317159538865,0.0003904374607373029,1.3549230288845138e-06,2.7670019335346296e-05,7.506380643462762e-05,0.00010413207928650081,1.9076740500167944e-05,1.264620186702814e-05,detoxify-unbiased
1992974193302855734,0.0004351590760052204,1.409387550665997e-06,2.4805493012536317e-05,8.784092642599717e-05,0.00010721862054197118,2.2751539290766232e-05,1.3650182154378854e-05,detoxify-unbiased
1992975098781855776,0.0005580912111327052,1.5975522273947718e-06,2.75639868050348e-05,0.00012881068687420338,0.00011882751277880743,3.721395478351042e-05,1.2977169717487413e-05,detoxify-unbiased
1992975374842487288,0.0003970266552641988,1.207236664413358e-06,2.5774326786631718e-05,6.60864170640707e-05,0.00011417659698054194,1.6376970961573534e-05,1.1500266737130005e-05,detoxify-unbiased
1992975690426204646,0.0013051043497398496,6.247236797207734e-06,6.0313992435112596e-05,0.0005490221665240824,0.0003882694581989199,4.9190082791028544e-05,0.00013034888252150267,detoxify-unbiased
1992976245340897633,0.003788085887208581,1.4647569059889065e-06,6.585553637705743e-05,0.00016387342475354671,0.0010925084352493286,2.992914232891053e-05,4.486359830480069e-05,detoxify-unbiased
1993322131518636146,0.008995135314762592,4.944287138641812e-05,0.00031830891384743154,0.008375453762710094,0.0009558111196383834,0.00014310314145404845,0.00022815224656369537,detoxify-unbiased
1993322547299983418,0.004648978356271982,2.2176100173965096e-06,0.00014345657837111503,0.00020234097610227764,0.0015257522463798523,3.614096567616798e-05,4.681450081989169e-05,detoxify-unbiased
1993322844575379821,0.0005531133501790464,1.4771562746318523e-06,3.1731633498566225e-05,0.00010602904512779787,0.00012137730664107949,3.169192495988682e-05,1.2889916433778126e-05,detoxify-unbiased
1993323361762484336,0.0003755846410058439,1.1638383057288593e-06,2.5865556381177157e-05,6.606890383409336e-05,0.00011538216494955122,1.4516140254272614e-05,1.173120199382538e-05,detoxify-unbiased
1993323840139575521,0.0003833993978332728,1.1446840062490082e-06,2.495849366823677e-05,6.33077506790869e-05,0.00011620310397120193,1.4427205314859748e-05,1.1867084140249062e-05,detoxify-unbiased
1994079544811090105,0.0005004024133086205,1.3214628324931255e-06,3.225453110644594e-05,7.837866724003106e-05,0.00012439012061804533,1.8745828128885478e-05,1.4097400708124042e-05,detoxify-unbiased
1994080323374555174,0.010826550424098969,0.00010085902613354847,0.0006459739524871111,0.01366332359611988,0.0017131208442151546,0.00028637697687372565,0.0003737361403182149,detoxify-unbiased
1994081031352140149,0.0004127965366933495,1.221342586177343e-06,2.682844569790177e-05,6.461906741606072e-05,0.00011361650831531733,1.5459248970728368e-05,1.2437587429303676e-05,detoxify-unbiased
1994081119210176961,0.00032766954973340034,1.3479480003297795e-06,2.659477831912227e-05,6.54478426440619e-05,9.355702059110627e-05,1.5391682609333657e-05,1.2159698599134572e-05,detoxify-unbiased
1994082043328635194,0.007278513163328171,1.4382174413185567e-05,0.00015465906471945345,0.0012470922665670514,0.0004115611664019525,0.00011646356870187446,0.0008368913549929857,detoxify-unbiased
1994189730829791560,0.0008958332473412156,1.84646057732607e-06,3.6273002478992566e-05,0.00020384190429467708,0.00018163584172725677,3.103587368968874e-05,1.9705241356859915e-05,detoxify-unbiased
1994192791723753717,0.0017771705752238631,4.1464600144536234e-06,6.929190567461774e-05,0.0003444393805693835,0.0004250755882821977,4.988574073649943e-05,5.385422264225781e-05,detoxify-unbiased
1994193754169737459,0.0006886438932269812,1.4106797152635409e-06,3.9203077903948724e-05,8.878537482814863e-05,0.00016132427845150232,1.8932007151306607e-05,1.734219040372409e-05,detoxify-unbiased
1994822051773743197,0.0017603036249056458,1.6570141951888218e-06,6.23437954345718e-05,0.00016570631123613566,0.0004766342171933502,2.568241507105995e-05,2.020942156377714e-05,detoxify-unbiased
1994822730051387409,0.0007686928147450089,1.4773971770409844e-06,4.0952061681309715e-05,9.67864616541192e-05,0.00019850002718158066,1.963856630027294e-05,1.6969896023510955e-05,detoxify-unbiased
1994824595816227187,0.0004784021293744445,1.4402515944311745e-06,3.341256160638295e-05,7.386497600236908e-05,0.00011401186930015683,1.8373986677033827e-05,1.541349593026098e-05,detoxify-unbiased
1994824990877770154,0.0004157290968578309,1.3060637229500571e-06,2.8973981898161583e-05,6.997805758146569e-05,0.00011245220230193809,1.9834596969303675e-05,1.287711438635597e-05,detoxify-unbiased
1994827231143592291,0.0003648668644018471,1.243188535227091e-06,2.4861668862286024e-05,6.452872912632301e-05,0.00010702474537538365,1.5323725165217184e-05,1.1975908819295e-05,detoxify-unbiased
1994907959374037157,0.0020463373512029648,1.4561134094037698e-06,4.65107113996055e-05,0.00019822655303869396,0.000516620057169348,2.6055295165861025e-05,2.0147881514276378e-05,detoxify-unbiased
1994908000801186058,0.0006566246738657355,1.3073560012344387e-06,4.2592680983943865e-05,6.598175968974829e-05,0.00022392797109205276,1.507276829215698e-05,1.5265366528183222e-05,detoxify-unbiased
1994908487873155405,0.0005879185628145933,1.3335734365682583e-06,3.656972694443539e-05,9.723484254209325e-05,0.00014986585301812738,1.8377000742475502e-05,1.5129912753764074e-05,detoxify-unbiased
1994909075587404127,0.00034731451887637377,1.252285642294737e-06,2.4358871087315492e-05,6.902132008690387e-05,0.00010247227328363806,1.417887779098237e-05,1.199961934617022e-05,detoxify-unbiased
1995152736321499542,0.0004935424658469856,1.3954446558273048e-06,3.0162926123011857e-05,0.0001240232086274773,0.00011883724801009521,2.4457962354063056e-05,1.3369633052207064e-05,detoxify-unbiased
1995499916869636505,0.0007985628908500075,2.9251280011521885e-06,4.942551822750829e-05,0.0001910032151499763,0.00017240791930817068,3.860595097648911e-05,2.276777377119288e-05,detoxify-unbiased
1995500670825197957,0.000433997658547014,1.273229486287164e-06,2.7743739337893203e-05,6.746577128069475e-05,0.00011350355634931475,1.5873429219936952e-05,1.3588358342531137e-05,detoxify-unbiased
1995501396955738426,0.0004828778328374028,1.4202518059391878e-06,2.9979048122186214e-05,7.841605111025274e-05,0.00012259693176019937,2.1867341274628416e-05,1.5213221558951773e-05,detoxify-unbiased
1995503876707930606,0.00048481233534403145,1.566261516927625e-06,2.870213211281225e-05,8.968480688054115e-05,0.00010192750778514892,2.4186698283301666e-05,1.7409302017767914e-05,detoxify-unbiased
1995505731080999341,0.001963686430826783,2.2839626581117045e-06,9.991983824875206e-05,0.0002166617487091571,0.0006587398238480091,3.1971867429092526e-05,5.73826655454468e-05,detoxify-unbiased
1995866897066213835,0.0004210754414089024,1.848784677349613e-06,3.6682788049802184e-05,7.393227133434266e-05,8.344438538188115e-05,2.024392961175181e-05,1.953177161340136e-05,detoxify-unbiased
1995867307868848224,0.000630031106993556,1.489467422288726e-06,3.668758290586993e-05,9.806480375118554e-05,0.00015915240510366857,2.3308550225920044e-05,1.5496119885938242e-05,detoxify-unbiased
1995870072921788806,0.0014370749704539776,2.3363440959656145e-06,5.821060767630115e-05,0.00040842744056135416,0.00025321959401480854,3.698226282722317e-05,1.9512295693857595e-05,detoxify-unbiased
1995872713538183262,0.00044173773494549096,1.1454079640316195e-06,2.7577265427680686e-05,6.541141192428768e-05,0.0001292911038035527,1.4609213394578546e-05,1.2671263903030194e-05,detoxify-unbiased
1995872941314077050,0.08698835968971252,2.6250352675560862e-05,0.0019554938189685345,0.0008666292997077107,0.007870184257626534,0.00012751940812449902,0.036121707409620285,detoxify-unbiased
1995872989766672839,0.00035697524435818195,1.3704787988899625e-06,2.6984223950421438e-05,7.53805652493611e-05,9.821219282457605e-05,1.620230068510864e-05,1.174318003904773e-05,detoxify-unbiased
1995959999760085181,0.0007199760875664651,1.6068821651060716e-06,3.5029032005695626e-05,0.0001384404895361513,0.00015771693142596632,2.8424648917280138e-05,1.877658360172063e-05,detoxify-unbiased
1996234772163514660,0.0017219349974766374,1.0637902960297652e-05,7.784623448969796e-05,0.0008381538209505379,0.00048397129285149276,8.839677320793271e-05,0.00020844876416958869,detoxify-unbiased
1996234932327231713,0.001040952978655696,2.064030240944703e-06,4.8974314267979935e-05,0.0001221156562678516,0.000186747289262712,6.110154208727181e-05,2.5604284019209445e-05,detoxify-unbiased
1996237005395554413,0.00037751824129372835,1.3661998536917963e-06,2.4538003344787285e-05,7.697525143157691e-05,9.995223808800802e-05,1.929314385051839e-05,1.2088059520465322e-05,detoxify-unbiased
1996238233705808082,0.0003942011680919677,1.1135076647406095e-06,2.5819028451223858e-05,5.959282862022519e-05,0.00012021967995679006,1.4553008440998383e-05,1.1559862286958378e-05,detoxify-unbiased
1996239843924332612,0.0003948348748963326,1.2907872815048904e-06,2.6074110792251304e-05,6.95429916959256e-05,0.000107479230791796,1.9129645806970075e-05,1.2972220247320365e-05,detoxify-unbiased
1996240661553594759,0.000672826252412051,1.3943260910309618e-06,3.512004332151264e-05,7.532007293775678e-05,0.00015023883315734565,2.3526063159806654e-05,1.811104993976187e-05,detoxify-unbiased
1996665418929348690,0.0003789760812651366,1.2688560673268512e-06,2.289102121721953e-05,7.166734576458111e-05,0.00010729501082096249,1.6226018487941474e-05,1.210340178658953e-05,detoxify-unbiased
1996665674425393381,0.0007787573267705739,1.598147946424433e-06,4.5605411287397146e-05,7.313890819204971e-05,0.00017610503709875047,2.6760093533084728e-05,2.1093443137942813e-05,detoxify-unbiased
1997018561655583119,0.000395707756979391,1.3240437510830816e-06,2.826578202075325e-05,6.524818309117109e-05,0.00010742339509306476,1.9193805201211944e-05,1.3770786608802155e-05,detoxify-unbiased
1997021348820840473,0.0009987730300053954,2.5334445581393084e-06,4.596431244863197e-05,0.0001281447330256924,0.00016551413864362985,7.61067567509599e-05,3.8207534089451656e-05,detoxify-unbiased
1997021721199509756,0.0005740911001339555,1.7801544345275033e-06,4.117032585781999e-05,0.00012983223132323474,0.00016502939979545772,1.6143967513926327e-05,4.566821371554397e-05,detoxify-unbiased
1997025288681669043,0.00043031907989643514,1.3023534393141745e-06,3.112523700110614e-05,6.871214282000437e-05,0.00011691276449710131,1.7406928236596286e-05,1.3584963198809419e-05,detoxify-unbiased
1997030572049187060,0.0003685956180561334,1.506802050244005e-06,2.7419555408414453e-05,7.199106039479375e-05,9.127997327595949e-05,1.795002208382357e-05,1.3577425306721125e-05,detoxify-unbiased
1997030972794028066,0.0003778671380132437,1.4520336435452919e-06,2.4201881387853064e-05,8.034916390897706e-05,9.665319521445781e-05,2.05312499019783e-05,1.4654131518909708e-05,detoxify-unbiased
1997031313237311533,0.00036799401277676225,1.3440790098684374e-06,2.2925933080841787e-05,7.42074626032263e-05,9.794621291803196e-05,1.741333653626498e-05,1.3178334484109655e-05,detoxify-unbiased
1997333633414189284,0.04108453914523125,5.0243379519088194e-05,0.00034447433426976204,0.045862987637519836,0.0027100357692688704,0.00011001516395481303,0.0013999195070937276,detoxify-unbiased
1997334530932302282,0.0005960864364169538,1.777831698746013e-06,3.163931978633627e-05,0.000110141649201978,0.0001314030378125608,3.492732867016457e-05,2.105710700561758e-05,detoxify-unbiased
1997334744254542194,0.0004534819454420358,1.5019958254924859e-06,3.3876403904287145e-05,7.198715320555493e-05,0.00010312660015188158,1.857887218648102e-05,1.4893985280650668e-05,detoxify-unbiased
1997335229082521930,0.00035138652310706675,1.4183257235345081e-06,2.355095602979418e-05,7.424745854223147e-05,9.586407395545393e-05,1.818800410546828e-05,1.4478686352958903e-05,detoxify-unbiased
1997335785553494351,0.0020869907457381487,1.1641619494184852e-05,8.71298907441087e-05,0.0008697705343365669,0.0005727845709770918,9.759424574440345e-05,0.0002292324643349275,detoxify-unbiased
1997667196416246189,0.0003607615944929421,1.3670327234649449e-06,2.4769891751930118e-05,8.172231900971383e-05,9.717071225168183e-05,1.5620500562363304e-05,1.241471545654349e-05,detoxify-unbiased
1997667694825382053,0.006673238705843687,4.49728713647346e-06,0.0001100282825063914,0.0004100808291696012,0.0005037541268393397,0.0009850045898929238,7.111034210538492e-05,detoxify-unbiased
1997668178004959520,0.0007001023623161018,1.5256035794664058e-06,5.443291229312308e-05,7.305999315576628e-05,0.00018213409930467606,1.8882656149799004e-05,1.96948712982703e-05,detoxify-unbiased
1997673096031948985,0.0010626353323459625,2.511417051209719e-06,7.877941243350506e-05,0.00017848866991698742,0.00034158374182879925,2.2570657165488228e-05,6.345770816551521e-05,detoxify-unbiased
1997673158120296917,0.00036334351170808077,1.3931551166024292e-06,2.9388396797003224e-05,6.740287790307775e-05,9.637184120947495e-05,1.6294186934828758e-05,1.2689474715443794e-05,detoxify-unbiased
1998080735429714427,0.0005665823700837791,2.112258016495616e-06,6.848742486909032e-05,0.00012016191612929106,0.0001690227072685957,1.869596599135548e-05,4.122037717024796e-05,detoxify-unbiased
1998081217162289531,0.003165613627061248,2.274778353239526e-06,7.793380791554227e-05,0.0002948272449430078,0.0008626439375802875,4.2825362470466644e-05,5.879214222659357e-05,detoxify-unbiased
1998081645283303906,0.005446362774819136,4.286077910364838e-06,0.00016187377332244068,0.0005408221040852368,0.0008687408990226686,5.117676482768729e-05,0.0002545038878452033,detoxify-unbiased
1998081927618629988,0.00036368746077641845,1.3322566019269289e-06,2.627549838507548e-05,7.016830204520375e-05,9.802973363548517e-05,1.7698468582239002e-05,1.2128197340643965e-05,detoxify-unbiased
1998082322764091833,0.0004448281251825392,1.139082314693951e-06,2.645277709234506e-05,6.901453889440745e-05,0.0001290799700655043,1.5519945009145886e-05,1.270749453397002e-05,detoxify-unbiased
1998492501053764086,0.00043632922461256385,1.5500023664571927e-06,3.270276647526771e-05,7.124494732124731e-05,9.79923497652635e-05,1.9560773580451496e-05,1.598331618879456e-05,detoxify-unbiased
1998493000385618287,0.00040602157241664827,1.2518556786744739e-06,2.2220210667001083e-05,7.651470514247194e-05,0.00010991375893354416,1.7889542505145073e-05,1.2252496162545867e-05,detoxify-unbiased
1998493299749880269,0.0003829975612461567,1.307352249568794e-06,2.421346835035365e-05,7.23467965144664e-05,9.947150101652369e-05,1.6808524378575385e-05,1.3952230801805854e-05,detoxify-unbiased
1998511193044951245,0.0004918573540635407,1.550345245959761e-06,3.8098020013421774e-05,7.4840230809059e-05,0.00012554098793771118,1.7502190530649386e-05,1.867932041932363e-05,detoxify-unbiased
1998515745219653720,0.00048563769087195396,1.2642045703614713e-06,2.6077666916535236e-05,9.829914051806554e-05,0.00012161666381871328,1.755497942212969e-05,1.3303901141625829e-05,detoxify-unbiased
1998838499374485621,0.0003803627041634172,1.3649118955072481e-06,2.401650090178009e-05,7.95755913713947e-05,0.0001026870813802816,1.8910497601609677e-05,1.294816865993198e-05,detoxify-unbiased
1998838914291831248,0.0004886911483481526,1.4347695014294004e-06,3.059256778215058e-05,9.662850789027289e-05,0.00012091638200217858,2.4215985831688158e-05,1.2927759598824196e-05,detoxify-unbiased
1998876080170524727,0.0003793693904299289,1.1737105296560912e-06,2.4039782147156075e-05,6.247931014513597e-05,0.00011116216774098575,1.547677311464213e-05,1.1977233953075483e-05,detoxify-unbiased
1998877518246326690,0.00039822389953769743,1.2507781548265484e-06,2.4189052055589855e-05,7.951688166940585e-05,0.0001085782641894184,1.5677898772992194e-05,1.2707397218036931e-05,detoxify-unbiased
1998933442449260819,0.00047661608550697565,1.2873131254309556e-06,2.96772996080108e-05,7.016997551545501e-05,0.0001226476888405159,1.8559427189757116e-05,1.3672303794010077e-05,detoxify-unbiased
1998934646197772753,0.0009795228252187371,1.687917915660364e-06,4.5538225094787776e-05,0.00013205080176703632,0.0002270162949571386,3.3846758014988154e-05,2.244457573397085e-05,detoxify-unbiased
1998936317686661388,0.0008593753445893526,1.3383269106270745e-06,3.630304127000272e-05,0.00011154166713822633,0.00021600007312372327,1.8502911188988946e-05,1.6911799320951104e-05,detoxify-unbiased
1999217248590807173,0.0004973455215804279,1.3935377864982001e-06,2.7061791115556844e-05,9.391017374582589e-05,0.00012274537584744394,2.316793688805774e-05,1.391114892612677e-05,detoxify-unbiased
1999275287096250432,0.0005418904474936426,1.4161686294755782e-06,2.5268322133342735e-05,9.424702875548974e-05,0.00013648108870256692,2.627098911034409e-05,1.5788162272656336e-05,detoxify-unbiased
1999277470177001698,0.00045276148011907935,1.7769538089851267e-06,2.790006692521274e-05,0.00010914995073108003,0.00011283148342045024,2.1218187612248585e-05,1.616089684830513e-05,detoxify-unbiased
1999277752122229135,0.0011735041625797749,1.5954238961057854e-06,6.106892396928743e-05,0.00011934372741961852,0.00034092023270204663,2.167189995816443e-05,2.048038732027635e-05,detoxify-unbiased
1999279049152102442,0.00039701093919575214,1.267285142603214e-06,2.455188223393634e-05,7.913593435660005e-05,0.0001084888499462977,1.7235613995580934e-05,1.1872517461597454e-05,detoxify-unbiased
1999489445238550755,0.00042031228076666594,1.3265639609016944e-06,2.6850613721762784e-05,7.43573546060361e-05,0.00011735820589819923,2.1121544705238193e-05,1.3489867342286743e-05,detoxify-unbiased
1999492146877845991,0.000596092373598367,1.39923065489711e-06,2.4215225494117476e-05,0.00018939551955554634,0.00013243022840470076,1.767070898495149e-05,1.4152467883832287e-05,detoxify-unbiased
1999492330026344692,0.000982835772447288,1.4957121265979367e-06,5.629990482702851e-05,7.98062319518067e-05,0.00022676904336549342,1.8976872524945065e-05,1.9795990738202818e-05,detoxify-unbiased
1999605090483650723,0.00043876562267541885,1.332254100816499e-06,2.609727016533725e-05,9.672271698946133e-05,0.00010914349695667624,1.7197458873852156e-05,1.2814294677809812e-05,detoxify-unbiased
1999606305598701871,0.00045560463331639767,1.2879825135314604e-06,2.5711284251883626e-05,7.759824075037614e-05,0.00011531979544088244,1.9852535842801444e-05,1.3996635061630514e-05,detoxify-unbiased
1999962226564677672,0.002686847699806094,1.2830141713493504e-05,0.0001430904376320541,0.0008424308034591377,0.00042058780672959983,2.5760762582649477e-05,0.00013550606672652066,detoxify-unbiased
1999986103437152529,0.00044582801638171077,1.2177569033156033e-06,2.704561484279111e-05,8.054792851908132e-05,0.00011962742428295314,1.5250117030518595e-05,1.1801693290180992e-05,detoxify-unbiased
1999986971448361078,0.48163262009620667,0.00022911859559826553,0.00940211582928896,0.0062752291560173035,0.015573563054203987,0.0008778541814535856,0.5186165571212769,detoxify-unbiased
1999987356200296746,0.0005597181152552366,1.1750545354516362e-06,2.462278825987596e-05,8.902267290977761e-05,0.0001458094484405592,1.91382769116899e-05,1.2598148714459967e-05,detoxify-unbiased
1999988434920788409,0.0006531242979690433,1.5374239410448354e-06,3.0653282010462135e-05,9.680639777798206e-05,0.00014443218242377043,3.894878682331182e-05,1.4375332284544129e-05,detoxify-unbiased
2000213691082416509,0.0017410183791071177,1.6937922282522777e-06,2.9170216294005513e-05,0.0007416706066578627,0.0003035169211216271,3.5442706575850025e-05,1.77639758476289e-05,detoxify-unbiased
2000215508356935772,0.0004306863993406296,1.4100584166953922e-06,2.9171662390581332e-05,7.596464274683967e-05,0.0001026516329147853,1.933707608259283e-05,1.3643361853610259e-05,detoxify-unbiased
2000215730717851802,0.0005138267297297716,1.4421126479646773e-06,2.899800347222481e-05,0.00012925424380227923,0.00012174022413091734,2.138967829523608e-05,1.5211713616736233e-05,detoxify-unbiased
2000216612431901061,0.000636164506431669,1.4572316331395996e-06,3.345132790855132e-05,0.00010298145207343623,0.00014646523050032556,2.5308210751973093e-05,1.670878191362135e-05,detoxify-unbiased
2000217211797897587,0.0004830686084460467,1.381490960739029e-06,2.1712570742238313e-05,9.891333320410922e-05,0.00011899475794052705,2.5359890059917234e-05,1.4682389519293793e-05,detoxify-unbiased
2000220023445463342,0.002953809220343828,9.369718100060709e-06,0.00011983087460976094,0.0023934883065521717,0.0005437766667455435,5.946141391177662e-05,6.163614307297394e-05,detoxify-unbiased
2000580170315350045,0.0009317389922216535,1.712890480121132e-06,5.95431229157839e-05,0.0002179796138079837,0.0002613791439216584,2.5841050955932587e-05,1.541096753499005e-05,detoxify-unbiased
2000580391023858056,0.0012998118763789535,2.5839444788289256e-06,8.1755752034951e-05,0.0004975460469722748,0.0002783136733341962,3.867685154546052e-05,1.9549024727893993e-05,detoxify-unbiased
2000667954162151849,0.0011322151403874159,1.8255614122608677e-06,3.5463297535898164e-05,0.0004053044249303639,0.00020695594139397144,2.426825994916726e-05,2.0022725948365405e-05,detoxify-unbiased
2000692204486950935,0.001087507582269609,2.1257267235341715e-06,4.964584150002338e-05,0.00012517042341642082,0.00019266716844867915,8.71668744366616e-05,2.5643477783887647e-05,detoxify-unbiased
2000693001501216987,0.0013327320339158177,4.037087819597218e-06,7.139157241908833e-05,0.00030286016408354044,0.0003344379656482488,2.7304380637360737e-05,5.245036300038919e-05,detoxify-unbiased
2000699616568730073,0.001272394205443561,1.7675431536190445e-06,2.2690346668241546e-05,0.0009851256618276238,0.00018927291966974735,2.4747083443799056e-05,1.61647803906817e-05,detoxify-unbiased
2000700305512493263,0.00033099070424214005,1.393998900311999e-06,2.5840654416242614e-05,6.709710578434169e-05,9.320936806034297e-05,1.581362812430598e-05,1.229416284331819e-05,detoxify-unbiased
2001046209432089027,0.01067094411700964,8.018077642191201e-05,0.0007130074081942439,0.008579103276133537,0.0011476939544081688,0.0003977180167566985,6.570235564140603e-05,detoxify-unbiased
2001063080336269389,0.0008874087361618876,1.3369862017498235e-06,2.897434023907408e-05,0.00012836989481002092,0.00021359285165090114,2.768772901617922e-05,1.5228521078824997e-05,detoxify-unbiased
2001063821046116648,0.0008414207259193063,1.549617991258856e-06,4.2313778976676986e-05,0.0001126536590163596,0.00020215334370732307,2.8165850380901247e-05,1.8669061319087632e-05,detoxify-unbiased
2001064696481206513,0.0005102087743580341,1.2398803619362297e-06,2.792010855046101e-05,7.728195487288758e-05,0.0001286422775592655,1.800289101083763e-05,1.4150738934404217e-05,detoxify-unbiased
2001069516457902540,0.0005297192838042974,1.2416210211085854e-06,2.546601535868831e-05,8.929798059398308e-05,0.00013240156113170087,2.050104012596421e-05,1.1842123058158904e-05,detoxify-unbiased
2001069959082844560,0.0006122863851487637,1.138817310675222e-06,2.5977613404393196e-05,0.00010928128904197365,0.00016085013339761645,1.5492647435166873e-05,1.3657681847689673e-05,detoxify-unbiased
2001300384887816691,0.00618608808144927,1.1919166354346089e-05,6.151564593892545e-05,0.0019492425490170717,0.0006488912622444332,9.192155266646296e-05,0.0005039406823925674,detoxify-unbiased
2001301504196513966,0.0004438543110154569,1.2689334880633396e-06,2.3885324480943382e-05,7.551381713710725e-05,0.00011504423309816048,1.882912329165265e-05,1.354168307443615e-05,detoxify-unbiased
2001309362631881024,0.00044315229752101004,2.070658638331224e-06,4.278042251826264e-05,8.507834718329832e-05,7.949193241074681e-05,1.9843999325530604e-05,1.892637556011323e-05,detoxify-unbiased
2001310074321400088,0.00044351810356602073,1.291857415708364e-06,2.6741112378658727e-05,7.966996781760827e-05,0.00011419542715884745,1.7467225916334428e-05,1.3317789125721902e-05,detoxify-unbiased
2001381773553373269,0.0006348944152705371,1.4888496480125468e-06,3.497622674331069e-05,8.566441101720557e-05,0.00014322299102786928,2.358273559366353e-05,1.4055462088435888e-05,detoxify-unbiased
2001749921104281815,0.00039538840064778924,1.1572055882425047e-06,2.629460141179152e-05,6.350729381665587e-05,0.0001180704275611788,1.5443025404238142e-05,1.1425383490859531e-05,detoxify-unbiased
2001752282904354996,0.00040642739622853696,1.4339445897348924e-06,2.9547003578045405e-05,7.777878636261448e-05,0.0001033927546814084,1.7886506611830555e-05,1.3230315744294785e-05,detoxify-unbiased
2001753415274119498,0.0008657689322717488,1.8148390381611534e-06,5.09882956976071e-05,9.658841736381873e-05,0.00022549026471097022,2.6610252461978234e-05,2.6742081900010817e-05,detoxify-unbiased
2001754653625635002,0.0008460269891656935,1.5295662478820304e-06,4.5699103793594986e-05,0.0001266734761884436,0.00019437859009485692,2.0879439034615643e-05,1.6293020962621085e-05,detoxify-unbiased
2001760487684378920,0.02588505484163761,7.253787316585658e-06,0.00018308006110601127,0.01603308878839016,0.005650477949529886,5.976258762530051e-05,8.971209899755195e-05,detoxify-unbiased
2001760845370478868,0.00038319113082252443,1.2836230780521873e-06,2.8294130970607512e-05,6.277996726566926e-05,0.00010853169078473002,1.627630990697071e-05,1.2460785910661798e-05,detoxify-unbiased
2001761514680651791,0.0004771894891746342,1.1473113090687548e-06,2.665116699063219e-05,6.426178879337385e-05,0.00013165159907657653,1.5169818652793765e-05,1.309337585553294e-05,detoxify-unbiased
2002018422255747133,0.0006318980595096946,1.4770872667213553e-06,3.554160502972081e-05,8.158154378179461e-05,0.00016116102051455528,2.2387093849829398e-05,1.5417494068969972e-05,detoxify-unbiased
2002020421793681499,0.0005196200218051672,1.3506191862688866e-06,2.438067167531699e-05,0.0001455895253457129,0.00011741305206669495,1.987117502721958e-05,1.2892179256596137e-05,detoxify-unbiased
2002024245480607794,0.000511036952957511,1.089260990738694e-06,2.8120008209953085e-05,6.489306542789564e-05,0.00015696139598730952,1.3722464245802257e-05,1.2975189747521654e-05,detoxify-unbiased
2002024451899109600,0.0004210376937408,1.3938779375166632e-06,2.7701040380634367e-05,7.582431862829253e-05,0.00010806945647345856,2.3565040464745834e-05,1.4134662706055678e-05,detoxify-unbiased
2002025204969562135,0.0005549361812882125,1.2191723044452374e-06,2.6085801437147893e-05,0.00010106496483786032,0.00014330742124002427,1.9157761926180683e-05,1.2453252566047013e-05,detoxify-unbiased
2002403360318599277,0.0007762349559925497,1.6948587244769442e-06,2.744417179201264e-05,0.00032346113584935665,0.00013414587010629475,2.317584767297376e-05,1.4286471923696809e-05,detoxify-unbiased
2002404885283668276,0.0004459289775695652,1.3608423614641652e-06,2.9523709599743597e-05,6.59750949125737e-05,0.00010991890303557739,1.7982609278988093e-05,1.5337072909460403e-05,detoxify-unbiased
2002406324080914836,0.0004169388266745955,1.2278288750167121e-06,2.7567877623368986e-05,6.266435229917988e-05,0.00011974565859418362,1.5672276276745833e-05,1.2724010957754217e-05,detoxify-unbiased
2002408089895436378,0.0004267863987479359,1.1852660009026295e-06,2.6298061129637063e-05,7.02268080203794e-05,0.00012616477033589035,1.3962865523353685e-05,1.1724916475941427e-05,detoxify-unbiased
2002410330878587050,0.0005260324105620384,1.5555569916614331e-06,3.7273086491040885e-05,0.0001086482880054973,0.00012097854050807655,1.73247026395984e-05,1.6351828890037723e-05,detoxify-unbiased
2002830343628271699,0.0012242740485817194,2.053232265097904e-06,4.483823795453645e-05,0.00014445367560256273,0.00019025980145670474,9.522376785753295e-05,2.2415269995690323e-05,detoxify-unbiased
2002842917761687695,0.019990500062704086,1.5772946426295675e-05,0.00020584443700499833,0.009406380355358124,0.0024859088007360697,0.00015845827874727547,9.413997031515464e-05,detoxify-unbiased
2002846023262032032,0.0004946124390698969,1.5908931345620658e-06,3.594257577788085e-05,7.47320445952937e-05,0.00010249680053675547,1.8252329027745873e-05,1.724988760543056e-05,detoxify-unbiased
2002846256251416900,0.00047431731945835054,1.1322655382173252e-06,2.7773836336564273e-05,6.75404371577315e-05,0.00014053142513148487,1.543173311802093e-05,1.1586329492274672e-05,detoxify-unbiased
2002847619681239318,0.00034355814568698406,1.2826466218029964e-06,2.3307349692913704e-05,7.098432979546487e-05,9.756512736203149e-05,1.6206719010369852e-05,1.1940351214434486e-05,detoxify-unbiased
2003103009211928658,0.0004885023226961493,1.3416240562946768e-06,2.7401805709814653e-05,8.094323857221752e-05,0.00012360690743662417,1.9926186723751016e-05,1.3490176570485346e-05,detoxify-unbiased
2003103814367264838,0.0005091618513688445,1.1647988458207692e-06,2.658402627275791e-05,7.62031995691359e-05,0.00013718147238250822,1.6131085430970415e-05,1.271280325454427e-05,detoxify-unbiased
2003104392065556759,0.0004760877345688641,1.3313497220224235e-06,3.1195158953778446e-05,7.588008156744763e-05,0.0001279868301935494,1.9806300770142116e-05,1.621789670025464e-05,detoxify-unbiased
2003105335448363374,0.00048685085494071245,1.345967120869318e-06,2.970649438793771e-05,7.141765672713518e-05,0.0001227343745995313,1.9673019778565504e-05,1.5730240193079226e-05,detoxify-unbiased
2003105556148429199,0.0004656600649468601,1.335402316726686e-06,2.6223782697343268e-05,0.00010947820555884391,0.00010996010678354651,1.7503076378488913e-05,1.2558803064166568e-05,detoxify-unbiased
2003474561224892604,0.0004028333933092654,1.5381336879727314e-06,3.1323703296948224e-05,8.924800204113126e-05,9.195950406137854e-05,1.721999069559388e-05,1.449930186936399e-05,detoxify-unbiased
2003476122692989405,0.0005238805897533894,1.4098378642302123e-06,3.930984530597925e-05,8.042482659220695e-05,0.00014520146942231804,1.6016319932532497e-05,1.4789641682000365e-05,detoxify-unbiased
2003478294872629321,0.0005336814210750163,1.48576179981319e-06,3.6884946894133464e-05,7.812854164512828e-05,0.00013010500697419047,2.3111269911169074e-05,1.654653351579327e-05,detoxify-unbiased
2003479225676816449,0.0005535038071684539,1.3488185004462139e-06,4.0701681427890435e-05,7.186876609921455e-05,0.0001500749058322981,1.5624702427885495e-05,1.4397531231225003e-05,detoxify-unbiased
2003603295068209380,0.014966440387070179,5.20911235071253e-05,0.0003644620010163635,0.014339045621454716,0.001236809534020722,0.0002091912174364552,0.0002855552302207798,detoxify-unbiased
2003946600725393554,0.0006132182315923274,1.6852848148118937e-06,3.661421578726731e-05,7.655156514374539e-05,0.0001288153580389917,3.653591193142347e-05,2.0699519154732116e-05,detoxify-unbiased
2003948887380197465,0.0004842145135626197,1.2107693692087196e-06,2.8356824259390123e-05,7.975898188306019e-05,0.0001318629365414381,1.855452501331456e-05,1.3626198779093102e-05,detoxify-unbiased
2003971052590797083,0.00047419816837646067,1.2419170616340125e-06,2.8684482458629645e-05,7.35150242689997e-05,0.00012577042798511684,1.641521703277249e-05,1.4120408195594791e-05,detoxify-unbiased
2003971510575173977,0.0018600684124976397,8.124313353619073e-06,0.00010806027421494946,0.0004320855950936675,0.00035762920742854476,2.055970071523916e-05,8.020111999940127e-05,detoxify-unbiased
2003971782143848800,0.0030399933457374573,1.1879563317052089e-05,6.20556456851773e-05,0.0003104971256107092,0.0007548648281954229,0.00024682635557837784,7.976726919878274e-05,detoxify-unbiased
2003972088030183446,0.002655014395713806,7.405656106129754e-06,7.123081013560295e-05,0.0015309834852814674,0.000395076785935089,3.3663436624919996e-05,5.316139504429884e-05,detoxify-unbiased
2004201645261955095,0.0004776481946464628,1.4223907101040822e-06,2.690964720386546e-05,7.765953341731802e-05,0.00011409997387090698,2.185756056860555e-05,1.5430585335707292e-05,detoxify-unbiased
2004202347333833166,0.0004076601762790233,1.272481767955469e-06,2.4882183424779214e-05,7.74874715716578e-05,0.00011071711196564138,1.7082173144444823e-05,1.2683741260843817e-05,detoxify-unbiased
2004203901432578107,0.015274197794497013,1.2847993275499903e-05,0.0001502123341197148,0.009743154980242252,0.0017502859700471163,0.00010771018423838541,8.587698539486155e-05,detoxify-unbiased
2004206716456468793,0.0005086634191684425,1.4717973044753307e-06,3.503224070300348e-05,8.332994912052527e-05,0.00011334336886648089,2.274526923429221e-05,1.51454178194399e-05,detoxify-unbiased
2004207099249594372,0.0007129227742552757,2.275663746331702e-06,5.726442759623751e-05,0.00028854975244030356,0.00014668716175947338,1.8958855434902944e-05,1.6611165847280063e-05,detoxify-unbiased
2004569280570921000,0.0006013339734636247,1.3360737511902698e-06,2.6320140023017302e-05,9.24020932870917e-05,0.00014989441842772067,2.6802974389283918e-05,1.60852159751812e-05,detoxify-unbiased
2004569526101295565,0.0005682578776031733,1.5724695003882516e-06,2.6128549507120624e-05,0.0001429638941772282,0.0001301324082305655,3.380659836693667e-05,1.6094822058221325e-05,detoxify-unbiased
2004695367787373051,0.00041572871850803494,1.224096763507987e-06,2.6683694159146398e-05,6.864775059511885e-05,0.00011293598799966276,1.6626207070657983e-05,1.3199917702877428e-05,detoxify-unbiased
2004699759458607307,0.0007000836776569486,1.2057466847181786e-06,4.3032348912674934e-05,6.62048114463687e-05,0.0002216271823272109,1.46504853546503e-05,1.4178566743794363e-05,detoxify-unbiased
2004700167463727506,0.0012936359271407127,1.8367853726886096e-06,4.5417178625939414e-05,0.00017228498472832143,0.00033957164851017296,4.753246685140766e-05,2.359569407417439e-05,detoxify-unbiased
2004979009336017106,0.004140930715948343,5.239127858658321e-05,0.00038752693217247725,0.002781465882435441,0.0008061850094236434,8.804353274172172e-05,5.6728134950390086e-05,detoxify-unbiased
2004979227045539986,0.0014174147509038448,1.5883628066148958e-06,4.455177622730844e-05,0.00011837028432637453,0.000277571176411584,2.7080095605924726e-05,2.421183125989046e-05,detoxify-unbiased
2004980548293308818,0.0003903070464730263,1.4833550494586234e-06,2.9255963454488665e-05,7.47997110011056e-05,9.976321598514915e-05,1.9776725821429864e-05,1.3580922313849442e-05,detoxify-unbiased
2004984021244088567,0.0013481676578521729,2.69612746706116e-06,4.866555173066445e-05,0.0001338962756562978,0.00018385380099061877,0.00019377365242689848,2.8750155252055265e-05,detoxify-unbiased
2004985847137870036,0.00562093174085021,3.565907718439121e-06,0.0001795310527086258,0.0003185022796969861,0.0013261669082567096,0.0001502871309639886,5.654299820889719e-05,detoxify-unbiased
2005401841878614356,0.00913207232952118,3.126974115730263e-05,0.0001858555624494329,0.0006209497223608196,0.002518831519410014,0.00042012700578197837,0.00021502032177522779,detoxify-unbiased
2005430299459551600,0.0003952283877879381,1.5214554878184572e-06,2.72035085799871e-05,8.107278699753806e-05,9.621996287023649e-05,2.0229957954143174e-05,1.5004444321675692e-05,detoxify-unbiased
2005432707027767669,0.0011088759638369083,1.6490107555000577e-06,5.749424599343911e-05,0.00011509008618304506,0.0003188386035617441,2.854354534065351e-05,2.1416417439468205e-05,detoxify-unbiased
2005433815322247288,0.0003950724785681814,1.2378542351143551e-06,2.6514375349506736e-05,6.875743565615267e-05,0.00010886555537581444,1.650393460295163e-05,1.2275677363504656e-05,detoxify-unbiased
2005434270580380142,0.0006339756073430181,1.3708539654544438e-06,2.6846975742955692e-05,0.00012217703624628484,0.00015349197201430798,2.4255510652437806e-05,1.3413718079391401e-05,detoxify-unbiased
2005744588682674545,0.0007538526551797986,1.3851413314114325e-06,2.7854259315063246e-05,0.00012430379865691066,0.0001801306934794411,3.3101532608270645e-05,1.66200079547707e-05,detoxify-unbiased
2005744778848157774,0.00039485294837504625,1.4685055020891014e-06,2.83580429822905e-05,7.930544961709529e-05,9.613065049052238e-05,1.817435804696288e-05,1.3256864804134239e-05,detoxify-unbiased
2005747980159140209,0.00044041164801456034,1.2218866913826787e-06,2.6376123059890233e-05,8.2825543358922e-05,0.00011881493992405012,1.7287304217461497e-05,1.1268673006270546e-05,detoxify-unbiased
2005748830487109996,0.00035430004936642945,1.354104142592405e-06,2.9137601813999936e-05,7.180950342444703e-05,9.84356229309924e-05,1.6212763512157835e-05,1.3003977983316872e-05,detoxify-unbiased
2005749364371644814,0.001117049716413021,1.2665663007283001e-06,4.071833973284811e-05,9.076300193555653e-05,0.0002877961378544569,2.1715946786571294e-05,1.7819867935031652e-05,detoxify-unbiased
2005997355800117456,0.0021457390394061804,1.4188697605277412e-05,0.00013598005170933902,0.0012478319695219398,0.00036111552617512643,4.117810385650955e-05,4.098300632904284e-05,detoxify-unbiased
2006002070550163827,0.004554595798254013,7.027536412351765e-06,6.877828855067492e-05,0.0018380177207291126,0.0006370606715790927,9.918829164234921e-05,3.617127731558867e-05,detoxify-unbiased
2006003698921521177,0.004447537008672953,2.8802039651054656e-06,8.582557347835973e-05,0.000591826275922358,0.0007540585356764495,6.622773798881099e-05,2.844102527888026e-05,detoxify-unbiased
2006004055533842879,0.008092543110251427,5.419366789283231e-05,0.00025855479179881513,0.0008076648227870464,0.003008875297382474,0.0003431592776905745,0.0002128369960701093,detoxify-unbiased
2006004354973610471,0.0004715322866104543,1.256374389413395e-06,2.953136936412193e-05,6.783846765756607e-05,0.00012660537322517484,1.735264595481567e-05,1.4298766473075375e-05,detoxify-unbiased
2006348282801328187,0.001971045508980751,3.5388325159146916e-06,5.8150912082055584e-05,0.0005440791719593108,0.00020207105262670666,0.00015459951828233898,3.2089039450511336e-05,detoxify-unbiased
2006350134334914821,0.0006079924642108381,1.6839625232023536e-06,4.3771127820946276e-05,9.118314483202994e-05,0.0001419333420926705,2.642277286213357e-05,1.8936920241685584e-05,detoxify-unbiased
2006350420495507687,0.0006718346267007291,1.1881371619892889e-06,3.217757330276072e-05,7.114629988791421e-05,0.00018630728300195187,1.867310311354231e-05,1.5402620192617178e-05,detoxify-unbiased
2006351697593929972,0.001130473567172885,1.7893695485327044e-06,3.999711407232098e-05,0.00011578445264603943,0.00021015622769482434,6.0744016082026064e-05,2.0671386664616875e-05,detoxify-unbiased
2006353151549440057,0.0004906305111944675,1.854881020335597e-06,2.887399386963807e-05,0.0001148586452472955,0.00011355248716427013,3.24715583701618e-05,1.5455532775376923e-05,detoxify-unbiased
2006731341262475676,0.0004675160744227469,1.2877908375230618e-06,3.007170744240284e-05,6.035628393874504e-05,0.0001305533805862069,1.7434722394682467e-05,1.4240521522879135e-05,detoxify-unbiased
2006731624562446604,0.0005171227967366576,1.3618395087178214e-06,2.9117882149876095e-05,8.388382411794737e-05,0.00014023132098373026,2.197433241235558e-05,1.4499330063699745e-05,detoxify-unbiased
2006731994558840882,0.0008773804293014109,1.207358764077071e-06,3.330408071633428e-05,8.625846385257319e-05,0.0002272196434205398,2.25192925427109e-05,1.5017785699455999e-05,detoxify-unbiased
2006732731384840373,0.00037359772250056267,1.2654458032557159e-06,2.6766525479615666e-05,6.677170313196257e-05,0.00010670414485502988,1.5938474462018348e-05,1.1904830898856744e-05,detoxify-unbiased
2006735533775454432,0.001050661550834775,1.436561660739244e-06,4.3166295654373243e-05,0.0001007643440971151,0.00022562277445103973,2.1837893655174412e-05,1.8801454643835314e-05,detoxify-unbiased
2007073425894895826,0.0019414047710597515,2.8453785034798784e-06,0.00010380500316387042,0.0002868989249691367,0.0005555874085985124,2.7304507966618985e-05,0.00011645468475762755,detoxify-unbiased
2007073686478569700,0.0005231001414358616,1.0697025345507427e-06,3.186435787938535e-05,6.279811350395903e-05,0.00017281097825616598,1.3603229490399826e-05,1.2118022823415231e-05,detoxify-unbiased
2007076618758414812,0.0003849464119412005,1.3858548300049733e-06,2.883766865124926e-05,7.323340105358511e-05,0.00010162964463233948,1.756536221364513e-05,1.2662565495702438e-05,detoxify-unbiased
2007078036340973987,0.0003972651611547917,1.4440751101574278e-06,2.8798725907108746e-05,7.342016760958359e-05,0.00010121020022779703,1.9614308257587254e-05,1.4023275980434846e-05,detoxify-unbiased
2007079694827393360,0.017291229218244553,9.700840746518224e-05,0.0006967447698116302,0.011954393237829208,0.0025034344289451838,0.000474911998026073,0.0003369229380041361,detoxify-unbiased
2007448902157369737,0.00045503885485231876,1.247264208359411e-06,2.2723868823959492e-05,8.285690273623914e-05,0.00011497140803840011,1.973721373360604e-05,1.2238365343364421e-05,detoxify-unbiased
2007693748768010632,0.0004379289166536182,1.3205810773797566e-06,2.2279917175183073e-05,9.799711551750079e-05,0.00011014617484761402,1.922318733704742e-05,1.4835949514235836e-05,detoxify-unbiased
2007698523442098219,0.0004235298838466406,1.3454756526698475e-06,2.798031891870778e-05,7.166386058088392e-05,0.0001064225725713186,1.7254924387088977e-05,1.2365255315671675e-05,detoxify-unbiased
2007700620644409753,0.0009382733842357993,1.3424930784822209e-06,3.30510301864706e-05,0.00010392326657893136,0.00022150612494442612,2.7777970899478532e-05,1.4969456060498487e-05,detoxify-unbiased
2007701161789227501,0.0005000982200726867,1.2899038210889557e-06,3.093950726906769e-05,7.778027065796778e-05,0.00013223425776232034,1.8871422071242705e-05,1.218902525579324e-05,detoxify-unbiased
2007850298056843719,0.0008076044032350183,1.9442861685092794e-06,3.255142655689269e-05,0.00015592183626722544,0.00017442837997805327,4.1431492718402296e-05,2.0711881006718613e-05,detoxify-unbiased
2007850855286931940,0.0005165787297300994,1.235229206031363e-06,2.8485894290497527e-05,7.971290324348956e-05,0.00013611899339593947,2.096001844620332e-05,1.2766819963871967e-05,detoxify-unbiased
2007851650887614704,0.00038908497663214803,1.2087573395547224e-06,2.6472838726476766e-05,6.59233337501064e-05,0.00011394232569728047,1.5641056961612776e-05,1.1733843166439328e-05,detoxify-unbiased
2007854421917536485,0.0004035609890706837,1.3788860542263137e-06,2.7756466806749813e-05,8.322425128426403e-05,0.00010228863538941368,1.884583070932422e-05,1.269797303393716e-05,detoxify-unbiased
2007856783772021012,0.0007655636291019619,1.5091203522388241e-06,3.2011834264267236e-05,0.00011195555271115154,0.00019585333939176053,2.5439219825784676e-05,2.0928220692439936e-05,detoxify-unbiased
2008179377926750434,0.00047060949145816267,1.308342575612187e-06,2.7651632990455255e-05,8.125435851980001e-05,0.00012165610678493977,1.9814498955383897e-05,1.2948118637723383e-05,detoxify-unbiased
2008179627005509923,0.0005061947158537805,1.2629333241420682e-06,3.254422335885465e-05,8.33251906442456e-05,0.00013890315312892199,1.7006996131385677e-05,1.276131752092624e-05,detoxify-unbiased
2008183935142883822,0.0006516863941214979,1.591982595527952e-06,2.7303960450808518e-05,0.00018533454567659646,0.000155517365783453,1.6961190340225585e-05,2.3141132260207087e-05,detoxify-unbiased
2008184344662208817,0.0005563704180531204,1.2034582823616802e-06,2.7674610464600846e-05,8.17437467048876e-05,0.00014814891619607806,1.915489337989129e-05,1.5104971680557355e-05,detoxify-unbiased
2008185604882772345,0.0004280060238670558,1.2197443766126526e-06,2.585744186944794e-05,8.370434807147831e-05,0.00011514849029481411,1.5059263205330353e-05,1.1390722647774965e-05,detoxify-unbiased
2008554500567470406,0.00042441984987817705,1.2485149909480242e-06,2.736777787504252e-05,8.263494237326086e-05,0.00011388507118681446,1.6028712707338855e-05,1.161617910838686e-05,detoxify-unbiased
2008556163906891792,0.0007281926809810102,1.4049858236830914e-06,4.621739572030492e-05,6.514212145702913e-05,0.00020468852017074823,1.928948040585965e-05,2.75006314041093e-05,detoxify-unbiased
2008556597484703961,0.0005273414426483214,1.2814593901566695e-06,3.254341572755948e-05,7.160074892453849e-05,0.00013598264195024967,1.6871832485776395e-05,1.4310633559944108e-05,detoxify-unbiased
2008557603006091397,0.0005721405032090843,1.2882957207693835e-06,3.183277294738218e-05,7.989258301677182e-05,0.00014015632041264325,1.661837632127572e-05,1.3574007425631862e-05,detoxify-unbiased
2008734651146264724,0.0007020559860393405,1.6689373296685517e-06,3.130909681203775e-05,0.00022332242224365473,0.00013433711137622595,3.018752977368422e-05,1.853788307926152e-05,detoxify-unbiased
2008735005070032989,0.0003903228498529643,1.2898237855551997e-06,2.2624166376772337e-05,8.177431300282478e-05,0.00010630156612023711,1.6467509340145625e-05,1.2954194971825927e-05,detoxify-unbiased
2008735313384952263,0.0004905428504571319,1.1509179103086353e-06,2.7428055545897223e-05,5.981726280879229e-05,0.00014261314936447889,1.5755536878714338e-05,1.2986628462385852e-05,detoxify-unbiased
2008736613912707161,0.0004544164112303406,1.2687653452303493e-06,2.9832543077645823e-05,6.340302934404463e-05,0.00012523059558589011,1.6108304407680407e-05,1.3144670447218232e-05,detoxify-unbiased
2008768174993375701,0.0005947721074335277,1.3177163964428473e-06,3.729111631400883e-05,7.579995144624263e-05,0.00016740050341468304,1.8776709111989476e-05,1.3618429875350557e-05,detoxify-unbiased
2008768481940942975,0.0004997200448997319,1.0932634495475213e-06,2.459755887684878e-05,6.747619045199826e-05,0.00014593629748560488,1.5833018551347777e-05,1.1282415471214335e-05,detoxify-unbiased
2008768847227105424,0.0008525332668796182,1.2819214134651702e-06,3.259171353420243e-05,9.59383396548219e-05,0.0002086464228341356,2.6198158593615517e-05,1.2733917174045928e-05,detoxify-unbiased
2008769838492041587,0.0003709949378389865,1.2884272564406274e-06,2.6134628569707274e-05,7.233562064357102e-05,0.00010573957115411758,1.669342782406602e-05,1.1787948096753098e-05,detoxify-unbiased
2008770112594034843,0.0004420808400027454,1.2568943930091336e-06,2.892574957513716e-05,6.345383735606447e-05,0.00012861321738455445,1.731388329062611e-05,1.5656965842936188e-05,detoxify-unbiased
2008914177633493212,0.00037724661524407566,1.2794214399036719e-06,2.4504048269591294e-05,7.686442404519767e-05,0.00010491468856344,1.7022637621266767e-05,1.2217630683153402e-05,detoxify-unbiased
2008916802928103749,0.0006017163395881653,1.3455050975608174e-06,3.462305903667584e-05,8.867360884323716e-05,0.00015842352877371013,1.8840546545106918e-05,1.2839052942581475e-05,detoxify-unbiased
2008919325487358268,0.0005461119581013918,1.5170147662502131e-06,2.6009936846094206e-05,0.00010282366565661505,0.00012219870404805988,2.4294122340506874e-05,1.7591515643289313e-05,detoxify-unbiased
2008920604934594837,0.0006015084800310433,1.5341826156145544e-06,4.221901690470986e-05,8.018795779207721e-05,0.00012976155267097056,1.8338923837291077e-05,1.7090760593418963e-05,detoxify-unbiased
2008923276471386366,0.000399605865823105,1.2729466334349127e-06,2.543293703638483e-05,8.05314994067885e-05,0.00010690764611354098,1.789804082363844e-05,1.1871386050188448e-05,detoxify-unbiased
2009465432562966801,0.0004199612303636968,1.315150257141795e-06,2.494731052138377e-05,7.329355139518157e-05,0.00011109349725302309,1.9762961528613232e-05,1.3006012522964738e-05,detoxify-unbiased
2009472117142602152,0.002395416609942913,2.4460130589432083e-05,0.00011364207603037357,0.002526376163586974,0.000570677628275007,0.00010129797010449693,0.0009156460291706026,detoxify-unbiased
2009631370503463164,0.00039999649743549526,2.1155601643840782e-06,3.469435250735842e-05,8.374722528969869e-05,0.00011747263488359749,1.6489162590005435e-05,1.7738380847731605e-05,detoxify-unbiased
2010011572203037170,0.001547467545606196,2.04494290301227e-06,8.429180161328986e-05,0.0001504042447777465,0.0003713509358931333,3.007554914802313e-05,2.9392043870757334e-05,detoxify-unbiased
2011448880206876853,0.00040252573671750724,1.2752115026160027e-06,2.6087167498189956e-05,7.803710468579084e-05,0.00010804750490933657,1.681731009739451e-05,1.254656945093302e-05,detoxify-unbiased
2011831965276639456,0.0003656577900983393,1.385739778925199e-06,2.4162422050721943e-05,7.75745720602572e-05,9.649258572608232e-05,1.789198358892463e-05,1.3613884220831096e-05,detoxify-unbiased
2012213469274136955,0.000934530165977776,1.96696828425047e-06,2.53020589298103e-05,0.00016583861724939197,0.00016963979578576982,7.715044921496883e-05,2.4889683118090034e-05,detoxify-unbiased
1984621633445753088,0.00042811455205082893,1.229912527378474e-06,2.607353962957859e-05,7.645110599696636e-05,0.00011644591722870246,1.751994204823859e-05,1.271716882911278e-05,detoxify-unbiased
1984623638247522486,0.0008393375319428742,1.6651185887894826e-06,4.94423475174699e-05,0.00010781140736071393,0.00020820723148062825,3.0855178920319304e-05,3.1581261282553896e-05,detoxify-unbiased
1984625080526106841,0.0005427234573289752,1.2666109796555247e-06,2.8581160222529434e-05,8.909384632715955e-05,0.0001448220427846536,1.991674434975721e-05,1.4185464351612609e-05,detoxify-unbiased
1984625900822876378,0.01840990222990513,8.049648749874905e-05,0.0009653064771555364,0.013282133266329765,0.002554321428760886,0.00023352984862867743,6.770384788978845e-05,detoxify-unbiased
1984626406345572541,0.00038584816502407193,1.316509383286757e-06,2.958684490295127e-05,6.409618072211742e-05,0.00010512438166188076,1.554608934384305e-05,1.2844122466049157e-05,detoxify-unbiased
1984630000146919490,0.0004226764722261578,1.4190331967256498e-06,3.171629214193672e-05,7.397169974865392e-05,0.00010892142017837614,1.9708097170223482e-05,1.6231173503911123e-05,detoxify-unbiased
1984631369733898412,0.000915682758204639,2.6155476007261313e-06,8.39933127281256e-05,0.00010926753020612523,0.00024622815544717014,1.828808308346197e-05,4.163828998571262e-05,detoxify-unbiased
1984631726656663937,0.0017217606073245406,1.4926982885299367e-06,2.7821102776215412e-05,0.0006163947400636971,0.0003381204151082784,2.589161704236176e-05,1.6422280168626457e-05,detoxify-unbiased
1984982360044016088,0.0004333335382398218,1.3964179288450396e-06,3.266165731474757e-05,7.725042087258771e-05,0.00011631795496214181,1.8599008399178274e-05,1.4900208043400198e-05,detoxify-unbiased
1984984367056159154,0.00038974947528913617,1.3462854440149385e-06,2.4356224457733333e-05,7.142106187529862e-05,9.899590804707259e-05,1.9289351257611997e-05,1.3001995284867007e-05,detoxify-unbiased
1984984899900612669,0.028166286647319794,0.00014384216046892107,0.0010361173190176487,0.027187922969460487,0.0021228468976914883,0.000845686940010637,0.0001025882302201353,detoxify-unbiased
1984986371237302288,0.0004873116849921644,1.2606193422470824e-06,3.1488183594774455e-05,7.522962550865486e-05,0.00013802397006656975,1.9022714695893228e-05,1.4716145415150095e-05,detoxify-unbiased
1985007513880740182,0.00041134582716040313,1.2448507504814188e-06,2.5445575374760665e-05,7.235963130369782e-05,0.00011150816862937063,1.7832158846431412e-05,1.272896315640537e-05,detoxify-unbiased
1985007884623634818,0.00041333146509714425,1.2880058193331934e-06,2.795972795865964e-05,7.220943371066824e-05,0.00011465795250842348,1.7807040421757847e-05,1.2767892258125357e-05,detoxify-unbiased
1985356607413248243,0.0005106318276375532,1.5451231547558564e-06,2.5189023290295154e-05,9.381332347402349e-05,0.00012008425255771726,2.8431912141968496e-05,1.6622767361695878e-05,detoxify-unbiased
1985358942654837060,0.0004018945910502225,1.1761208043026272e-06,2.683896127564367e-05,6.855721585452557e-05,0.00012421741848811507,1.5156832887441851e-05,1.2961732863914222e-05,detoxify-unbiased
1985359477575393458,0.0009294372284784913,1.5495604657189688e-06,4.328278737375513e-05,9.770777251105756e-05,0.0002312355354661122,3.1683524866821244e-05,2.1646595996571705e-05,detoxify-unbiased
1985359759378087979,0.011224030517041683,4.311166412662715e-05,0.0002954367082566023,0.009274228475987911,0.0012104304041713476,0.00014500362158287317,0.00023066149151418358,detoxify-unbiased
1985360180582797767,0.00048684715875424445,1.9249009710620157e-06,3.3760170481400564e-05,0.00013464130461215973,0.00013258057879284024,1.916068504215218e-05,1.828843232942745e-05,detoxify-unbiased
1985368501465280599,0.0004356226709205657,1.5981938759068726e-06,3.221770384698175e-05,7.83635041443631e-05,9.342301927972585e-05,2.1701082005165517e-05,1.541969868412707e-05,detoxify-unbiased
1985450415878496511,0.000355599942849949,1.3108202665534918e-06,2.3742160919937305e-05,8.032548794290051e-05,9.569811663823202e-05,1.6026480807340704e-05,1.210053960676305e-05,detoxify-unbiased
1985455996114796988,0.0006071520037949085,1.7242894045921275e-06,3.834507515421137e-05,0.00014085150905884802,0.00013225228758528829,2.5362043743371032e-05,2.4332659450010397e-05,detoxify-unbiased
1985456895096734178,0.0004867645911872387,1.1868145293192356e-06,3.059957089135423e-05,6.654293247265741e-05,0.0001412313140463084,1.586094731464982e-05,1.1976502719335258e-05,detoxify-unbiased
1985457782686965776,0.030862750485539436,1.1427062418079004e-05,0.00017293756536673754,0.007003914564847946,0.0014257290167734027,0.0027389691676944494,9.882122685667127e-05,detoxify-unbiased
1985803727496769683,0.000766945187933743,1.6350331861758605e-06,4.191509651718661e-05,9.831281931838021e-05,0.00018714155885390937,3.1739378755446523e-05,2.3653325115446933e-05,detoxify-unbiased
1985804534635970864,0.00042040806147269905,1.312148697252269e-06,3.412581281736493e-05,6.45280524622649e-05,0.0001180176404886879,1.4539082258124836e-05,1.2636123756237794e-05,detoxify-unbiased
1985806171723223423,0.00047045337851159275,1.4338843357109e-06,3.4226981370011345e-05,7.327964704018086e-05,0.00011066159640904516,1.6328143829014152e-05,1.4003711839905009e-05,detoxify-unbiased
1985806757868757135,0.0004206483718007803,1.3579489177573123e-06,2.7019887056667358e-05,8.291689300676808e-05,0.00010539689537836239,1.928982965182513e-05,1.3724165000894573e-05,detoxify-unbiased
1985807301739999433,0.0006396188982762396,1.79848314019182e-06,4.958622230333276e-05,0.00011361033102730289,0.00017662602476775646,1.5015909411886241e-05,4.290855213184841e-05,detoxify-unbiased
1986098042122990065,0.0004016211605630815,1.3803927458866383e-06,2.7097634301753715e-05,7.305337203433737e-05,0.00010275231761625037,2.0329211110947654e-05,1.3153926374798175e-05,detoxify-unbiased
1986099867295342648,0.0004055728204548359,1.2420484836184187e-06,2.4585244318586774e-05,8.074919605860487e-05,0.00010779352305689827,1.7657164789852686e-05,1.237955530086765e-05,detoxify-unbiased
1986101332399297013,0.014835997484624386,3.917615231330274e-06,0.0008594577084295452,0.00012882002920378,0.00634279428049922,5.315916132531129e-05,9.957817383110523e-05,detoxify-unbiased
1986102096848998444,0.0004129899898543954,1.3558731097873533e-06,3.181398642482236e-05,6.514578853966668e-05,0.00011181385343661532,1.572304063301999e-05,1.389576937071979e-05,detoxify-unbiased
1986103031448907835,0.00040383171290159225,1.362153739137284e-06,2.8763866794179194e-05,6.881069566588849e-05,0.00010808387014549226,1.7820208086050116e-05,1.3079323252895847e-05,detoxify-unbiased
1986544825345171487,0.00048474394134245813,1.4746833585377317e-06,2.728360595938284e-05,0.0001324071199633181,0.0001122400863096118,2.0410352590261027e-05,1.1611991794779897e-05,detoxify-unbiased
1986546478148431937,0.0008133305818773806,1.2684919283856289e-06,3.3500269637443125e-05,0.00010304756870027632,0.00021675329480785877,2.145149301213678e-05,1.550575871078763e-05,detoxify-unbiased
1986578743825981726,0.0005253722192719579,1.1678031341944006e-06,2.8634958653128706e-05,7.861206540837884e-05,0.00014930542965885252,1.578134106239304e-05,1.1793119483627379e-05,detoxify-unbiased
1986579577267798084,0.0004123695835005492,1.1636897170319571e-06,2.6055642592837103e-05,6.243024108698592e-05,0.00011781400826293975,1.6216226867982186e-05,1.2596779924933799e-05,detoxify-unbiased
1986580916815143356,0.00044637281098403037,1.304834995607962e-06,3.030625157407485e-05,7.229189941426739e-05,0.00012364215217530727,1.816455005609896e-05,1.3536131518776529e-05,detoxify-unbiased
1986872621892313378,0.0006253606989048421,1.4231247860152507e-06,2.7142223189002834e-05,0.00015741540119051933,0.0001306029298575595,2.884545028791763e-05,1.3209941243985668e-05,detoxify-unbiased
1986873133635137728,0.0005639612209051847,1.1294064279354643e-06,2.7837637389893644e-05,7.371987885562703e-05,0.00015853520017117262,1.605471879884135e-05,1.280813739867881e-05,detoxify-unbiased
1986873421683159300,0.0004266779578756541,1.3882398661735351e-06,2.960654819617048e-05,7.363935583271086e-05,0.000108402717160061,1.8574530258774757e-05,1.4426889720198233e-05,detoxify-unbiased
1986875399339377008,0.00861527118831873,6.660210783593357e-05,0.0005806316039524972,0.008810671977698803,0.0010443649953231215,0.00022438833548221737,5.825003609061241e-05,detoxify-unbiased
1986876255694688758,0.0004983529797755182,1.575277792653651e-06,3.173356526531279e-05,8.647514914628118e-05,0.0001154373021563515,2.8976357498322614e-05,1.5997437003534287e-05,detoxify-unbiased
1987243005477093668,0.0006328554591163993,1.606394789632759e-06,2.5827746867435053e-05,0.00013993798347655684,0.00014887780707795173,2.9568876925623044e-05,1.7500855392427184e-05,detoxify-unbiased
1987246720636309564,0.0004587670264299959,1.4580476772607653e-06,2.6257963327225298e-05,0.00010708885383792222,0.00010541950905462727,2.0552310161292553e-05,1.2668943782045972e-05,detoxify-unbiased
1987249234190438730,0.0011203602189198136,6.457738436438376e-06,0.00013616352225653827,0.00019137145136483014,0.00031115912133827806,4.2442334233783185e-05,6.360978295560926e-05,detoxify-unbiased
1987251646439489862,0.0016287899343296885,3.951689905079547e-06,7.309825014090165e-05,0.000324216962326318,0.0004827222437597811,2.9419776183203794e-05,4.7839235776336864e-05,detoxify-unbiased
1987251967203172568,0.000491857121232897,1.3371291061048396e-06,3.5827935789711773e-05,6.17437981418334e-05,0.00013476191088557243,1.7813919839682057e-05,1.4683398148918059e-05,detoxify-unbiased
1987252452219871406,0.0004659253463614732,1.3881895029044244e-06,3.607874168665148e-05,6.750573083991185e-05,0.00012190635607112199,1.901324503705837e-05,1.4184895007929299e-05,detoxify-unbiased
1987551911969427568,0.00103686039801687,1.732128112053033e-06,4.032541619380936e-05,0.0001660870766500011,0.0002634286356624216,2.7887828764505684e-05,1.502970826550154e-05,detoxify-unbiased
1987552005343134181,0.00039480175473727286,1.2798290072169038e-06,2.4785700588836335e-05,7.46735604479909e-05,0.0001085660551325418,1.807052467484027e-05,1.2104856068617664e-05,detoxify-unbiased
1987552521078853710,0.004911615047603846,4.623648692358984e-06,9.524801134830341e-05,0.0002913114440161735,0.00037221290403977036,0.0013345031766220927,4.2767693230416626e-05,detoxify-unbiased
1987554021800825052,0.00038887158734723926,1.2826221791328862e-06,2.428502011753153e-05,7.15997230145149e-05,0.0001038023256114684,1.6093088561319746e-05,1.250108743988676e-05,detoxify-unbiased
1987623947710406989,0.0027669481933116913,1.4595891570934327e-06,4.500440991250798e-05,0.00023712535039521754,0.0007445644587278366,3.3903033909155056e-05,1.8116406863555312e-05,detoxify-unbiased
1987627444266799438,0.000430188694735989,1.2959740161022637e-06,2.2881220502313226e-05,9.027212217915803e-05,0.00010817667498486117,1.746461020957213e-05,1.330973918811651e-05,detoxify-unbiased
1987920477277376986,0.008248329162597656,1.7844287867774256e-05,5.4873260523891076e-05,0.008147881366312504,0.0007164783892221749,0.0001639095280552283,6.542576011270285e-05,detoxify-unbiased
1987920861618147730,0.0006925786146894097,1.7053373539965833e-06,4.7697380068711936e-05,8.234232518589124e-05,0.00012188891560072079,2.104989835061133e-05,1.951363628904801e-05,detoxify-unbiased
1987922125240304119,0.00043547985842451453,1.1264247632425395e-06,2.432623296044767e-05,7.818302401574329e-05,0.0001259677519556135,1.355831409455277e-05,1.1932975212403107e-05,detoxify-unbiased
1987922510428430419,0.0004229138430673629,1.0883824188567814e-06,3.141143679386005e-05,6.316790677374229e-05,0.00012698720092885196,1.4853192624286748e-05,1.1095600711996667e-05,detoxify-unbiased
1987923762046550184,0.0004591903416439891,1.4390296882993425e-06,2.941728052974213e-05,8.986672764876857e-05,0.0001223713916260749,2.187973223044537e-05,1.4590405044145882e-05,detoxify-unbiased
1988375897989132514,0.00041005347156897187,1.3360697721509496e-06,2.5761130018508993e-05,7.592394103994593e-05,0.00010264821321470663,2.0142828361713327e-05,1.3097646842652466e-05,detoxify-unbiased
1988380541121380742,0.0006992268608883023,1.1110339528386248e-06,2.9410517527139746e-05,7.195318175945431e-05,0.00019664541468955576,1.6799102013465017e-05,1.3652551388076972e-05,detoxify-unbiased
1988380845195792622,0.004202834330499172,3.914096851076465e-06,7.753344834782183e-05,0.00025058063329197466,0.00033050478668883443,0.0009049212676472962,4.694468589150347e-05,detoxify-unbiased
1988384409599308112,0.00046755748917348683,1.3310475424077595e-06,2.1145871869521216e-05,0.00010836488218046725,0.00010788719373522326,2.2489526600111276e-05,1.4853928405500483e-05,detoxify-unbiased
1988384863930495316,0.0006806100718677044,1.3596035159935127e-06,4.1798622987698764e-05,6.610110722249374e-05,0.00017952625057660043,1.984873233595863e-05,1.9017779777641408e-05,detoxify-unbiased
1988710791646724550,0.0003779905382543802,1.3452677194436546e-06,2.6201685614068992e-05,7.911366992630064e-05,9.987668454414234e-05,1.8477025150787085e-05,1.298246752412524e-05,detoxify-unbiased
1988711203913203713,0.0007422556518577039,1.6408924921051948e-06,3.352068961248733e-05,0.00010647738963598385,0.00015609365073032677,5.204747503739782e-05,1.7167536498163827e-05,detoxify-unbiased
1988712867588124851,0.0004040814528707415,1.4470225551121985e-06,2.883120578189846e-05,7.568157161585987e-05,0.00010239696712233126,2.118807788065169e-05,1.3159672562323976e-05,detoxify-unbiased
1988713349433934166,0.0005066834855824709,1.2917428193759406e-06,2.6336434530094266e-05,9.999256144510582e-05,0.000124168858746998,2.12590803130297e-05,1.1738208741007838e-05,detoxify-unbiased
1988714238924194080,0.00041175054502673447,1.1897915328518138e-06,2.7305784897180274e-05,6.660597864538431e-05,0.0001204104846692644,1.608886850590352e-05,1.2423006410244852e-05,detoxify-unbiased
1988715739088384209,0.00045502823195420206,1.4607616094508558e-06,2.808315730362665e-05,8.444723789580166e-05,0.00011296626325929537,1.7879548977361992e-05,1.9143260942655616e-05,detoxify-unbiased
1989032001895022636,0.004326992202550173,7.975219887157436e-06,0.00010664769069990143,0.001758370315656066,0.0007349915686063468,6.548892997670919e-05,8.540527778677642e-05,detoxify-unbiased
1989032322084045104,0.0003440148720983416,1.410073195984296e-06,2.577024861238897e-05,6.592377758352086e-05,9.193417645292357e-05,1.7013468095683493e-05,1.324604636465665e-05,detoxify-unbiased
1989033323595792393,0.0003790944174397737,1.3089402273180895e-06,2.9056605853838846e-05,6.003700400469825e-05,0.00010584408300928771,1.5150950275710784e-05,1.2636171959456988e-05,detoxify-unbiased
1989033823229665569,0.00035717643913812935,1.3849233937435201e-06,2.639227568579372e-05,7.270325295394287e-05,9.610754204913974e-05,1.6987220078590326e-05,1.2573854291986208e-05,detoxify-unbiased
1989040557201522710,0.0008133053779602051,1.186539520858787e-06,3.288455627625808e-05,8.453465852653608e-05,0.00022356231056619436,2.0178993509034626e-05,1.4546723832609132e-05,detoxify-unbiased
1989106242434879554,0.0004113401810172945,1.428520249646681e-06,2.8350877983029932e-05,6.945510540390387e-05,9.75620569079183e-05,1.6028359823394567e-05,1.497862467658706e-05,detoxify-unbiased
1989344717641834868,0.0005116154788993299,1.2904019968118519e-06,2.9690323572140187e-05,7.616142829647288e-05,0.00014394025492947549,1.8384065697318874e-05,1.3079721611575224e-05,detoxify-unbiased
1989345353515032677,0.00040555791929364204,1.443911287424271e-06,2.82784276350867e-05,8.289475954370573e-05,9.992745617637411e-05,1.8471686416887678e-05,1.3929096894571558e-05,detoxify-unbiased
1989345358393041155,0.0004220919799990952,1.4163670130074024e-06,2.874012352549471e-05,7.315620314329863e-05,9.964732453227043e-05,1.8673532395041548e-05,1.3781375855614897e-05,detoxify-unbiased
1989347795057197548,0.0004568486474454403,1.2246747473909636e-06,2.6907313440460712e-05,6.53207753202878e-05,0.0001274947280762717,1.8009244740824215e-05,1.3317941011337098e-05,detoxify-unbiased
1989348939078775265,0.00037756195524707437,1.3239163081379957e-06,2.6058178264065646e-05,6.900552398292348e-05,0.00010349810327170417,1.6899835827643983e-05,1.2997655176150147e-05,detoxify-unbiased
1989776914660114814,0.0004851267149206251,1.364544800708245e-06,3.023795215995051e-05,7.752220699330792e-05,0.00011925601575057954,2.0288131054257974e-05,1.4313390238385182e-05,detoxify-unbiased
1989779497650905437,0.0003596776514314115,1.3026082115175086e-06,2.4842211132636294e-05,6.479671719716862e-05,9.937489085132256e-05,1.5634330338798463e-05,1.2656385479203891e-05,detoxify-unbiased
1989781596459721128,0.0025233079213649035,2.9399448067124467e-06,5.384502946981229e-05,0.0002223974879598245,0.0002496432571206242,0.0003500792954582721,2.8369511710479856e-05,detoxify-unbiased
1989781872172290551,0.0004710006178356707,1.2692519248957979e-06,2.890807627409231e-05,7.643995922990143e-05,0.00012159845209680498,1.6857278751558624e-05,1.250392415386159e-05,detoxify-unbiased
1989788820800147778,0.0016095411265268922,4.933981017529732e-06,7.890565029811114e-05,0.0005101618589833379,0.00041321266326121986,3.5880697396351025e-05,0.00020021724049001932,detoxify-unbiased
1989808692288479390,0.0005938374670222402,1.3175279036659049e-06,3.561292396625504e-05,7.220626139314845e-05,0.00014964349975343794,2.056356424873229e-05,1.661360693105962e-05,detoxify-unbiased
1989821308490686574,0.00039306245162151754,1.3004321317566792e-06,2.2835312847746536e-05,8.521914423909038e-05,0.00010117778583662584,1.8240270946989767e-05,1.2574717402458191e-05,detoxify-unbiased
1990171276300710112,0.00043328769970685244,1.3836678363077226e-06,3.2266158086713403e-05,7.575673225801438e-05,0.0001149721720139496,1.8063288734992966e-05,1.456143581890501e-05,detoxify-unbiased
1990173795273867265,0.0053684343583881855,3.7706074635934783e-06,8.540519775124267e-05,0.0012574369320645928,0.0018742576939985156,4.498527050600387e-05,8.129683556035161e-05,detoxify-unbiased
1990173928744997099,0.0005787949776276946,1.3517790193873225e-06,3.804842344834469e-05,6.935563578736037e-05,0.00016102522204164416,1.516536303824978e-05,1.4366835785040166e-05,detoxify-unbiased
1990174960803782779,0.00037880652234889567,1.2727706462101196e-06,2.5687020752229728e-05,6.370709161274135e-05,0.00010306073090760037,1.5192114005913027e-05,1.3570797818829305e-05,detoxify-unbiased
1990175782849630559,0.0003986804513260722,1.423466869709955e-06,2.6266456188750453e-05,7.932360313134268e-05,0.00010539408685872331,2.047915586445015e-05,1.341635379503714e-05,detoxify-unbiased
1990176134663688339,0.000400611839722842,1.2628237300305045e-06,2.6350879124947824e-05,7.567110878881067e-05,0.00010973709868267179,1.6825011698529124e-05,1.2703932952717878e-05,detoxify-unbiased
1990176517159084428,0.000447119731688872,1.423863409399928e-06,2.9374219593591988e-05,7.522503437940031e-05,0.00011134708620375022,2.209218655480072e-05,1.359662928734906e-05,detoxify-unbiased
1990536682752413980,0.04227744787931442,3.1132301955949515e-05,0.002348116831853986,0.0006640861392952502,0.002054148120805621,0.00013179040979593992,0.03006228618323803,detoxify-unbiased
1990536749466927506,0.011153123341500759,9.355547263112385e-06,0.0002941318089142442,0.0004582716210279614,0.0006611571880057454,0.0001308151986449957,0.005117032211273909,detoxify-unbiased
1990536951812764114,0.0004351378884166479,1.4176522427078453e-06,2.84185243799584e-05,8.55769612826407e-05,0.00011054843344027176,1.948542740137782e-05,1.3437507732305676e-05,detoxify-unbiased
1990537808956596661,0.0003793527721427381,1.4112624739937019e-06,2.7830416001961567e-05,7.475278835045174e-05,0.00010379026207374409,1.6341666196240112e-05,1.4162593288347125e-05,detoxify-unbiased
1990538164734177712,0.00042547614430077374,1.2703283118753461e-06,2.6181876819464378e-05,8.088329195743427e-05,0.00011217995779588819,1.7404074242222123e-05,1.2652860277739819e-05,detoxify-unbiased
1990538690246947305,0.0004396800650283694,1.1988739743173937e-06,2.522645445424132e-05,7.348202052526176e-05,0.0001233168295584619,1.663872171775438e-05,1.2573112144309562e-05,detoxify-unbiased
1990538987044307043,0.002012319630011916,4.199768682155991e-06,7.632501365151256e-05,0.000390881032217294,0.0005669480888172984,3.8327270885929465e-05,5.474723730003461e-05,detoxify-unbiased
1990539243345571967,0.00043952142004854977,1.3657453337145853e-06,2.5156065021292306e-05,9.057935676537454e-05,0.00011025534331565723,1.963768772839103e-05,1.3740116628468968e-05,detoxify-unbiased
1990825348796199325,0.0009077234426513314,1.6952724308794132e-06,4.835412619286217e-05,9.882885933620855e-05,0.00019189676095265895,4.4759202864952385e-05,2.637327997945249e-05,detoxify-unbiased
1990827711959331128,0.0003743556735571474,1.3291119103087112e-06,2.4825538275763392e-05,7.729028584435582e-05,0.00010135875345440581,1.4878370166115928e-05,1.326316032645991e-05,detoxify-unbiased
1990885560626356649,0.0004003457725048065,1.398255449203134e-06,2.9055856430204585e-05,7.898974581621587e-05,0.00010184937855228782,1.824782339099329e-05,1.2379106919979677e-05,detoxify-unbiased
1990914928866201758,0.011528204195201397,2.846119514288148e-06,0.00039615805144421756,0.00016449211398139596,0.00661065336316824,4.587318835547194e-05,5.32174926775042e-05,detoxify-unbiased
1990915638408183816,0.000387041422072798,1.1856108130814391e-06,2.5434101189603098e-05,6.253988249227405e-05,0.00011205038754269481,1.577330840518698e-05,1.1746876225515734e-05,detoxify-unbiased
1990916557107540361,0.0003806095337495208,1.2552557109302143e-06,2.571758523117751e-05,7.268827175721526e-05,0.0001081313967006281,1.576066279085353e-05,1.1584407729969826e-05,detoxify-unbiased
1990918509484736912,0.0005974529776722193,2.084104608002235e-06,6.902099994476885e-05,9.463058086112142e-05,0.00012878944107796997,2.59165190072963e-05,2.3911785319796763e-05,detoxify-unbiased
1991152818170876075,0.04739914461970329,8.056852675508708e-05,0.000595669902395457,0.01273762434720993,0.002512843580916524,0.0016056012827903032,0.0006522471667267382,detoxify-unbiased
1991153119816765560,0.0004754757392220199,1.2780519682564773e-06,3.206983092240989e-05,7.69983817008324e-05,0.0001318445720244199,1.8382153939455748e-05,1.3754747669736389e-05,detoxify-unbiased
1991155557189701747,0.0024471774231642485,2.83653798760497e-06,0.00013459123147185892,0.0001926791010191664,0.0004492771113291383,4.176849688519724e-05,4.368985537439585e-05,detoxify-unbiased
1991155788652421447,0.0007095111650414765,1.2482518059186987e-06,3.43338142556604e-05,7.772613753331825e-05,0.00017878403014037758,1.7803322407417e-05,1.586141479492653e-05,detoxify-unbiased
1991158222716105059,0.01747697964310646,3.6271616409067065e-05,0.00027679925551638007,0.005519176367670298,0.0012471243971958756,0.0005539337289519608,0.00025255270884372294,detoxify-unbiased
1991160634658972093,0.0004314961552154273,1.3329137118489598e-06,2.9587237804662436e-05,7.520947110606357e-05,0.00011476383951958269,1.741634332574904e-05,1.3277461221150588e-05,detoxify-unbiased
1991160812434571682,0.0006252287421375513,1.4959218788135331e-06,3.30107104673516e-05,0.00013373282854445279,0.000136958624352701,2.904444409068674e-05,1.4881832612445578e-05,detoxify-unbiased
1991161301284888934,0.0010158814257010818,1.966107447515242e-06,3.999875480076298e-05,0.00027964889886789024,0.00019667054584715515,2.8998279958614148e-05,1.7243277397938073e-05,detoxify-unbiased
1991162603628838972,0.13842085003852844,7.69237449276261e-05,0.0005420141969807446,0.1233188658952713,0.004719148389995098,0.0023282929323613644,0.00021164992358535528,detoxify-unbiased
1991162864938197364,0.003862240817397833,6.730345376126934e-06,0.00017520463734399527,0.0006853306549601257,0.000301122636301443,5.410103767644614e-05,6.109833338996395e-05,detoxify-unbiased
1991163295969993028,0.0007394407875835896,2.8059173473593546e-06,5.404658440966159e-05,0.00018947281932923943,0.00011287818779237568,2.149076681234874e-05,1.8474665921530686e-05,detoxify-unbiased
1991342786457608486,0.0007425399962812662,1.3811815051667509e-06,2.5667994123068638e-05,0.0001784908672561869,0.00016018188034649938,1.9636881916085258e-05,1.2716393939626869e-05,detoxify-unbiased
1991343097070928052,0.0006547715165652335,1.2279915608814918e-06,3.4306711313547567e-05,6.302542897174135e-05,0.00018561222532298416,1.7106447558035143e-05,1.5437444744748063e-05,detoxify-unbiased
1991504672159342973,0.00037433608667925,1.255813685929752e-06,2.192852844018489e-05,7.667737372685224e-05,0.00010121030209120363,1.5462965166079812e-05,1.1895207535417285e-05,detoxify-unbiased
1991504946944938348,0.0014602169394493103,9.309125744039193e-06,6.700689118588343e-05,0.0007505173562094569,0.0004181466647423804,7.465782255167142e-05,0.00017907148867379874,detoxify-unbiased
1991521710315643344,0.0031698551028966904,3.0524352041538805e-06,0.00013110491272527725,0.0004884683294221759,0.000717044691555202,3.624641612987034e-05,2.6855810574488714e-05,detoxify-unbiased
1991524530993459416,0.002102965721860528,3.814780939137563e-06,8.412630268139765e-05,0.00030487505136989057,0.0006824755691923201,2.5994413590524346e-05,5.626319398288615e-05,detoxify-unbiased
1991525294470058464,0.0003943680494558066,1.3161001106709591e-06,2.465065335854888e-05,8.994663949124515e-05,0.00010114759061252698,1.8129023374058306e-05,1.1710545550158713e-05,detoxify-unbiased
1991589284671787167,0.0004124230763409287,1.3854041753802449e-06,2.75723486993229e-05,7.625830039614812e-05,0.0001091016674763523,1.939057074196171e-05,1.3370907254284248e-05,detoxify-unbiased
1991590397399704038,0.0004278444976080209,1.2777179563272512e-06,2.765018325590063e-05,7.265092426678166e-05,0.00011310422996757552,1.6661333575029857e-05,1.339500340691302e-05,detoxify-unbiased
1991697491486544062,0.0008158533019013703,1.0708874924603151e-06,3.423138696234673e-05,6.841177673777565e-05,0.00026549948961474,1.581082324264571e-05,1.3159922673366964e-05,detoxify-unbiased
1991875979787047097,0.00036666454980149865,1.3010821930947714e-06,2.3755457732477225e-05,7.834676216589287e-05,0.000101548655948136,1.5326881111832336e-05,1.2174945368315093e-05,detoxify-unbiased
1991876373212795344,0.0008802773663774133,1.1543507980604772e-06,3.4179032809333876e-05,8.54296304169111e-05,0.0002749601553659886,1.805829379009083e-05,1.4447513422055636e-05,detoxify-unbiased
1991877925268803777,0.0004148990847170353,1.3088567811792018e-06,2.4164335627574474e-05,8.711509872227907e-05,0.00010605189891066402,1.8178448954131454e-05,1.1947254279220942e-05,detoxify-unbiased
1991878132479975783,0.0017422304954379797,1.4238579524317174e-06,6.0847265558550134e-05,9.346873412141576e-05,0.0004750783846247941,1.8698283383855596e-05,2.6609694032231346e-05,detoxify-unbiased
1991878317696299368,0.0006860517314635217,1.4834428156973445e-06,3.1417308491654694e-05,0.00012616549793165177,0.00015789840836077929,2.4972563551273197e-05,1.4756928067072295e-05,detoxify-unbiased
1991878699868713173,0.0004940208746120334,1.3341091289476026e-06,2.6312483896617778e-05,0.00010389473027316853,0.00011948378960369155,2.130070424755104e-05,1.3547522939916234e-05,detoxify-unbiased
1991879844049658086,0.0003956749278586358,1.3335277344594942e-06,2.3899930965853855e-05,7.991993334144354e-05,0.00010487347026355565,2.0648651116061956e-05,1.2715810953523032e-05,detoxify-unbiased
1991880885700858157,0.0018562355544418097,6.7165206019126344e-06,0.00010923793161055073,0.0002758344926405698,0.0004146936407778412,0.00011426873970776796,6.760720134479925e-05,detoxify-unbiased
1991881402661458035,0.0008235085406340659,1.954210802068701e-06,4.0337643440579996e-05,0.00021408830070868134,0.0001766856585163623,3.357174864504486e-05,2.448055056447629e-05,detoxify-unbiased
1992261187350745236,0.00038747501093894243,1.4836620039204718e-06,3.0403081836993806e-05,7.154641934903339e-05,9.562970080878586e-05,1.7587757611181587e-05,1.4195777112036012e-05,detoxify-unbiased
1992261571725131989,0.000380838755518198,1.4055902965992573e-06,2.310381933057215e-05,8.24494200060144e-05,0.00010146018757950515,1.943144525284879e-05,1.3873365787731018e-05,detoxify-unbiased
1992261858137362703,0.0007612902554683387,1.7233506923730602e-06,5.904857607674785e-05,0.00010686401947168633,0.0002267206145916134,3.464680412434973e-05,1.4743958672625013e-05,detoxify-unbiased
1992262263219081310,0.010773580521345139,2.547378790040966e-05,9.57470474531874e-05,0.011092436499893665,0.000926893437281251,0.00017418387869838625,8.265150245279074e-05,detoxify-unbiased
1992262935658279379,0.0006331987679004669,1.4044605904928176e-06,2.8048954845871776e-05,0.00013790978118777275,0.0001306964986724779,2.0626372133847326e-05,1.6438229067716748e-05,detoxify-unbiased
1992355150845866051,0.00039345514960587025,1.3006728067921358e-06,2.654607487784233e-05,7.792311225784943e-05,0.0001045679091475904,1.7893073163577355e-05,1.2060791959811468e-05,detoxify-unbiased
1992356060846256432,0.0004154648631811142,1.672873167990474e-06,3.082700277445838e-05,0.00012329236778896302,9.766928997123614e-05,1.5952646208461374e-05,1.379128843836952e-05,detoxify-unbiased
1992356154853228796,0.00037373718805611134,1.4250547337724129e-06,2.9058574000373483e-05,6.774828216293827e-05,9.535215212963521e-05,1.7115078662754968e-05,1.4019291484146379e-05,detoxify-unbiased
1992356387209224471,0.00037124985828995705,1.5061411886563292e-06,2.6208032068097964e-05,7.902582729002461e-05,8.974110096460208e-05,1.7582089640200138e-05,1.4803866179136094e-05,detoxify-unbiased
1992357844666990840,0.0005300276097841561,2.4735329589020694e-06,3.3345619158353657e-05,0.00021405055304057896,0.00010158469376619905,1.8869262930820696e-05,2.2203666958375834e-05,detoxify-unbiased
1992358135701364980,0.00038287602365016937,1.2855649629273103e-06,2.8582224331330508e-05,6.074655902921222e-05,0.0001032441869028844,1.5006433386588469e-05,1.3566267625719775e-05,detoxify-unbiased
1992605400235913387,0.0008575606625527143,7.588066637254087e-06,9.719230001792312e-05,0.00025349523639306426,0.00023568978940602392,4.125592749915086e-05,7.732980157015845e-05,detoxify-unbiased
1992607119338602989,0.005057067610323429,5.2391824283404276e-05,0.00043631589505821466,0.005221244879066944,0.0007244576700031757,0.0001609567552804947,4.9189893616130576e-05,detoxify-unbiased
1992607472243109904,0.0035778179299086332,2.1980538349453127e-06,8.935555524658412e-05,0.00030771782621741295,0.0011680996976792812,5.16896543558687e-05,4.984969200449996e-05,detoxify-unbiased
1992608117067014468,0.0007694758824072778,1.2363180985630606e-06,3.514329364406876e-05,9.061451419256628e-05,0.0001992761972360313,1.9881827029166743e-05,1.3384455996856559e-05,detoxify-unbiased
1992608592680092009,0.0004748235223814845,1.342025825579185e-06,2.450461033731699e-05,9.277777280658484e-05,0.00012059765867888927,2.2421556423068978e-05,1.4110984920989722e-05,detoxify-unbiased
1992695169850777628,0.005390562117099762,2.7863632112712367e-06,0.00022734185040462762,0.00023789190163370222,0.0020109182223677635,3.2143467251444235e-05,5.501540726982057e-05,detoxify-unbiased
1992696137883562330,0.0004950147704221308,1.4680588265036931e-06,3.373870640643872e-05,7.730590732535347e-05,0.00011316120071569458,1.8158143575419672e-05,1.492845422035316e-05,detoxify-unbiased
1992696334160101585,0.0007228456088341773,1.4174509033182403e-06,4.328253271523863e-05,7.586467108922079e-05,0.00016863635391928256,2.0917466827086173e-05,1.7439144357922487e-05,detoxify-unbiased
1992697476256514379,0.0004108855500817299,1.3694753988602315e-06,2.9431535949697718e-05,8.101513958536088e-05,0.00010911249410128221,1.7747281162883155e-05,1.3505237802746706e-05,detoxify-unbiased
1992697857699123560,0.0004606939619407058,1.1589781934162602e-06,2.6889149012276903e-05,7.238509715534747e-05,0.00012979930033907294,1.6213691196753643e-05,1.2752340808219742e-05,detoxify-unbiased
1992698876206195027,0.00040064239874482155,1.334905732619518e-06,3.147719689877704e-05,6.239119829842821e-05,0.00011329497647238895,1.5909196008578874e-05,1.2943452020408586e-05,detoxify-unbiased
1992699767311274403,0.0006585725932382047,2.7304306513542542e-06,6.750953616574407e-05,0.00010998096695402637,0.00021007086616009474,2.632510950206779e-05,1.6839667296153493e-05,detoxify-unbiased
1992955881026138582,0.010235116817057133,2.6937268557958305e-06,0.0002604452893137932,0.0002277232415508479,0.003694377839565277,5.659845191985369e-05,5.661399700329639e-05,detoxify-unbiased
1992957882111815852,0.0004987847059965134,1.6101832898129942e-06,2.952810245915316e-05,9.15501150302589e-05,9.85370425041765e-05,1.930841972352937e-05,1.61874559125863e-05,detoxify-unbiased
1992959675457749475,0.0005018506781198084,1.4341278529172996e-06,2.884382956835907e-05,9.641248470870778e-05,0.0001262497389689088,2.7696156394085847e-05,1.4403627574210986e-05,detoxify-unbiased
1992960974999957693,0.0004001790366601199,1.373193526887917e-06,2.705970109673217e-05,8.107170287985355e-05,0.0001021643474814482,1.811032598197926e-05,1.2455938303901348e-05,detoxify-unbiased
1992961494128951367,0.00045538489939644933,1.3134670098224888e-06,2.6141085982089862e-05,7.383828051388264e-05,0.00011738954344764352,2.0182824300718494e-05,1.421376691723708e-05,detoxify-unbiased
1992962374148530376,0.0007274151430465281,1.6036931356211426e-06,4.384750354802236e-05,9.9015815067105e-05,0.00019034961587749422,2.0648474674089812e-05,1.9982629964943044e-05,detoxify-unbiased
1992976787681231252,0.02595745585858822,5.793946183985099e-05,0.0006207124097272754,0.03329512104392052,0.002930864691734314,0.00035974828642793,0.0002436899085296318,detoxify-unbiased
1992977173104189917,0.00047622027341276407,1.2554472732517752e-06,2.6779853214975446e-05,8.970182534540072e-05,0.0001234008086612448,1.674060149525758e-05,1.2666817383433226e-05,detoxify-unbiased
1993325245759975617,0.0034156213514506817,1.842515189309779e-06,9.45589563343674e-05,0.00019640818936750293,0.001165391760878265,3.232011295040138e-05,6.0376427427399904e-05,detoxify-unbiased
1993325925685940463,0.00042011518962681293,1.4966952903705533e-06,3.7312314816517755e-05,6.943530752323568e-05,0.0001079570793081075,1.7226659110747278e-05,1.4610483049182221e-05,detoxify-unbiased
1993326196709343318,0.00036453898064792156,1.5519666476393468e-06,2.6084955607075244e-05,8.016747597139329e-05,9.3273920356296e-05,2.092823888233397e-05,1.3645757462654728e-05,detoxify-unbiased
1993326625551798471,0.0005424224655143917,1.3245754644231056e-06,3.13085583911743e-05,8.551032806281e-05,0.0001279555872315541,1.8112259567715228e-05,1.4545725207426585e-05,detoxify-unbiased
1993327675478348019,0.0009701335802674294,1.6794414250398404e-06,4.320368680055253e-05,0.00013545644469559193,0.00023972730559762567,2.3868180505814962e-05,2.5171735615003854e-05,detoxify-unbiased
1993328024658264415,0.0004360942402854562,1.1867385865116375e-06,2.941195089078974e-05,6.27933768555522e-05,0.00012910729856230319,1.4731744158780202e-05,1.1978855582128745e-05,detoxify-unbiased
1994083184074453129,0.0004103768733330071,1.1200427252333611e-06,2.377834971412085e-05,6.577219028258696e-05,0.00011883441766258329,1.549772969156038e-05,1.1366827493475284e-05,detoxify-unbiased
1994084561051926836,0.00040120043558999896,1.425133518750954e-06,3.34486503561493e-05,6.434634997276589e-05,0.00010439604375278577,1.7476089851697907e-05,1.3801946806779597e-05,detoxify-unbiased
1994084648087888226,0.04636266455054283,7.173490303102881e-05,0.0004741633601952344,0.05150287225842476,0.002971046604216099,0.00040118262404575944,0.00042402881081216037,detoxify-unbiased
1994084796402639181,0.0006297891959547997,1.258660063285788e-06,2.899764513131231e-05,8.264448115369305e-05,0.00015718367649242282,2.044843859039247e-05,1.4863451724522747e-05,detoxify-unbiased
1994085061054926989,0.0006749529857188463,1.2432632274794742e-06,3.17394697049167e-05,8.747121319174767e-05,0.0001771902752807364,2.202119503635913e-05,1.4139623090159148e-05,detoxify-unbiased
1994085233713434867,0.027385953813791275,1.3155292435840238e-05,0.00023322323977481574,0.000705421669408679,0.0017972179921343923,0.008555899374186993,0.00033750126021914184,detoxify-unbiased
1994192905834053835,0.00037634052569046617,1.3406698826656793e-06,2.7672947908286005e-05,6.710971501888707e-05,0.00010374068369856104,1.6230738765443675e-05,1.2591038284881506e-05,detoxify-unbiased
1994195529429827913,0.00042141557787545025,1.2921703955726116e-06,2.7781865355791524e-05,6.988103268668056e-05,0.00011586541222641245,1.851657361839898e-05,1.280789183510933e-05,detoxify-unbiased
1994834300278042799,0.00046828656923025846,1.2942052762809908e-06,2.580361979198642e-05,7.56097215344198e-05,0.00011920134420506656,2.035959369095508e-05,1.398419863107847e-05,detoxify-unbiased
1994834852185563146,0.0006414970848709345,1.1233202030780376e-06,2.6249201255268417e-05,7.953068416099995e-05,0.00017835340986493975,1.6049099940573797e-05,1.4494489732896909e-05,detoxify-unbiased
1994836278236393718,0.0012220743810757995,1.4379008916876046e-06,5.189631337998435e-05,0.0001052723455359228,0.0002931346243713051,2.311043135705404e-05,2.283862340846099e-05,detoxify-unbiased
1994837470597300341,0.0018204784719273448,3.1279489576263586e-06,0.0001737431448418647,0.0001286346814595163,0.0002761692157946527,2.9575869120890275e-05,4.1435247112531215e-05,detoxify-unbiased
1994837679997870461,0.0005198701983317733,1.2288221569178859e-06,2.3902301109046675e-05,9.962365584215149e-05,0.00013808425865136087,2.311592106707394e-05,1.637017703615129e-05,detoxify-unbiased
1994837838571946106,0.0006526109646074474,1.333895397692686e-06,2.8913753340020776e-05,0.0001031560095725581,0.00015082073514349759,2.3000278815743513e-05,1.486515157012036e-05,detoxify-unbiased
1995164449653534990,0.07722881436347961,2.269926517328713e-05,0.0004111946909688413,0.05071253702044487,0.004858097527176142,0.0009357566013932228,0.000264515372691676,detoxify-unbiased
1995164676372443491,0.001056829933077097,1.8073516230288078e-06,3.97756666643545e-05,0.00016247220628429204,0.0002477045345585793,2.7167032385477796e-05,1.611272818990983e-05,detoxify-unbiased
1995164978165190979,0.0009586200467310846,1.9525361949490616e-06,5.801305451313965e-05,9.84648140729405e-05,0.00023187226906884462,4.067653571837582e-05,3.157252649543807e-05,detoxify-unbiased
1995595159027814435,0.0006021336885169148,1.450574814043648e-06,2.6501758839003742e-05,0.0001040620991261676,0.00013318688434083015,3.150005068164319e-05,1.3505959032045212e-05,detoxify-unbiased
1995596618133872735,0.012065669521689415,3.973540151491761e-05,0.00024068028142210096,0.013365544378757477,0.0010295509127900004,0.00016219359531532973,0.00019572752353269607,detoxify-unbiased
1995597541430182356,0.00039334676694124937,1.2452449027477996e-06,2.5058088795049116e-05,7.457613537553698e-05,0.00010993472824338824,1.6718551705707796e-05,1.20854319902719e-05,detoxify-unbiased
1995597951536648647,0.0006247315905056894,1.2412516525728279e-06,3.961028778576292e-05,6.408646004274487e-05,0.00017869930888991803,1.6286745449178852e-05,1.410657205269672e-05,detoxify-unbiased
1995598624969875598,0.00044364010682329535,1.4228113514036522e-06,2.4583932827226818e-05,8.921694825403392e-05,0.00010771286179078743,2.4576924261054955e-05,1.364789204671979e-05,detoxify-unbiased
1995598843648311618,0.0006644685054197907,1.5466489458049182e-06,3.2251671655103564e-05,9.225259418599308e-05,0.00013241241686046124,3.615254900068976e-05,1.6797130228951573e-05,detoxify-unbiased
1995599430142046373,0.0005165383336134255,1.3977661410535802e-06,2.7058667910750955e-05,9.43301129154861e-05,0.00013450579717755318,2.2994092432782054e-05,1.302974942518631e-05,detoxify-unbiased
1995952905711399141,0.0010680839186534286,5.275244802760426e-06,7.409672980429605e-05,0.0003051777894143015,0.00022626561985816807,2.160924304916989e-05,4.5852979383198544e-05,detoxify-unbiased
1995956638696538224,0.0006186140817590058,1.5078342130436795e-06,3.585206650313921e-05,9.733986371429637e-05,0.00016832903202157468,2.0694486011052504e-05,1.705503927951213e-05,detoxify-unbiased
1995957049776087133,0.000511371239554137,1.2659866115427576e-06,2.311058597115334e-05,9.857370605459437e-05,0.00013254405348561704,2.3874394173617475e-05,1.514894211140927e-05,detoxify-unbiased
1995957199525351659,0.00044798877206631005,1.129655288423237e-06,2.8139324058429338e-05,5.939816401223652e-05,0.00013046080130152404,1.5431232895934954e-05,1.172842712549027e-05,detoxify-unbiased
1995958289595560115,0.0004299158463254571,1.106863919630996e-06,2.707317253225483e-05,6.590120756300166e-05,0.00013279516133479774,1.4295713299361523e-05,1.0908944204857107e-05,detoxify-unbiased
1995958516570333550,0.010081255808472633,7.843221101211384e-05,0.0006553096463903785,0.009366113692522049,0.0012929689837619662,0.00027103288448415697,6.25774628133513e-05,detoxify-unbiased
1995958769927282840,0.00040343578439205885,1.3880876394978259e-06,2.7706062610377558e-05,7.21670949133113e-05,0.00010088991257362068,1.8741950043477118e-05,1.3823020708514377e-05,detoxify-unbiased
1996307039442612640,0.0017098066164180636,2.0477532416407485e-06,5.5213971791090444e-05,0.00016611781029496342,0.00030758671346120536,9.42748156376183e-05,2.041455627477262e-05,detoxify-unbiased
1996307451029643385,0.0006587686948478222,1.6239299611697788e-06,3.509168891469017e-05,8.524036093149334e-05,0.000129038977320306,4.043006993015297e-05,1.5815134247532114e-05,detoxify-unbiased
1996307758639894812,0.0016558414790779352,1.965016508620465e-06,0.00010080114589072764,0.00010213006316917017,0.0005071906489320099,2.3627757400390692e-05,3.6304740206105635e-05,detoxify-unbiased
1996307979444920699,0.001319849630817771,1.7699383079161635e-06,8.955883822636679e-05,7.988434663275257e-05,0.0003524402854964137,2.6158590117120184e-05,3.2681506127119064e-05,detoxify-unbiased
1996311341804429747,0.00031945446971803904,1.3583164673036663e-06,2.4811146431602538e-05,6.819896952947602e-05,9.233040327671915e-05,1.5084530787135009e-05,1.187630095955683e-05,detoxify-unbiased
1996952498502836364,0.00041583061101846397,1.3121424444761942e-06,2.9211329092504457e-05,6.775435758754611e-05,0.00011128011828986928,1.6692902136128396e-05,1.3467605640471447e-05,detoxify-unbiased
1996953159957127432,0.00037799880374222994,1.2822197277273517e-06,2.7184447390027344e-05,6.934214616194367e-05,0.00010848377860384062,1.4826063306827564e-05,1.2575509572343435e-05,detoxify-unbiased
1996954334421012837,0.0006915925769135356,1.9585227164498065e-06,5.7272238336736336e-05,8.123499719658867e-05,0.00011825667024822906,2.0156701793894172e-05,2.2332909793476574e-05,detoxify-unbiased
1996955912808902775,0.0004702216247096658,1.3328246950550238e-06,2.7576581487664953e-05,9.068722283700481e-05,0.00012015596439596266,2.1128333173692226e-05,1.2745702406391501e-05,detoxify-unbiased
1996956351080112335,0.0007039284682832658,1.3105403695590212e-06,2.7276088076177984e-05,0.00012781535042449832,0.000172154774190858,2.1056262994534336e-05,1.6740552382543683e-05,detoxify-unbiased
1996956527895134265,0.0005301961209625006,1.3046358162682736e-06,2.9114075005054474e-05,8.711759437574074e-05,0.0001309447397943586,2.1209873011684977e-05,1.2751658687193412e-05,detoxify-unbiased
1996958573092298901,0.00039544867468066514,1.5174575764831388e-06,2.6159965273109265e-05,7.639295654371381e-05,9.529478847980499e-05,2.602954009489622e-05,1.5175836779235397e-05,detoxify-unbiased
1996958849765442008,0.0008446814026683569,4.086643002665369e-06,5.617167698801495e-05,0.00024502864107489586,0.0001998228399315849,1.7646207197685726e-05,3.0666029488202184e-05,detoxify-unbiased
1997034740805689700,0.0004881937347818166,1.2327578815529705e-06,2.63261408690596e-05,9.104742639465258e-05,0.00012142777995904908,1.708870695438236e-05,1.2884606803709175e-05,detoxify-unbiased
1997338766541721815,0.00039011193439364433,1.5353141407103976e-06,3.319681127322838e-05,7.387377991108224e-05,9.514579869573936e-05,1.8609725884743966e-05,1.3939888049208093e-05,detoxify-unbiased
1997338827543752895,0.0006877731648273766,1.3940613143859082e-06,3.458570427028462e-05,9.80370314209722e-05,0.0001576913782628253,2.1936224584351294e-05,1.587203769304324e-05,detoxify-unbiased
1997340429293965440,0.01270191092044115,3.332975393277593e-05,0.00037715130019932985,0.010086148045957088,0.0014562724390998483,0.00015393168723676354,0.00033830260508693755,detoxify-unbiased
1997341310164889664,0.00035022501833736897,1.4384055475602509e-06,2.6095653083757497e-05,7.197094964794815e-05,8.958703256212175e-05,1.8032616935670376e-05,1.3234554899099749e-05,detoxify-unbiased
1997341587110494402,0.09339364618062973,2.8283608116908e-05,0.0012385784648358822,0.0036513085942715406,0.08119691908359528,0.00017649352957960218,0.0012078735744580626,detoxify-unbiased
1997682091127869871,0.0004015111189801246,1.5612267816322856e-06,3.033204484381713e-05,8.148683264153078e-05,9.303603292210028e-05,1.7728589227772318e-05,1.561929275339935e-05,detoxify-unbiased
1997682396557172812,0.0029248399659991264,7.3640403570607305e-06,7.535434269811958e-05,0.0014263646444305778,0.00045146080083213747,6.859259883640334e-05,3.9367430872516707e-05,detoxify-unbiased
1997682691769065683,0.010850992053747177,1.3590444723377004e-05,0.00019819026056211442,0.004072444047778845,0.0013325478648766875,0.00015672614972572774,7.354468834819272e-05,detoxify-unbiased
1997682850712146347,0.0004495266475714743,1.2692893278654083e-06,2.2939053451409563e-05,9.474316902924329e-05,0.00012033506209263578,2.2197802536538802e-05,1.3654193026013672e-05,detoxify-unbiased
1997682868097630283,0.0007277260883711278,1.5436693274750724e-06,3.071220999117941e-05,0.00012123605847591534,0.00015574308054056019,3.819413177552633e-05,1.762120155035518e-05,detoxify-unbiased
1998131652883603706,0.0006281805108301342,1.1881678574354737e-06,3.190939605701715e-05,8.155937393894419e-05,0.00017750091501511633,1.5449610145878978e-05,1.4367382391355932e-05,detoxify-unbiased
1998133229425967423,0.0005004386184737086,1.4953626532587805e-06,3.479199585854076e-05,9.881077130557969e-05,0.00012097023864043877,2.3936310753924772e-05,1.4571215615433175e-05,detoxify-unbiased
1998134500295922117,0.0006325527210719883,1.7933671188075095e-06,5.86057904001791e-05,8.311940473504364e-05,0.00014470996393356472,2.129808308382053e-05,2.376986958552152e-05,detoxify-unbiased
1998134927934488624,0.000347105145920068,1.3072711908534984e-06,2.3630462237633765e-05,7.453952275682241e-05,9.619354386813939e-05,1.7159303752123378e-05,1.2186561434646137e-05,detoxify-unbiased
1998135959854965003,0.0076980795711278915,9.73837359197205e-06,0.00012104270717827603,0.0036250771954655647,0.0009792718337848783,8.036456711124629e-05,6.374920485541224e-05,detoxify-unbiased
1998136306933608651,0.0003977521264459938,1.231356122843863e-06,2.5002756956382655e-05,7.433736027451232e-05,0.00010883846698561683,1.5680305295973085e-05,1.1287474080745596e-05,detoxify-unbiased
1998425653062885417,0.00044075940968468785,1.1883773822773946e-06,2.6865851395996287e-05,7.799373270245269e-05,0.00011944892321480438,1.6835154383443296e-05,1.2303146831982303e-05,detoxify-unbiased
1998426056240328750,0.0004441042256075889,1.6090901908683009e-06,2.9774251743219793e-05,8.09015691629611e-05,0.00011267814988968894,2.4753360776230693e-05,1.8045640899799764e-05,detoxify-unbiased
1998426268207829459,0.0010693579679355025,3.7686372706957627e-06,6.713723996654153e-05,0.00016164178668987006,0.00016085687093436718,4.476359754335135e-05,0.00023065005370881408,detoxify-unbiased
1998426562979360933,0.00039101633592508733,1.210752088809386e-06,2.5293782528024167e-05,6.639961793553084e-05,0.00010880400805035606,1.5019363672763575e-05,1.2887951015727594e-05,detoxify-unbiased
1998426775102099882,0.0009532937547191978,1.1904111261173966e-06,4.20449287048541e-05,6.862595910206437e-05,0.0002805103431455791,1.8599630493554287e-05,1.645755401114002e-05,detoxify-unbiased
1998768547753775213,0.000526749121490866,1.590158831277222e-06,3.5349676181795076e-05,0.0001491365401307121,0.0001212028946611099,1.9180959498044103e-05,1.8066957636619918e-05,detoxify-unbiased
1998769514511495493,0.21361194550991058,4.1989471355918795e-05,0.0027948697097599506,0.00139085843693465,0.028011394664645195,0.000316075689624995,0.08797357231378555,detoxify-unbiased
1998827449702891589,0.004248325247317553,8.136611540976446e-06,0.00011962059215875342,0.0016485536471009254,0.0006876708939671516,5.2617888286476955e-05,4.800384704140015e-05,detoxify-unbiased
1998827719987974312,0.0020704849157482386,1.3543882459998713e-06,6.278607179410756e-05,0.00012181211059214547,0.0007150344317778945,1.95085012819618e-05,2.02685987460427e-05,detoxify-unbiased
1998828981701763260,0.0010421850020065904,2.444028041281854e-06,0.00010246894817100838,0.0001720991131151095,0.00035778986057266593,2.232183760497719e-05,4.7187775635393336e-05,detoxify-unbiased
1998835206518698244,0.00043525570072233677,1.2159465541117243e-06,2.8102072974434122e-05,7.106723205652088e-05,0.0001260779390577227,1.638717185414862e-05,1.2369099749776069e-05,detoxify-unbiased
1998838196071801099,0.00033683361834846437,1.4244160411180928e-06,2.8082864446332678e-05,7.044371886877343e-05,9.149887773673981e-05,1.5909361536614597e-05,1.249245906365104e-05,detoxify-unbiased
1999191729367392464,0.001048680511303246,1.586694452271331e-06,5.441277608042583e-05,0.00014038060908205807,0.00027129321824759245,2.110710738634225e-05,1.9568127754610032e-05,detoxify-unbiased
1999211176014569961,0.00035341113107278943,1.285200823986088e-06,2.361491533520166e-05,6.948730151634663e-05,9.898495045490563e-05,1.7259351807297207e-05,1.1783160516642965e-05,detoxify-unbiased
1999211961108549642,0.0003721520188264549,1.3301756780492724e-06,2.8183983886265196e-05,7.276726682903245e-05,0.00010272958752466366,1.59959563461598e-05,1.241298650711542e-05,detoxify-unbiased
1999234933080854863,0.0010718334233388305,1.422828972863499e-06,3.6913941585225984e-05,0.000104934697446879,0.00030244296067394316,2.3824766685720533e-05,1.7708092855173163e-05,detoxify-unbiased
1999274779761652001,0.000861473788972944,1.9480537503113737e-06,5.9739792050095275e-05,0.00010245508019579574,0.00020497328659985214,2.8475058570620604e-05,2.349124406464398e-05,detoxify-unbiased
1999568286304850367,0.0006875362596474588,1.2297647344894358e-06,3.294466660008766e-05,7.867813837947324e-05,0.00018530452507548034,1.9096381947747432e-05,1.6308005797327496e-05,detoxify-unbiased
1999568506405167352,0.000762050214689225,1.3381546750679263e-06,3.7719306419603527e-05,8.619704021839425e-05,0.000199441026779823,1.9869999960064888e-05,1.923204581544269e-05,detoxify-unbiased
1999570339160875123,0.4198720157146454,0.0002213378611486405,0.0018115831771865487,0.4624561071395874,0.025531601160764694,0.0017907371511682868,0.0004544506373349577,detoxify-unbiased
1999576125031289001,0.001081018359400332,2.868294131985749e-06,4.76583736599423e-05,0.0002158201386919245,0.0001989638985833153,2.8627588108065538e-05,0.00010850157559616491,detoxify-unbiased
1999577399839572353,0.0009844595333561301,1.20923698432307e-06,3.8086247514002025e-05,7.723642920609564e-05,0.00026909506414085627,2.1598758394247852e-05,1.6003816199372523e-05,detoxify-unbiased
1999874841927627178,0.001746930880472064,1.6068222521425923e-06,5.4181477025849745e-05,0.00012047606287524104,0.00035699905129149556,2.323540138604585e-05,2.6359297407907434e-05,detoxify-unbiased
1999875796593230094,0.0004654359945561737,1.5216702422549133e-06,3.058743095607497e-05,8.024105045478791e-05,0.00011907512816833332,2.3009886717773043e-05,1.859120857261587e-05,detoxify-unbiased
1999878077526970570,0.0005149253993295133,1.577948182784894e-06,2.9047683710814454e-05,9.845560998655856e-05,0.00011505365546327084,2.2048932805773802e-05,1.7837550331023522e-05,detoxify-unbiased
1999878460504735803,0.00040018203435465693,1.2409923328959849e-06,3.084102718275972e-05,6.937164289411157e-05,0.000120012708066497,1.3751456208410673e-05,1.1136222383356653e-05,detoxify-unbiased
1999882753785905332,0.00041881544166244566,1.389703584209201e-06,2.822241913236212e-05,7.510697469115257e-05,0.00010420299076940864,1.9865339709213004e-05,1.3737941117142327e-05,detoxify-unbiased
2000220295949430901,0.054700590670108795,0.0007344468613155186,0.0032618835102766752,0.07847874611616135,0.004730112850666046,0.0027529147919267416,0.0003665949625428766,detoxify-unbiased
2000220748472889536,0.025370575487613678,0.0001007521350402385,0.00042486251913942397,0.03276527300477028,0.0017940736142918468,0.0009329932508990169,9.607785614207387e-05,detoxify-unbiased
2000221185976451344,0.00035492784809321165,1.3542035048885737e-06,2.2850277673569508e-05,7.576815551146865e-05,9.820592094911262e-05,1.77324782271171e-05,1.2688555216300301e-05,detoxify-unbiased
2000221566303429067,0.00044250584323890507,1.3062204970992752e-06,2.7207634047954343e-05,7.441402703989297e-05,0.00012040047295158729,1.675663770583924e-05,1.3118172319082078e-05,detoxify-unbiased
2000221868184215991,0.026457076892256737,8.28548309073085e-06,8.199740113923326e-05,0.0396687276661396,0.0019201256800442934,0.00016529082495253533,7.265036401804537e-05,detoxify-unbiased
2000572908419055816,0.0004767016798723489,1.2416139725246467e-06,2.818427856254857e-05,7.733569509582594e-05,0.00013284468150231987,1.7976230083149858e-05,1.2472079106373712e-05,detoxify-unbiased
2000576295931932722,0.00041327314102090895,1.3207484244048828e-06,3.2294388802256435e-05,6.990382098592818e-05,0.00011189086217200384,1.6494888768647797e-05,1.382695154461544e-05,detoxify-unbiased
2000661264578588722,0.0006629166309721768,1.539185859655845e-06,2.7078804123448208e-05,0.00019770914514083415,0.00013470488192979246,2.1240943169686943e-05,1.4724989341630135e-05,detoxify-unbiased
2000663462322508137,0.0006793163483962417,1.3119484947310411e-06,3.9509708585683256e-05,7.101452501956373e-05,0.00017247993673663586,1.690217322902754e-05,1.672032340138685e-05,detoxify-unbiased
2000691936538116294,0.0008965595625340939,1.570627546243486e-06,2.3159234842751175e-05,0.0004188467573840171,0.00016478348698001355,2.527938886487391e-05,1.3928593944001477e-05,detoxify-unbiased
2000954446843412604,0.0005589091451838613,1.5499505252591916e-06,2.3267819415195845e-05,0.00013822033361066133,0.00013046999811194837,2.7806514481198974e-05,2.174690962419845e-05,detoxify-unbiased
2000954780466794561,0.0011368737323209643,1.910598939502961e-06,3.948176163248718e-05,0.0001944145478773862,0.00020095145737286657,3.780392944463529e-05,1.575588248670101e-05,detoxify-unbiased
2001040153154896036,0.0006513344123959541,1.558587655381416e-06,4.680735946749337e-05,7.836125587346032e-05,0.00016044557560235262,2.108686567225959e-05,2.129901622538455e-05,detoxify-unbiased
2001040371535503660,0.00043591283611021936,1.4961570968807791e-06,3.0168073863023892e-05,8.546491153538227e-05,0.00010336427658330649,2.2703246941091493e-05,1.4855289009574335e-05,detoxify-unbiased
2001045539039707170,0.0003676947089843452,1.3040910289419116e-06,2.449743442412e-05,6.937295984243974e-05,9.868392953649163e-05,1.706932562228758e-05,1.255791630683234e-05,detoxify-unbiased
2001045899565220084,0.0005968866171315312,1.2876373602921376e-06,3.101524998783134e-05,7.747299241600558e-05,0.000147221187944524,1.9204810087103397e-05,1.661541136854794e-05,detoxify-unbiased
2001293891803234570,0.0005500152474269271,1.1207788475076086e-06,2.7363055778550915e-05,6.925089110154659e-05,0.0001506265689386055,1.7361071513732895e-05,1.3612560906040017e-05,detoxify-unbiased
2001295777696567578,0.0004531807207968086,1.257955659639265e-06,2.4703438612050377e-05,8.293611608678475e-05,0.00011980278213741258,1.906508441607002e-05,1.2748862900480162e-05,detoxify-unbiased
2001296020060209325,0.0006047537899576128,1.2683226486842614e-06,3.983697388321161e-05,6.932733958819881e-05,0.00017585586465429515,2.0145211237831973e-05,1.5321109458454885e-05,detoxify-unbiased
2001296845897691141,0.0004276346880942583,1.2035569625368225e-06,2.5594248654670082e-05,6.848534394521266e-05,0.00011717716552084312,1.661362148297485e-05,1.2471152331272606e-05,detoxify-unbiased
2001298109695967313,0.000386518775485456,1.2995618590139202e-06,2.561148903623689e-05,7.347745849983767e-05,0.00010414458665763959,1.7928756278706715e-05,1.2919330401928164e-05,detoxify-unbiased
2001684893802123665,0.0025110142305493355,2.8204528916830895e-06,5.724488073610701e-05,0.0011790819698944688,0.00030567485373467207,5.5967539083212614e-05,4.2926068999804556e-05,detoxify-unbiased
2001729324202819620,0.00040715609793551266,1.2997837757211528e-06,2.8224842026247643e-05,7.291682413779199e-05,0.00010943802772089839,1.6326586774084717e-05,1.2285701814107597e-05,detoxify-unbiased
2001732660046037388,0.007859770208597183,1.8480074004401104e-06,0.00010739183926489204,0.00021540017041843385,0.003415728220716119,3.462451422819868e-05,3.3966556657105684e-05,detoxify-unbiased
2001733555508953367,0.000366565102012828,1.3193322274673847e-06,2.4905519239837304e-05,7.701291906414554e-05,0.00010102747910423204,1.708592208160553e-05,1.21121074698749e-05,detoxify-unbiased
2001734054941438114,0.005649826489388943,4.2874271457549185e-06,5.601366865448654e-05,0.004693163558840752,0.0004489812708925456,8.260705362772569e-05,3.711146200657822e-05,detoxify-unbiased
2002064849526718511,0.0004300398286432028,1.3534250911106938e-06,3.0195762519724667e-05,8.38548585306853e-05,0.0001142506516771391,1.8250484572490677e-05,1.2304978554311674e-05,detoxify-unbiased
2002110594137063445,0.0012087160721421242,1.3834963965564384e-06,4.134111441089772e-05,0.00010810737876454368,0.00026085510035045445,2.3736887669656426e-05,2.30831192311598e-05,detoxify-unbiased
2002112564545691728,0.0006762839038856328,1.3768100188826793e-06,3.061194365727715e-05,0.00011328557593515143,0.00015443140000570565,2.5045928850886412e-05,1.9991894077975303e-05,detoxify-unbiased
2002114844506435769,0.00046989161637611687,1.406717956342618e-06,3.1956595194060355e-05,7.528754213126376e-05,0.00011452442413428798,1.7644422769080848e-05,1.5015380995464511e-05,detoxify-unbiased
2002115360867140023,0.009463838301599026,4.201610499876551e-05,0.0003012188244611025,0.007992708124220371,0.0009811490308493376,0.00014329059922602028,0.00022435090795625,detoxify-unbiased
2002486482079011080,0.00035706101334653795,1.3651292647409718e-06,2.9327617085073143e-05,6.491379463113844e-05,9.817819955060259e-05,1.5741628885734826e-05,1.2388767572701909e-05,detoxify-unbiased
2002487103423205758,0.00039960528374649584,1.5268234392351587e-06,2.999589196406305e-05,7.613434718223289e-05,9.452749509364367e-05,1.8870416170102544e-05,1.5020565115264617e-05,detoxify-unbiased
2002487621847564354,0.0008139361161738634,1.5679696616643923e-06,3.338357782922685e-05,0.00020850959117524326,0.00015752365288790315,2.3386188331642188e-05,1.3130764273228124e-05,detoxify-unbiased
2002488001897570403,0.00046343952999450266,1.1931264225495397e-06,3.024198485945817e-05,6.44910178380087e-05,0.0001357754663331434,1.6157089703483507e-05,1.2435807548172306e-05,detoxify-unbiased
2002489404942610475,0.0003897444694302976,1.3753848406850011e-06,3.2777075830381364e-05,6.554009451065212e-05,0.00010499124618945643,1.5266867194441147e-05,1.3239883628557436e-05,detoxify-unbiased
2002817110863474748,0.0015557114966213703,2.0812863112951163e-06,5.062438503955491e-05,0.00017694596317596734,0.00026916383649222553,8.666122448630631e-05,2.7591942853177898e-05,detoxify-unbiased
2002817923736383795,0.0003962594491895288,1.51827384797798e-06,2.9204258680692874e-05,8.535537199350074e-05,9.59925091592595e-05,1.762686406436842e-05,1.4053721315576695e-05,detoxify-unbiased
2002818764325130355,0.00036401214310899377,1.3594647043646546e-06,2.5865407224046066e-05,7.616665970999748e-05,9.61292753345333e-05,1.7991478671319783e-05,1.2266829799045809e-05,detoxify-unbiased
2002821493076418822,0.0133635513484478,3.7147167404327774e-06,0.00041863182559609413,0.00028104224475100636,0.005597617011517286,6.932944961590692e-05,0.00012169949332019314,detoxify-unbiased
2002823732021133641,0.0006592708523385227,1.3486783245753031e-06,3.5435339668765664e-05,7.698428817093372e-05,0.00016872803098522127,1.9722312572412193e-05,1.960443660209421e-05,detoxify-unbiased
2003102360504041842,0.0003497283614706248,1.336570676357951e-06,2.6000565412687138e-05,7.430178084177896e-05,9.590056288288906e-05,1.559369411552325e-05,1.2144654647272546e-05,detoxify-unbiased
2003102600829325568,0.00043859213474206626,1.293916511713178e-06,2.5306668248958886e-05,0.00010043405200121924,0.00011174159590154886,1.9002512999577448e-05,1.2330587196629494e-05,detoxify-unbiased
2003104864444801053,0.0007117656641639769,1.2202691550555755e-06,3.2917876524152234e-05,7.960147195262834e-05,0.00018389309116173536,1.8414280930301175e-05,1.6091415091068484e-05,detoxify-unbiased
2003105255181988209,0.0003799642436206341,1.3392501614362118e-06,2.5025015929713845e-05,7.417541200993583e-05,9.981488256016746e-05,1.6387204595957883e-05,1.2967938346264418e-05,detoxify-unbiased
2003105825514991969,0.0003711525641847402,1.4930883480701596e-06,3.3185795473400503e-05,6.831815699115396e-05,9.6230796771124e-05,1.5770916434121318e-05,1.3581363418779802e-05,detoxify-unbiased
2003255415123886410,0.0007633537752553821,2.445676273055142e-06,7.371509855147451e-05,7.089881546562538e-05,0.00011694264685502276,3.278041913290508e-05,3.7805370084242895e-05,detoxify-unbiased
2003256147113808316,0.00042405203566886485,1.3142663419785094e-06,3.0279847123892978e-05,6.342334381770343e-05,0.00011387171980459243,1.68314636539435e-05,1.347500437987037e-05,detoxify-unbiased
2003256334217584862,0.000370020919945091,1.4111614063949673e-06,2.9926519346190616e-05,7.529400318162516e-05,9.636707545723766e-05,1.6891361156012863e-05,1.2924061593366787e-05,detoxify-unbiased
2003256555852939646,0.0004730329674202949,1.4528690144288703e-06,3.498723526718095e-05,7.043807272566482e-05,0.00011113239452242851,1.8525333871366456e-05,1.708424315438606e-05,detoxify-unbiased
2003598636203020611,0.0006011867080815136,1.7240691931874608e-06,8.454053750028834e-05,6.888146890560165e-05,0.0001783736515790224,1.9236924345023e-05,1.8084541807183996e-05,detoxify-unbiased
2003599499076243961,0.0005132060614414513,1.6484966636198806e-06,2.941293132607825e-05,9.293104812968522e-05,0.00011481803085189313,3.678241409943439e-05,1.546493876958266e-05,detoxify-unbiased
2003599735362408771,0.02570623718202114,5.9966390836052597e-05,0.0004194543289486319,0.025685755535960197,0.001717931474559009,0.0003145012306049466,0.00036717051989398897,detoxify-unbiased
2003600861893726500,0.0006655948236584663,1.49589459397248e-06,3.06410038319882e-05,0.0001760884333634749,0.00013887256500311196,2.1403453501989134e-05,1.2763509403157514e-05,detoxify-unbiased
2003601880388178092,0.0023576049134135246,1.6847658343976946e-06,9.22331673791632e-05,0.00011498982348712161,0.0007966968696564436,2.4621847842354327e-05,2.5118355551967397e-05,detoxify-unbiased
2003940177819980275,0.000541700457688421,1.3654978374688653e-06,4.023364817840047e-05,6.026437768014148e-05,0.00014303068746812642,1.769274786056485e-05,1.577284092491027e-05,detoxify-unbiased
2003943792072593891,0.00047022048966027796,2.220664100605063e-06,6.049365038052201e-05,7.571189053123817e-05,0.00010316398402210325,3.012403249158524e-05,3.471119998721406e-05,detoxify-unbiased
2003944497525248075,0.0004021805361844599,1.4766844742553076e-06,2.779198439384345e-05,7.529673166573048e-05,9.448945638723671e-05,1.7403408492100425e-05,1.4289905266196001e-05,detoxify-unbiased
2003945164457324810,0.0005434668273665011,1.4276010915637016e-06,2.733595647441689e-05,0.00014439238293562084,0.00012456341937649995,2.1410678527900018e-05,1.405996681569377e-05,detoxify-unbiased
2003945567861248453,0.0004827091470360756,1.201342570311681e-06,2.8025720894220285e-05,6.48030181764625e-05,0.0001360425667371601,1.784939377103001e-05,1.3529188436223194e-05,detoxify-unbiased
2004326616638345449,0.0005854872288182378,1.2887885532109067e-06,3.389336779946461e-05,7.044989615678787e-05,0.00015841673302929848,2.0770250557688996e-05,1.3585767192125786e-05,detoxify-unbiased
2004327465846444197,0.0005171031225472689,1.4760423709958559e-06,3.125688817817718e-05,9.341927943751216e-05,0.00013061851495876908,2.2258596800384112e-05,1.3376901733863633e-05,detoxify-unbiased
2004328176772677837,0.0004659202531911433,1.3359972399484832e-06,2.5971419745474122e-05,8.954355143941939e-05,0.00011864567932207137,2.406338171567768e-05,1.2431514733179938e-05,detoxify-unbiased
2004331162173391280,0.0015354931820183992,7.019893928372767e-06,7.262577855726704e-05,0.0006591471028514206,0.00024964226759038866,2.7916539693251252e-05,5.5396878451574594e-05,detoxify-unbiased
2004331563060781365,0.018338726833462715,6.559074245160446e-05,0.00039503895095549524,0.02066129446029663,0.0014437793288379908,0.0002214510168414563,0.00029226814513094723,detoxify-unbiased
2004612028611109370,0.0008137359982356429,1.6059551626312896e-06,4.9848982598632574e-05,0.00011754131992347538,0.00024557753931730986,1.759973747539334e-05,4.206381709082052e-05,detoxify-unbiased
2004691536823427310,0.0005304255755618215,1.3695968164029182e-06,2.916395533247851e-05,0.00011975868983427063,0.0001224252046085894,2.0387647964525968e-05,1.4599034329876304e-05,detoxify-unbiased
2004692514096164883,0.012383014895021915,5.666779543389566e-05,0.0003446458140388131,0.008075096644461155,0.0011217731516808271,0.0006304041598923504,0.00017224113980773836,detoxify-unbiased
2004692967194304751,0.0010382704203948379,5.982114089420065e-06,8.999373676488176e-05,0.00019336263358127326,0.00033369430457241833,4.011193595943041e-05,5.5049313232302666e-05,detoxify-unbiased
2004694204958589287,0.000651906302664429,1.3525630038202507e-06,3.4873108234023675e-05,7.921391807030886e-05,0.00016470541595481336,1.8185211956733838e-05,1.989899465115741e-05,detoxify-unbiased
2004700557949214817,0.00040821044240146875,1.5042621726024663e-06,2.911885349021759e-05,7.22489639883861e-05,9.53083363128826e-05,2.1865735106985085e-05,1.4111254131421447e-05,detoxify-unbiased
2004986052025499751,0.00041879844502545893,1.3676168464371585e-06,3.271658351877704e-05,6.485266203526407e-05,0.0001075755208148621,1.6465954104205593e-05,1.3666489394381642e-05,detoxify-unbiased
2005051228418424874,0.00043783875298686326,1.3639580629387638e-06,2.304790359630715e-05,9.213892190018669e-05,0.00011010742309736088,2.275086626468692e-05,1.2618999789992813e-05,detoxify-unbiased
2005068218260447295,0.0003889603540301323,1.4172575220072758e-06,2.4709233912290074e-05,8.493657514918596e-05,9.740588575368747e-05,2.00639169634087e-05,1.190512648463482e-05,detoxify-unbiased
2005070519259873349,0.0006048448849469423,1.3525010444936925e-06,3.556150841177441e-05,7.971427112352103e-05,0.00015667130355723202,2.037367448792793e-05,1.6431271433248185e-05,detoxify-unbiased
2005073064166297838,0.009171520359814167,1.0096398909809068e-05,0.00011631962115643546,0.005271517671644688,0.001153110759332776,0.0001140550448326394,7.034496957203373e-05,detoxify-unbiased
2005287258228752776,0.0006114760763011873,1.3995081644679885e-06,3.5630553611554205e-05,0.00010817832662723958,0.000159848656039685,2.1664398445864208e-05,1.5943673133733682e-05,detoxify-unbiased
2005396230185075073,0.000489601050503552,1.3327826309250668e-06,2.6068068109452724e-05,0.0001079089124687016,0.00011643981270026416,1.884794983197935e-05,1.2741350474243518e-05,detoxify-unbiased
2005396985226870931,0.00036759497015736997,1.4442858855545637e-06,3.219899735995568e-05,6.544759526150301e-05,9.852793300524354e-05,1.793058618204668e-05,1.2643983609450515e-05,detoxify-unbiased
2005397725500645408,0.0006126626394689083,1.5927662389003672e-06,4.077164703630842e-05,8.068292663665488e-05,0.00012432133371476084,2.2065867597120814e-05,1.7799078705138527e-05,detoxify-unbiased
2005401113680400676,0.000980529934167862,1.2406551377353026e-06,4.2652511183405295e-05,8.353865268873051e-05,0.00027438532561063766,2.0222398234182037e-05,1.826309016905725e-05,detoxify-unbiased
2005636954797253076,0.0005301362834870815,1.1611189165705582e-06,3.0707848054589704e-05,6.328789459075779e-05,0.00015820690896362066,1.65684014064027e-05,1.292887009185506e-05,detoxify-unbiased
2005637251078717525,0.00880691222846508,7.565790292574093e-05,0.0005665980861522257,0.010314879938960075,0.0010261323768645525,0.0002838235523086041,6.193202716531232e-05,detoxify-unbiased
2005637522328531079,0.0006285929121077061,1.785283870958665e-06,3.497008583508432e-05,0.00016170468006748706,0.00015167494711931795,1.7276064681936987e-05,1.8417564206174575e-05,detoxify-unbiased
2005740305190936753,0.004373937379568815,1.4625082940256107e-06,7.872601418057457e-05,0.0001500857761129737,0.0014668265357613564,3.015591028088238e-05,2.7885622330359183e-05,detoxify-unbiased
2005743653935808680,0.00038333109114319086,1.301119482377544e-06,2.6395649911137298e-05,6.723692786181346e-05,0.00010343240137444809,1.7924105122801848e-05,1.303504359384533e-05,detoxify-unbiased
2006048882132647987,0.0005147387273609638,1.2417963262123521e-06,4.198827446089126e-05,7.193684723461047e-05,0.0001575338828843087,1.985460039577447e-05,1.3032407878199592e-05,detoxify-unbiased
2006054928486179202,0.0004652512143366039,1.3124240467732307e-06,2.6852223527384922e-05,7.644417928531766e-05,0.00011736817396013066,1.8697657651500776e-05,1.4025255040905904e-05,detoxify-unbiased
2006103916849619235,0.00039125679177232087,1.3050029110672767e-06,2.3687296561547555e-05,7.942903903312981e-05,0.00010207085870206356,1.8003474906436168e-05,1.2513707588368561e-05,detoxify-unbiased
2006104585933328860,0.00047537326463498175,1.3008390169488848e-06,3.0449680707533844e-05,8.035873906919733e-05,0.00012587144738063216,1.6734551536501385e-05,1.2234678251843434e-05,detoxify-unbiased
2006105910477787272,0.00046180898789316416,1.4248902289182297e-06,2.6190442440565675e-05,0.00014763321087229997,0.00010521674994379282,1.578507544763852e-05,1.240631263499381e-05,detoxify-unbiased
2006567584250937710,0.0011557159014046192,6.704694897052832e-06,9.51424372033216e-05,0.00020399568893481046,0.0003733604389708489,4.5736593165202066e-05,6.064151239115745e-05,detoxify-unbiased
2006567927542157717,0.0005432930774986744,1.3873980151402066e-06,3.630865103332326e-05,7.41772455512546e-05,0.0001359927555313334,1.8815444491337985e-05,1.530230110802222e-05,detoxify-unbiased
2006569740647489963,0.00048117729602381587,1.297336666539195e-06,2.94221899821423e-05,7.341792661463842e-05,0.00013221634435467422,1.8629969417816028e-05,1.3222545931057539e-05,detoxify-unbiased
2006575894148612548,0.0007323916652239859,1.4138677215669304e-06,3.7740785046480596e-05,7.541436207247898e-05,0.0001759388978825882,2.8227263101143762e-05,1.890447674668394e-05,detoxify-unbiased
2006577983096562116,0.0004208561440464109,1.3302176284923917e-06,2.390979898336809e-05,8.235983841586858e-05,0.00010712438961490989,2.2032771084923297e-05,1.3316595868673176e-05,detoxify-unbiased
2006908780533977181,0.0003536480653565377,1.3975742376715061e-06,2.4736797058722004e-05,7.196216029115021e-05,9.644585952628404e-05,1.706813600321766e-05,1.291272656089859e-05,detoxify-unbiased
2006910244597690594,0.0008488851599395275,1.777723468876502e-06,2.7104277251055464e-05,0.000278014806099236,0.00016034739383030683,2.4071299776551314e-05,1.6170824892469682e-05,detoxify-unbiased
2006910455764197866,0.0014114098157733679,8.329380762006622e-06,6.924613262526691e-05,0.0006361324340105057,0.00040930320392362773,6.321406544884667e-05,0.00016553008754272014,detoxify-unbiased
2006912661225623726,0.00036131712840870023,1.4077687637836789e-06,2.5417028155061416e-05,7.269084017025307e-05,9.501432941760868e-05,1.8193572032032534e-05,1.3987961210659705e-05,detoxify-unbiased
2007069633627476349,0.0005788352573290467,1.2940016631546314e-06,2.7198631869396195e-05,0.00012012960360152647,0.0001418314641341567,2.0624011085601524e-05,1.3730789760302287e-05,detoxify-unbiased
2007087052626550904,0.00041035161120817065,1.3163988796804915e-06,2.7026379029848613e-05,7.070996798574924e-05,0.00011001632083207369,1.815075120248366e-05,1.253169284609612e-05,detoxify-unbiased
2007087933749121194,0.0018545284401625395,6.127153028501198e-06,9.164462244370952e-05,0.0002641708415467292,0.0006026363698765635,3.969695535488427e-05,7.139286753954366e-05,detoxify-unbiased
2007290410616369412,0.002274618251249194,1.5595674085489009e-06,5.6096094340318814e-05,0.0001691032957751304,0.0006409428315237164,2.8339738491922617e-05,2.3243001123773865e-05,detoxify-unbiased
2007290673213411385,0.000867269525770098,1.313544544245815e-06,3.719561209436506e-05,8.677012374391779e-05,0.00023907495778985322,1.9043278371100314e-05,1.729485666146502e-05,detoxify-unbiased
2007291539949486452,0.0013972132001072168,3.641669763965183e-06,7.227535388665274e-05,0.0005114618688821793,0.00034239591332152486,3.2982610719045624e-05,0.00012014724779874086,detoxify-unbiased
2007616695456731578,0.0003736826765816659,1.406284695804061e-06,2.6593559596221894e-05,6.680277874693274e-05,9.56168441916816e-05,1.8135713617084548e-05,1.3904226761951577e-05,detoxify-unbiased
2007618613667127326,0.00037361160502769053,1.3740186659561004e-06,2.759812559816055e-05,7.395420107059181e-05,0.00010069526615552604,1.8332366380491294e-05,1.3321219739736989e-05,detoxify-unbiased
2007619111010881622,0.0004467776161618531,1.3085345926810987e-06,3.0398037779377773e-05,6.926937930984423e-05,0.00012281644740141928,1.7797974578570575e-05,1.286317092308309e-05,detoxify-unbiased
2007692061550485588,0.0004150660533923656,1.1367544630047632e-06,2.5543531592120416e-05,6.290647434070706e-05,0.0001206946253660135,1.620784678380005e-05,1.1698245543811936e-05,detoxify-unbiased
2007693417023717536,0.0010451881680637598,1.7935448113348684e-06,6.789327744627371e-05,9.426996257388964e-05,0.00023059772502165288,3.8415899325627834e-05,2.470249637553934e-05,detoxify-unbiased
2007857981526884551,0.0004524682881310582,1.2980879091628594e-06,2.698208663787227e-05,7.151633326429874e-05,0.00011668043589452282,1.8148726667277515e-05,1.2118877748434898e-05,detoxify-unbiased
2007859381476450673,0.0004277765692677349,1.2271462992430315e-06,2.6510200768825598e-05,7.536116754636168e-05,0.00011613177048275247,1.7545173250255175e-05,1.1850776900246274e-05,detoxify-unbiased
2007861104915993050,0.0003994264407083392,1.2068130672560073e-06,2.330403913219925e-05,7.121179805835709e-05,0.00011197914136573672,1.6812660760479048e-05,1.1477717634988949e-05,detoxify-unbiased
2007948315476767066,0.00040232259198091924,1.3412504813459236e-06,2.9100836400175467e-05,6.705399573547766e-05,0.00010293580271536484,1.680365312495269e-05,1.2595986845553853e-05,detoxify-unbiased
2007950592379863071,0.002417345531284809,4.222156803734833e-06,7.902635843493044e-05,0.00046424445463344455,0.0006858635460957885,3.4077973396051675e-05,5.183567191124894e-05,detoxify-unbiased
2008174223345258527,0.0006426738691516221,1.3192404821893433e-06,3.8786663935752586e-05,6.948936061235145e-05,0.0001764550106599927,1.9526834876160137e-05,1.7240481611224823e-05,detoxify-unbiased
2008174597426880772,0.00046974534052424133,1.3721030427404912e-06,3.5970835597254336e-05,7.47179365134798e-05,0.0001271507644560188,1.878484181361273e-05,1.4445859960687812e-05,detoxify-unbiased
2008175698729390344,0.002238167217001319,4.286695457267342e-06,0.0001086051925085485,0.00023453173344023526,0.0007473784498870373,4.610307587427087e-05,4.269410055712797e-05,detoxify-unbiased
2008177374345548029,0.0003980164765380323,1.314110932071344e-06,2.8343820304144174e-05,6.549761019414291e-05,0.0001064268290065229,1.6875952496775426e-05,1.3043226317677181e-05,detoxify-unbiased
2008178235725545913,0.00038909833529032767,1.3199615978010115e-06,2.3992464775801636e-05,7.360180461546406e-05,0.00010376264253864065,1.6550069631193765e-05,1.2947279174113646e-05,detoxify-unbiased
2008536373322461616,0.0005655289860442281,1.2379025520203868e-06,2.9196040486567654e-05,7.57854213588871e-05,0.00014311431732494384,2.092249269480817e-05,1.4140837265586015e-05,detoxify-unbiased
2008537500583608433,0.0004156151844654232,1.312207473347371e-06,2.6862342565436848e-05,8.13190927146934e-05,0.00011154911044286564,1.76091052708216e-05,1.3224463145888876e-05,detoxify-unbiased
2008538433233305718,0.0019188766600564122,2.359046675337595e-06,5.251693073660135e-05,0.0007219905965030193,0.00039322683005593717,3.401914000278339e-05,2.9643864763784222e-05,detoxify-unbiased
2008540203653173692,0.000424176367232576,1.1497934337967308e-06,2.4106035198201425e-05,7.237523095682263e-05,0.00011875307973241434,1.630007682251744e-05,1.1575240932870656e-05,detoxify-unbiased
2008540889098977287,0.0003836156683973968,1.248712692358822e-06,2.4818387828418054e-05,6.71797024551779e-05,0.00011005871056113392,1.7880520317703485e-05,1.1398243259463925e-05,detoxify-unbiased
2008908701583781977,0.0011584912426769733,2.905233486671932e-06,4.366456778370775e-05,0.00014643269241787493,0.0002697601157706231,5.787567715742625e-05,3.229528374504298e-05,detoxify-unbiased
2008909216522584146,0.011008129455149174,1.1051583896914963e-05,0.0008754264563322067,0.000792564416769892,0.0018378559034317732,0.00010872083657886833,0.0003829532361123711,detoxify-unbiased
2008910126053241315,0.0004317278217058629,1.467670927013387e-06,2.7855747248395346e-05,7.960898074088618e-05,0.00010796891729114577,1.9325403627590276e-05,1.496917047916213e-05,detoxify-unbiased
2008910399115071619,0.0003785700537264347,1.332425654254621e-06,2.615998891997151e-05,6.612046126974747e-05,9.93864523479715e-05,1.627530036785174e-05,1.2413318472681567e-05,detoxify-unbiased
2008912947054084202,0.0003919231821782887,1.4029386647962383e-06,2.4254792151623406e-05,8.836988126859069e-05,9.994651190936565e-05,1.9031895135412924e-05,1.1871522474393714e-05,detoxify-unbiased
2009457981939744817,0.0004812901315744966,1.296205027756514e-06,2.8237118385732174e-05,9.713420877233148e-05,0.00012296935892663896,1.8128521332982928e-05,1.1247972906858195e-05,detoxify-unbiased
2009458630085538214,0.0003839852288365364,1.3465860320138745e-06,2.82757082459284e-05,6.943901826161891e-05,0.00010057810141006485,1.805829379009083e-05,1.2588037861860357e-05,detoxify-unbiased
2009461838623146393,0.0004892926663160324,1.377710987071623e-06,2.474913708283566e-05,0.00010710610513342544,0.00011381092190276831,2.2288822947302833e-05,1.1643684956652578e-05,detoxify-unbiased
2009464093497765889,0.000445785146439448,1.2151199371146504e-06,2.9085356800351292e-05,6.39428835711442e-05,0.00012198378681205213,1.5766720025567338e-05,1.2933161087858025e-05,detoxify-unbiased
2009626249384046746,0.00047303634346462786,1.4235916978577734e-06,2.7538211725186557e-05,9.674899774836376e-05,0.00011613011156441644,1.98711350094527e-05,1.45355752465548e-05,detoxify-unbiased
2009628594788581649,0.0006957444711588323,1.7616446257306961e-06,3.974138599005528e-05,9.523874177830294e-05,0.00014360617205966264,4.3172800360480323e-05,2.244508868898265e-05,detoxify-unbiased
2010010471466697177,0.00047692868974991143,1.380236085424258e-06,2.6347184757469222e-05,9.941924508893862e-05,0.0001143633562605828,2.2656704459222965e-05,1.1371706023055594e-05,detoxify-unbiased
2010011102986277028,0.0004874893929809332,1.2064230077157845e-06,2.7405727450968698e-05,7.430291589116678e-05,0.00013804950867779553,1.9423367120907642e-05,1.2685797628364526e-05,detoxify-unbiased
2010718200258777159,0.00040407010237686336,1.3457026852847775e-06,2.841974128386937e-05,7.366140926023945e-05,0.00010444922372698784,1.810355570341926e-05,1.2828820217691828e-05,detoxify-unbiased
2010718682276634809,0.004330006893724203,2.004535645028227e-06,9.191979188472033e-05,0.00017463639960624278,0.001235305448062718,4.0136237657861784e-05,4.03341073251795e-05,detoxify-unbiased
2011079826543706192,0.00041156020597554743,2.0910367766191484e-06,6.237626075744629e-05,7.52435444155708e-05,9.453442908124998e-05,2.279899490531534e-05,1.6434405551990494e-05,detoxify-unbiased
2011448517634523591,0.0005486774607561529,1.3734855883740238e-06,3.3640520996414125e-05,7.211109914351255e-05,0.00013050620327703655,1.9868180970661342e-05,1.5045480722619686e-05,detoxify-unbiased
2011458260746879098,0.0005989641067571938,1.511000959908415e-06,2.9021548471064307e-05,0.00012397590035106987,0.00013270250929053873,2.7831583793158643e-05,1.1894843737536576e-05,detoxify-unbiased
2011461846822277197,0.0017489866586402059,7.61755472922232e-06,0.0001017907343339175,0.0004233006329741329,0.0003608269907999784,1.8438160623190925e-05,7.281127182068303e-05,detoxify-unbiased
2011825162702684600,0.0005080090486444533,1.4226525308913551e-06,2.4666127501404844e-05,0.0001008005638141185,0.00011948835162911564,2.7361280444893055e-05,1.1598644960031379e-05,detoxify-unbiased
1984616469364183506,0.0004160964163020253,1.2482078091125004e-06,2.881023465306498e-05,6.885532638989389e-05,0.00011542112042661756,1.6038207832025364e-05,1.2256656191311777e-05,detoxify-unbiased
1984617607056478359,0.0005286617670208216,1.278923605241289e-06,2.761221185210161e-05,8.259571040980518e-05,0.00013546703848987818,2.376359043410048e-05,1.3696315363631584e-05,detoxify-unbiased
1984618172566147329,0.0005330144194886088,1.3771133353657206e-06,3.639399801613763e-05,7.308040949283168e-05,0.00014553303481079638,2.3913224140414968e-05,1.301775046158582e-05,detoxify-unbiased
1984618870280237152,0.0003646432305686176,1.3301187209435739e-06,2.532593316573184e-05,7.53755375626497e-05,9.862606384558603e-05,1.697755214991048e-05,1.2340209650574252e-05,detoxify-unbiased
1984621314410242544,0.011289520189166069,3.850568464258686e-05,0.0002727523387875408,0.010614516213536263,0.0009491628734394908,0.00019026559311896563,0.00020983387366868556,detoxify-unbiased
1984630474040316239,0.0036109364591538906,2.6901329874817748e-06,3.0985745979705825e-05,0.004140712786465883,0.0004569843295030296,3.831302092294209e-05,2.6870822694036178e-05,detoxify-unbiased
1984632106895466672,0.0005897754454053938,1.3651813333126483e-06,3.591989661799744e-05,6.950758688617498e-05,0.00017156335525214672,2.0774506992893293e-05,1.518417502666125e-05,detoxify-unbiased
1984979073408323672,0.00038516646600328386,1.3583425015895045e-06,2.604079054435715e-05,7.619818643433973e-05,0.00010227780876448378,1.6329233403666876e-05,1.1641619494184852e-05,detoxify-unbiased
1984979906007007627,0.00044849299592897296,1.2723821782856248e-06,2.8828289941884577e-05,6.931133975740522e-05,0.0001226250024046749,1.75018903973978e-05,1.3332809430721682e-05,detoxify-unbiased
1984980385999073430,0.00041153508936986327,1.3492417565430515e-06,2.6968915335601196e-05,7.172430196078494e-05,0.00010660814587026834,1.8067939890897833e-05,1.4556438145518769e-05,detoxify-unbiased
1984981506574492058,0.0007466979441232979,1.1352540241205133e-06,2.6506968424655497e-05,0.00010275966633344069,0.0001897476176964119,1.8963972252095118e-05,1.3008071618969552e-05,detoxify-unbiased
1984982042019344519,0.0004288716590963304,1.3752038512393483e-06,3.3630352845648304e-05,6.868665514048189e-05,0.00011885957792401314,1.816742769733537e-05,1.5214644918160047e-05,detoxify-unbiased
1985349338113925572,0.0003736062499228865,1.3022031453147065e-06,2.572511584730819e-05,7.098033529473469e-05,0.00010294218373019248,1.6328345736837946e-05,1.2573399544635322e-05,detoxify-unbiased
1985351654560928003,0.008964196778833866,4.179738971288316e-05,0.00030523218447342515,0.008028712123632431,0.0009621002827771008,0.00013318104902282357,0.00021747722348663956,detoxify-unbiased
1985353451849544037,0.0012150835245847702,1.2895667396151111e-06,3.608589759096503e-05,0.00012980002793483436,0.00030697270995005965,2.3806436729501e-05,1.842557503550779e-05,detoxify-unbiased
1985355151167627641,0.0005676672444678843,1.2413308922987198e-06,3.417626066948287e-05,7.390203245449811e-05,0.00014976770034991205,1.7612750525586307e-05,1.3850522009306587e-05,detoxify-unbiased
1985355501794685020,0.0003638032649178058,1.4496897620119853e-06,2.8912927518831566e-05,6.781162664992735e-05,9.363135905005038e-05,1.733529643388465e-05,1.3688507351616863e-05,detoxify-unbiased
1985369330117218373,0.0005358385387808084,1.5832754343136912e-06,3.241725789848715e-05,0.00015236216131597757,0.00011536720558069646,2.4273627786897123e-05,1.503959902038332e-05,detoxify-unbiased
1985370057325576228,0.001348564401268959,2.0482159470702754e-06,5.4039112001191825e-05,0.00011342912330292165,0.00021970101806800812,6.359328835969791e-05,3.044213190150913e-05,detoxify-unbiased
1985424690706293046,0.00040366355096921325,1.4107483821135247e-06,2.627529829624109e-05,7.412923878291622e-05,0.00010521353397052735,1.8443084627506323e-05,1.3916855095885694e-05,detoxify-unbiased
1985431020041085433,0.000379847246222198,1.2241119975442416e-06,2.481057890690863e-05,6.575920997420326e-05,0.0001071109072654508,1.5763549527036957e-05,1.2321841495577246e-05,detoxify-unbiased
1985793226343624728,0.0003968658566009253,1.4177630873746239e-06,2.7433678042143583e-05,7.223401917144656e-05,0.00010098461643792689,1.9818751752609387e-05,1.4863394426356535e-05,detoxify-unbiased
1985794955374133537,0.0004715102259069681,1.0460405519552296e-06,2.33839364227606e-05,7.44373828638345e-05,0.00014340774214360863,1.5125006939342711e-05,1.173731197923189e-05,detoxify-unbiased
1985795654715617599,0.0005909866886213422,1.384405663884536e-06,3.328360617160797e-05,0.00011658912990242243,0.00014604628086090088,2.073195719276555e-05,1.2817203241866082e-05,detoxify-unbiased
1985796770484412673,0.0006141326739452779,1.0326587016606936e-06,2.4668455807841383e-05,7.926356920506805e-05,0.0001768432412063703,1.5046874977997504e-05,1.3595098607765976e-05,detoxify-unbiased
1985796896653217824,0.0009648418053984642,1.035583750308433e-06,3.376741733518429e-05,7.681686111027375e-05,0.0002977162366732955,1.6050416888901964e-05,1.5549025192740373e-05,detoxify-unbiased
1985798054985793701,0.0003522359183989465,1.286088604501856e-06,2.5532741346978582e-05,6.731237226631492e-05,0.00010103528620675206,1.5428437109221704e-05,1.21053872135235e-05,detoxify-unbiased
1985798370019995814,0.002379740821197629,3.5957091313321143e-06,4.017391984234564e-05,0.0006521355826407671,0.00024506624322384596,0.00014343236398417503,2.5038141757249832e-05,detoxify-unbiased
1985798669463884125,0.0006576182786375284,2.28425028581114e-06,3.274211485404521e-05,0.0002923562133219093,0.00013950564607512206,3.2506228308193386e-05,1.3978174138173927e-05,detoxify-unbiased
1985799370923503899,0.005179813597351313,3.3912847356987186e-06,5.3162206313572824e-05,0.0018824241124093533,0.000505468575283885,0.00017007045971695334,3.2002069929149e-05,detoxify-unbiased
1985801485393797395,0.009634840302169323,1.047237037710147e-05,4.412009730003774e-05,0.010789191350340843,0.0007797445286996663,3.3984055335167795e-05,0.000477458379464224,detoxify-unbiased
1985801944460402902,0.00040411826921626925,1.179751393465267e-06,2.2876858565723523e-05,7.432984421029687e-05,0.00011621030716923997,1.6290410712826997e-05,1.1652994544419926e-05,detoxify-unbiased
1985802092271874386,0.0010008499957621098,2.1814435058331583e-06,6.499692244688049e-05,0.00015390865155495703,0.00027587160002440214,2.8107244361308403e-05,5.1284001528983936e-05,detoxify-unbiased
1986105961354862875,0.0006219340721145272,1.0965516139549436e-06,2.5587441996322013e-05,9.310871973866597e-05,0.00017841039516497403,1.7951389963855036e-05,1.1843681022583041e-05,detoxify-unbiased
1986106487425405325,0.0004416362498886883,1.147264242717938e-06,2.4713359380257316e-05,7.374244887614623e-05,0.00012547240476123989,1.538133801659569e-05,1.162544413091382e-05,detoxify-unbiased
1986106993161973877,0.0003742507833521813,1.354255232399737e-06,3.016634946106933e-05,6.05774148425553e-05,0.00010344808106310666,1.5783585695317015e-05,1.3362902791413944e-05,detoxify-unbiased
1986107292211708134,0.0006653670570813119,1.1326530966471182e-06,2.5290479243267328e-05,7.11020766175352e-05,0.00017054445925168693,1.994109152292367e-05,1.2872424122178927e-05,detoxify-unbiased
1986107887756726704,0.0006748969899490476,1.274900228054321e-06,3.0359335141838528e-05,8.07184842415154e-05,0.00016554855392314494,2.1235759049886838e-05,1.5552792319795117e-05,detoxify-unbiased
1986108579711992245,0.0003739519161172211,1.3122199788995204e-06,2.6547468223725446e-05,6.818642577854916e-05,0.00010322331945644692,1.720488944556564e-05,1.2925762348459102e-05,detoxify-unbiased
1986488967475134558,0.0006863679736852646,1.5794387309142621e-06,2.937553836090956e-05,0.00010445101361256093,0.00012531253742054105,4.9797807150753215e-05,1.424533093086211e-05,detoxify-unbiased
1986489354970149191,0.0003544878854881972,1.2240349178682663e-06,2.29315319302259e-05,6.811051571276039e-05,9.795339428819716e-05,1.596661786607001e-05,1.2135994438722264e-05,detoxify-unbiased
1986489860400533730,0.0018185325898230076,8.799279385129921e-06,7.556215132353827e-05,0.0007830894901417196,0.0004982154932804406,7.890647975727916e-05,0.00018590872059576213,detoxify-unbiased
1986490621469601915,0.0013832859694957733,3.322521251902799e-06,6.33176532573998e-05,0.00028650369495153427,0.00022663762501906604,2.298065555805806e-05,8.522450661985204e-05,detoxify-unbiased
1986491066564931898,0.0015697559574618936,3.677985887406976e-06,6.960661994526163e-05,0.00028429777012206614,0.0004670846101362258,2.617189056763891e-05,4.423688005772419e-05,detoxify-unbiased
1986492165581660200,0.0012908143689855933,1.9271401470177807e-06,4.6217304770834744e-05,0.0002088398759951815,0.0002515575324650854,4.240661291987635e-05,2.1263012968120165e-05,detoxify-unbiased
1986818137354912242,0.04097287356853485,0.00015171515406109393,0.0015051743248477578,0.038840945810079575,0.003050185739994049,0.0008079276885837317,0.00014890605234541,detoxify-unbiased
1986876967430307869,0.0003507805522531271,1.3329199646250345e-06,2.3828742996556684e-05,7.86353848525323e-05,9.652654262026772e-05,1.6949905329965986e-05,1.2375329788483214e-05,detoxify-unbiased
1986877898859454868,0.003038824535906315,1.2278205758775584e-05,0.00019065603555645794,0.0007058002520352602,0.0010740329744294286,5.7297209423268214e-05,0.00021584238857030869,detoxify-unbiased
1986878388867371186,0.0004897709586657584,1.0854448646568926e-06,2.697565287235193e-05,6.594225851586089e-05,0.0001472311414545402,1.5802170310053043e-05,1.1819173778349068e-05,detoxify-unbiased
1986878705075954054,0.0004078061319887638,1.4026522876520175e-06,2.8140799258835614e-05,7.77573513914831e-05,0.0001079081921488978,1.869241714302916e-05,1.3214655155024957e-05,detoxify-unbiased
1986879132991471868,0.007765718270093203,4.9676023081701715e-06,6.003860107739456e-05,0.009610137902200222,0.0006836798856966197,6.438127456931397e-05,5.223364132689312e-05,detoxify-unbiased
1987236445254234330,0.00046374002704396844,1.2806933682441013e-06,3.2826184906298295e-05,5.854608025401831e-05,0.00013006181688979268,1.7793561710277572e-05,1.3674703950528055e-05,detoxify-unbiased
1987238565890105814,0.0004350394010543823,1.2723324971375405e-06,2.862963629013393e-05,7.299655408132821e-05,0.0001163825363619253,1.7173872038256377e-05,1.2610337762453128e-05,detoxify-unbiased
1987238967415075153,0.00046662785462103784,1.3784100474367733e-06,2.980714816658292e-05,7.583320984849706e-05,0.00011616853589657694,1.966823765542358e-05,1.2923075701110065e-05,detoxify-unbiased
1987250480880189511,0.0004380526952445507,1.377922558276623e-06,2.487779602233786e-05,0.00014271258260123432,0.0001011854037642479,1.7543550711707212e-05,1.2721074199362192e-05,detoxify-unbiased
1987250766411641001,0.0003541568585205823,1.391020191476855e-06,2.4612341803731397e-05,7.402306800941005e-05,9.49489331105724e-05,1.732871896820143e-05,1.2212854926474392e-05,detoxify-unbiased
1987251322647662605,0.0034224402625113726,7.744799404463265e-06,9.881499863695353e-05,0.0014602829469367862,0.0005062193376943469,5.873525878996588e-05,5.158437488717027e-05,detoxify-unbiased
1987625050447413535,0.006419368553906679,1.91414824257663e-06,9.681490337243304e-05,0.00017090518667828292,0.0018651436548680067,7.733798702247441e-05,3.626307807280682e-05,detoxify-unbiased
1987625314386636947,0.0003650272265076637,1.2594201734827948e-06,2.513057552278042e-05,7.249859481817111e-05,0.00010242841381113976,1.6133886674651876e-05,1.143052850238746e-05,detoxify-unbiased
1987625398952149429,0.0006265270058065653,1.2837296026191325e-06,2.337988007639069e-05,0.00020160859276074916,0.00014151266077533364,1.8523885955801234e-05,1.2135625183873344e-05,detoxify-unbiased
1987625630637126114,0.02969246171414852,0.00014783142250962555,0.00041505199624225497,0.052144236862659454,0.002376151503995061,0.0010677766986191273,0.0002688401727937162,detoxify-unbiased
1987625864884801952,0.0005331396823748946,1.1784942444137414e-06,2.9810275009367615e-05,6.740602839272469e-05,0.00014796074538026005,1.671667087066453e-05,1.2603965842572507e-05,detoxify-unbiased
1987626881332470154,0.0003973257844336331,1.4215310102372314e-06,2.8149577701697126e-05,7.433792779920623e-05,9.809659968595952e-05,1.8322036339668557e-05,1.3670738553628325e-05,detoxify-unbiased
1987923945677336989,0.013281815685331821,1.2924862858199049e-05,0.0001338865840807557,0.007554466370493174,0.0013456232845783234,0.00013106016558595002,6.853636296000332e-05,detoxify-unbiased
1987924193736888391,0.05097603425383568,2.120524186466355e-05,0.0002217087458120659,0.042696256190538406,0.00401972234249115,0.0003347671590745449,9.94002039078623e-05,detoxify-unbiased
1987924420585783615,0.0004760360170621425,1.3597967836176394e-06,3.1906260119285434e-05,7.075016765156761e-05,0.0001169255847344175,1.943794995895587e-05,1.4638460015703458e-05,detoxify-unbiased
1987924489422746107,0.0013224914437159896,2.0587872313626576e-06,4.093230745638721e-05,0.0001429446565452963,0.00019595588673837483,0.00010176609066547826,2.4100976588670164e-05,detoxify-unbiased
1987924716909154550,0.01431005448102951,1.0812072105181869e-05,4.6930854296078905e-05,0.011902223341166973,0.0010166555875912309,0.00033316598273813725,4.402426930028014e-05,detoxify-unbiased
1988287475244998915,0.0008649014635011554,1.1769027423724765e-06,2.9470153094734997e-05,0.00012630439596250653,0.00021160311007406563,2.151069747924339e-05,1.4311097402242012e-05,detoxify-unbiased
1988288172212523331,0.009284674189984798,3.270167508162558e-05,0.00013094312453176826,0.0008804958779364824,0.002436971291899681,0.0005073697539046407,0.00014516839291900396,detoxify-unbiased
1988351847292076310,0.0004925862303934991,1.323980654888146e-06,2.7409436370362528e-05,0.00012249351129867136,0.00011950805492233485,1.6159339793375693e-05,1.33583143906435e-05,detoxify-unbiased
1988352282799247855,0.0014527036109939218,2.4949856651801383e-06,6.630881398450583e-05,0.0001933785097207874,0.00041706522461026907,3.8939611840760335e-05,6.488978397101164e-05,detoxify-unbiased
1988352605085438431,0.0006097580771893263,1.3102891216476564e-06,2.861295797629282e-05,0.0001618364331079647,0.00015626521781086922,1.5617864846717566e-05,1.0698926416807808e-05,detoxify-unbiased
1988383510042718631,0.38486823439598083,0.00018189632100984454,0.020391933619976044,0.0012898803688585758,0.012775030918419361,0.0004630482872016728,0.4626425504684448,detoxify-unbiased
1988737300986032254,0.0004541312518995255,1.3168508985472727e-06,3.139589534839615e-05,6.320507964119315e-05,0.00010857598681468517,1.5986715879989788e-05,1.455854726373218e-05,detoxify-unbiased
1988738109232562228,0.014508391730487347,0.00010389987437520176,0.00033259158954024315,0.02073746919631958,0.001635015825740993,0.000558388652279973,0.00018528365762904286,detoxify-unbiased
1988738431602540644,0.0013544821413233876,3.88693160857656e-06,6.353302887873724e-05,0.00030106952181085944,0.00038329436210915446,2.7448882974567823e-05,4.543009345070459e-05,detoxify-unbiased
1988739155442925663,0.0004743471508845687,1.1582654906305834e-06,2.4543081963201985e-05,8.950675692176446e-05,0.000130912521854043,1.540891025797464e-05,1.2610553312697448e-05,detoxify-unbiased
1988741091663683892,0.00036003065179102123,1.3370563465286978e-06,3.0194294595276006e-05,6.064301487640478e-05,0.00010309386561857536,1.5604613508912735e-05,1.2879030691692606e-05,detoxify-unbiased
1989007786919800978,0.01835055649280548,1.6948530173976906e-05,0.00022938857728149742,0.0007865727529861033,0.004073018673807383,0.0004202045383863151,0.0004674385709222406,detoxify-unbiased
1989008765069242608,0.0010146376444026828,1.3308622328622732e-06,4.821065522264689e-05,8.720195182831958e-05,0.0003013805253431201,2.1019166524638422e-05,2.091405440296512e-05,detoxify-unbiased
1989039862612103438,0.0004221964336466044,1.381950823997613e-06,2.336178113182541e-05,7.957293564686552e-05,0.00010540182120166719,2.4359265808016062e-05,1.4344518604048062e-05,detoxify-unbiased
1989068142279086559,0.08643192052841187,1.8322174582863227e-05,5.461213368107565e-05,0.15367837250232697,0.004857657011598349,0.00024285793188028038,0.0003513399278745055,detoxify-unbiased
1989068525575516579,0.0004915724275633693,1.5599333664795267e-06,2.5940749765140936e-05,9.275841148337349e-05,0.00010732509690569714,3.165558882756159e-05,1.3890522495785262e-05,detoxify-unbiased
1989348398839841000,0.7982432842254639,0.07498390227556229,0.06789983063936234,0.8424197435379028,0.10722119361162186,0.21937397122383118,0.038542360067367554,detoxify-unbiased
1989349307351232671,0.00046382888103835285,1.275736963179952e-06,2.9611712307087146e-05,7.353514956776053e-05,0.00012918449647258967,1.6318974303430878e-05,1.3648150343215093e-05,detoxify-unbiased
1989398224805773633,0.0005219182930886745,1.5658416714359191e-06,2.9989858376211487e-05,9.293451148550957e-05,0.00011782759247580543,3.1003895855974406e-05,1.5189853002084419e-05,detoxify-unbiased
1989398645074981323,0.00038796919398009777,1.3586262639364577e-06,2.8439073503250256e-05,6.730403401888907e-05,0.00010210718028247356,1.634459476917982e-05,1.3046957974438556e-05,detoxify-unbiased
1989415920058388556,0.26401591300964355,0.00011053409252781421,0.003754161996766925,0.0017866402631625533,0.0033821735996752977,0.00045549386413767934,0.40521684288978577,detoxify-unbiased
1989447696336183782,0.0004972469178028405,1.4521292541758157e-06,2.761444920906797e-05,8.267317025456578e-05,0.00011324432125547901,2.744417179201264e-05,1.488790712755872e-05,detoxify-unbiased
1989448214643183868,0.0013336424017325044,5.061657702754019e-06,7.753773388685659e-05,0.0002761263167485595,0.000331184477545321,5.561575017054565e-05,5.458843952510506e-05,detoxify-unbiased
1989818233038213493,0.0008312814170494676,1.7059505807992537e-06,5.287578096613288e-05,8.999056444736198e-05,0.00016715760284569114,2.6720770620158873e-05,2.9630016797455028e-05,detoxify-unbiased
1989818725340414040,0.0004444420337677002,1.232644990523113e-06,2.4875374947441742e-05,7.818100857548416e-05,0.0001174933640868403,1.8931519662146457e-05,1.2339127351879142e-05,detoxify-unbiased
1989819312752705570,0.00045371954911388457,1.2728459068966913e-06,2.4384136850130744e-05,8.718840399524197e-05,0.00011558798723854125,1.9174742192262784e-05,1.2287834579183254e-05,detoxify-unbiased
1989819735127539814,0.0004384424537420273,1.2713512660411652e-06,2.7821130061056465e-05,7.90423437138088e-05,0.00011645991617115214,1.6325060641975142e-05,1.2724908629024867e-05,detoxify-unbiased
1989820239924678745,0.0006768496823497117,1.5584644188493257e-06,5.068863902124576e-05,6.744229176547378e-05,0.00013192329788580537,1.8380331312073395e-05,2.181200216000434e-05,detoxify-unbiased
1989820680464998693,0.0004070302820764482,1.313168809247145e-06,2.7266751203569584e-05,7.244593143695965e-05,0.00010840063623618335,1.8532473404775374e-05,1.4143669432087336e-05,detoxify-unbiased
1990088906151256094,0.0006152958958409727,1.1918504014829523e-06,2.7018135369871743e-05,9.054705878952518e-05,0.00015881872968748212,2.167551610909868e-05,1.4999951417848933e-05,detoxify-unbiased
1990089130139607044,0.0004799322341568768,1.606172645551851e-06,2.7338484869687818e-05,0.00013952799781691283,0.0001066105833160691,2.368153764109593e-05,1.5120306670723949e-05,detoxify-unbiased
1990147304825803112,0.0006016027764417231,1.3301098533702316e-06,3.0303273888421245e-05,9.61447658482939e-05,0.0001468444534111768,2.168841820093803e-05,1.4781604477320798e-05,detoxify-unbiased
1990147308386664502,0.00036147405626252294,1.3513188150682254e-06,2.4000701159820892e-05,8.259830792667344e-05,9.787506132852286e-05,1.7474621927249245e-05,1.2710475857602432e-05,detoxify-unbiased
1990147535952892316,0.00038084201514720917,1.4377801562659442e-06,2.6269761292496696e-05,7.766753697069362e-05,9.179076732834801e-05,1.7687923900666647e-05,1.40561860462185e-05,detoxify-unbiased
1990148142583451748,0.00039782814565114677,1.3844361319570453e-06,2.4467224648105912e-05,8.031530887819827e-05,0.0001054694876074791,1.9392957256059162e-05,1.2774517017533071e-05,detoxify-unbiased
1990149174038331653,0.0003788979083765298,1.234280148310063e-06,2.5899098545778543e-05,7.137312786653638e-05,0.0001085072653950192,1.7449925508117303e-05,1.220533340529073e-05,detoxify-unbiased
1990149291755606301,0.0006115705473348498,1.6817606365293614e-06,3.7670022720703855e-05,0.0001256285177078098,0.00012117793812649325,2.1872347133466974e-05,1.598063317942433e-05,detoxify-unbiased
1990149877184012576,0.0006670795264653862,1.626321363801253e-06,5.298061660141684e-05,0.00010047668183688074,0.00018917478155344725,1.6217958545894362e-05,3.10635005007498e-05,detoxify-unbiased
1990437813125341665,0.0004854764265473932,1.343225676464499e-06,2.7123100153403357e-05,8.021954272408038e-05,0.0001244487357325852,2.613480501167942e-05,1.526359119452536e-05,detoxify-unbiased
1990439509150875654,0.000534757855348289,1.146351110037358e-06,2.7251182473264635e-05,6.946875510038808e-05,0.00014748294779565185,1.6542904631933197e-05,1.3087308616377413e-05,detoxify-unbiased
1990440958328975415,0.00044213986257091165,1.2562052233988652e-06,2.5666819055913948e-05,9.654054156271741e-05,0.00011127841571578756,1.7525822840980254e-05,1.1835687473649159e-05,detoxify-unbiased
1990446639522136399,0.0019579280633479357,1.29629654566088e-06,4.234130756231025e-05,0.00013247695460449904,0.0005205741035751998,3.078381632803939e-05,1.839281503634993e-05,detoxify-unbiased
1990447073703969096,0.0011782976798713207,1.5732314295746619e-06,8.360750507563353e-05,0.00010261807619826868,0.0004052646108902991,2.6404788513900712e-05,2.2401338355848566e-05,detoxify-unbiased
1990447450423808422,0.0006472921231761575,1.1106758392998017e-06,3.526466025505215e-05,7.025721424724907e-05,0.00020213676907587796,1.6053141735028476e-05,1.2366102964733727e-05,detoxify-unbiased
1990447677016826102,0.0007347955252043903,1.1707971907526371e-06,2.9145579901523888e-05,9.54958304646425e-05,0.00022021376935299486,1.621565388632007e-05,1.5305950000765733e-05,detoxify-unbiased
1990826157294387422,0.0010145811829715967,5.660081114911009e-06,9.253814641851932e-05,0.00020479492377489805,0.00028919975738972425,3.925249620806426e-05,6.27006302238442e-05,detoxify-unbiased
1990828440577077573,0.00043946257210336626,1.4109783705862355e-06,2.3714081180514768e-05,9.600321936886758e-05,0.00010662816930562258,2.188964390370529e-05,1.3799366570310667e-05,detoxify-unbiased
1990843706346193103,0.12061528861522675,7.600218850711826e-06,0.001133943791501224,0.0007512361626140773,0.07967335730791092,6.278452201513574e-05,0.0002080345875583589,detoxify-unbiased
1990844307754864666,0.00202873139642179,4.534439995040884e-06,0.00010354904225096107,0.0004422660858836025,0.0004738615534733981,3.560575351002626e-05,3.962506161769852e-05,detoxify-unbiased
1990851010533659089,0.0011850172886624932,1.624148353585042e-06,3.0797236831858754e-05,0.0005657775327563286,0.0002133923553628847,1.9621120372903533e-05,1.6109903299366124e-05,detoxify-unbiased
1990917355203969261,0.002242310903966427,1.637857735659054e-06,7.55581131670624e-05,0.00014206873311195523,0.0006362827843986452,3.0366398277692497e-05,2.561502878961619e-05,detoxify-unbiased
1991161976425164962,0.0012208004482090473,2.1959986042929813e-06,8.543020521756262e-05,0.0001439885818399489,0.0004267715266905725,1.9402206817176193e-05,6.402360304491594e-05,detoxify-unbiased
1991162344450232627,0.0005658786394633353,1.753687797645398e-06,4.1049381252378225e-05,8.007448923308402e-05,0.000114083981316071,2.5863262635539286e-05,1.881235948530957e-05,detoxify-unbiased
1991180145713987829,0.0006404911982826889,3.0923479243938345e-06,4.730672299047001e-05,0.00018696000915952027,8.45379545353353e-05,2.4795795980026014e-05,2.2735792299499735e-05,detoxify-unbiased
1991180741443531132,0.0004213948850519955,1.260292378901795e-06,2.6274648917024024e-05,6.87944921082817e-05,0.00011318687757011503,1.7687198123894632e-05,1.2804399375454523e-05,detoxify-unbiased
1991181001217765804,0.0003592066350392997,1.3078810070510372e-06,2.7277001208858564e-05,7.121689122868702e-05,0.00010153288167202845,1.5418801922351122e-05,1.1733754035958555e-05,detoxify-unbiased
1991181888858259787,0.0009739668457768857,6.277576176216826e-06,0.00010457538883201778,0.0001922348455991596,0.00030652436544187367,3.669856960186735e-05,5.1977040129713714e-05,detoxify-unbiased
1991583500487581772,0.01786768063902855,6.175527960294858e-05,0.00040288292802870274,0.01758178323507309,0.001373527804389596,0.0002664460917003453,0.0003176220052409917,detoxify-unbiased
1991583918517080066,0.00046567225945182145,1.2889876188637572e-06,2.876477265090216e-05,7.347745849983767e-05,0.00012143253115937114,1.774709380697459e-05,1.617980160517618e-05,detoxify-unbiased
1991584331505017045,0.00039419493987224996,1.2756835303662228e-06,2.5020455723279156e-05,7.572278991574422e-05,0.00010533078602747992,1.7759301044861786e-05,1.1872993127326481e-05,detoxify-unbiased
1991587038882054398,0.00042058242252096534,1.286022438762302e-06,3.035594454559032e-05,6.207126716617495e-05,0.00011569351772777736,1.5626312233507633e-05,1.5021940271253698e-05,detoxify-unbiased
1991587804971729074,0.0009880638681352139,1.4945115935915965e-06,3.3095817343564704e-05,0.00016493753355462104,0.0002247154770884663,3.265458872192539e-05,1.8777012883219868e-05,detoxify-unbiased
1991588428933157084,0.0004091629816684872,1.2773926982845296e-06,2.5408520741621032e-05,7.403782365145162e-05,0.00010888486576732248,1.6713467630324885e-05,1.2787780178769026e-05,detoxify-unbiased
1991905739837751545,0.000337811914505437,1.3563127367888228e-06,2.5001900212373585e-05,6.835132808191702e-05,9.39524543355219e-05,1.6057629181887023e-05,1.2214440175739583e-05,detoxify-unbiased
1991905983107330469,0.00044064450776204467,1.4750575019206735e-06,3.1608858989784494e-05,7.37401278456673e-05,0.00011339796765241772,1.984161644941196e-05,1.4867165191390086e-05,detoxify-unbiased
1991906408648827346,0.00043314314098097384,1.410527715961507e-06,3.6445679143071175e-05,6.042694076313637e-05,0.000113039328425657,1.7551950804772787e-05,1.4002483112562913e-05,detoxify-unbiased
1991906428659884519,0.0005493022035807371,1.5368771073553944e-06,3.204021049896255e-05,9.71379122347571e-05,0.00012082360626664013,2.1741807358921506e-05,1.5459751011803746e-05,detoxify-unbiased
1991907526682570857,0.0004091922310180962,1.3141724366505514e-06,2.90445277641993e-05,6.534127169288695e-05,0.00011167736374773085,1.4871787243464496e-05,1.6220434190472588e-05,detoxify-unbiased
1991907752646467867,0.0005021203542128205,1.5226311234073364e-06,2.596040030766744e-05,0.00010875287262024358,0.00013182245311327279,2.4298340576933697e-05,1.4448671208810993e-05,detoxify-unbiased
1991908475757035906,0.00047578170779161155,1.2930283901368966e-06,3.005602593475487e-05,6.893213139846921e-05,0.0001176726509584114,1.685570168774575e-05,1.4958810425014235e-05,detoxify-unbiased
1992264109274873989,0.0005819022189825773,1.6047733879531734e-06,2.882325861719437e-05,0.00011515047663124278,0.00012104984489269555,2.7581763788475655e-05,1.3428078091237694e-05,detoxify-unbiased
1992264262270476458,0.00771536398679018,4.413554052007385e-06,0.00013224862050265074,0.0029987492598593235,0.0012754324125126004,4.7751997044542804e-05,4.793888365384191e-05,detoxify-unbiased
1992265159197265998,0.0005551496869884431,2.064091177089722e-06,4.3413620005594566e-05,0.0001269503845833242,0.00011033632472390309,2.428277366561815e-05,1.822439480747562e-05,detoxify-unbiased
1992265545391944015,0.0003655568871181458,1.4639023220297531e-06,2.7599968234426342e-05,6.92847024765797e-05,9.317071089753881e-05,1.7254462363780476e-05,1.3965035577712115e-05,detoxify-unbiased
1992265794240016651,0.0004035182937514037,1.3500372233465896e-06,2.9345968869165517e-05,6.768054299755022e-05,0.00010527284030104056,1.7002423192025162e-05,1.3281766769068781e-05,detoxify-unbiased
1992266427730895006,0.016927072778344154,1.0660235602699686e-05,0.00021995881979819387,0.004244145471602678,0.0033977795392274857,8.534063817933202e-05,9.234131721314043e-05,detoxify-unbiased
1992608955281936446,0.0004963483661413193,1.1760376992242527e-06,2.7867889002664015e-05,7.348145300056785e-05,0.0001382433983962983,1.6637688531773165e-05,1.3027537534071598e-05,detoxify-unbiased
1992609284471833012,0.0009867351036518812,7.472634024452418e-06,0.000107276500784792,0.00020954935462214053,0.0003222158702556044,3.8813857827335596e-05,6.350359763018787e-05,detoxify-unbiased
1992609581579604137,0.0004389145178720355,1.375018996441213e-06,2.6894971597357653e-05,8.392173913307488e-05,0.00010692446812754497,2.064969521597959e-05,1.4964574802434072e-05,detoxify-unbiased
1992609908408135782,0.0004130529996473342,1.2992755955565372e-06,2.7722660888684914e-05,7.638720126124099e-05,0.00010951192234642804,1.7077027223422192e-05,1.3299918464326765e-05,detoxify-unbiased
1992610206967079180,0.00040676092612557113,1.1702813935698941e-06,2.3166632672655396e-05,8.608729694969952e-05,0.00011326029198244214,1.5593621355947107e-05,1.1527056813065428e-05,detoxify-unbiased
1992970119526359311,0.0006762294797226787,1.4787095778956427e-06,3.41753511747811e-05,0.00022823559993412346,0.00014209366054274142,1.5033634554129094e-05,1.5230293683998752e-05,detoxify-unbiased
1992970629826453706,0.0007604912389069796,2.281493834743742e-06,4.9383306759409606e-05,0.0002834503538906574,0.00022255869407672435,1.5395484297187068e-05,5.457657607621513e-05,detoxify-unbiased
1992970917589242003,0.0018200099002569914,1.5296916444640374e-06,5.4248837841441855e-05,0.00015278275532182306,0.00045791876618750393,2.8575545002240688e-05,2.0308534658397548e-05,detoxify-unbiased
1992971261396303873,0.0005201601888984442,1.1330280358379241e-06,2.671860420377925e-05,7.15600690455176e-05,0.00014607192133553326,1.587113001733087e-05,1.4283528798841871e-05,detoxify-unbiased
1992971922775167060,0.0004208158061373979,1.154607389253215e-06,2.5170749722747132e-05,6.331240001600236e-05,0.00011865959095302969,1.562836769153364e-05,1.1906420695595443e-05,detoxify-unbiased
1993316339788775490,0.000591025804169476,1.3834660421707667e-06,2.5753148293006234e-05,0.00017549522453919053,0.00013453375140670687,1.9959470591857098e-05,1.3225926522864029e-05,detoxify-unbiased
1993317230952493399,0.0020890296436846256,1.8799397594193579e-06,8.738842734601349e-05,0.00010819482849910855,0.000568043440580368,4.8862446419661865e-05,2.467057311150711e-05,detoxify-unbiased
1993319215701377454,0.0005867157015018165,1.4884834627082455e-06,2.6956729925586842e-05,0.0001368522207485512,0.0001260730205103755,2.769642014754936e-05,1.3241095075500198e-05,detoxify-unbiased
1993320152104882336,0.00038999164826236665,1.4567538073606556e-06,3.1163461244432256e-05,7.643441495019943e-05,0.00010031489364337176,1.541684650874231e-05,1.2809504369215574e-05,detoxify-unbiased
1993320447878766641,0.0003808935289271176,1.3927365216659382e-06,3.20162289426662e-05,6.483287870651111e-05,0.00010204011778114364,1.7414664398529567e-05,1.3311641851032618e-05,detoxify-unbiased
1994130376319447211,0.0005554447416216135,1.4196654092302197e-06,2.8205415219417773e-05,9.346446313429624e-05,0.0001464206725358963,2.055817276414018e-05,1.5754350897623226e-05,detoxify-unbiased
1994186664525107405,0.00041782448533922434,1.1619374618021538e-06,2.354049138375558e-05,7.773430115776137e-05,0.00011636544513748959,1.5372612324426882e-05,1.2191188034194056e-05,detoxify-unbiased
1994824368170360852,0.0004341660824138671,1.4132825754131773e-06,3.473334800219163e-05,7.654105866095051e-05,0.00011074035137426108,1.804290513973683e-05,1.5206986063276418e-05,detoxify-unbiased
1994831056063664470,0.0004339277802500874,1.458051883673761e-06,2.7820069590234198e-05,0.0001220711856149137,0.00010172533802688122,1.81850391527405e-05,1.2531214451882988e-05,detoxify-unbiased
1994833552026849383,0.000380579789634794,1.4321022945296136e-06,2.6067646103911102e-05,9.193259029416367e-05,9.48970700846985e-05,1.9463865100988187e-05,1.2027413504256401e-05,detoxify-unbiased
1994833853458874500,0.0005161992157809436,1.9760250324907247e-06,4.353729309514165e-05,0.00010189912427449599,0.00010305082105332986,1.7677264622761868e-05,1.8792025002767332e-05,detoxify-unbiased
1994900603751784804,0.00045821702224202454,1.2539263707367354e-06,3.111532350885682e-05,7.303457095986232e-05,0.00012707308633252978,1.693168087513186e-05,1.2883919225714635e-05,detoxify-unbiased
1994902566526722185,0.0005219749873504043,1.431496116310882e-06,3.7911046092631295e-05,7.777388964314014e-05,0.00013288903573993593,1.920431350299623e-05,1.4994716366345529e-05,detoxify-unbiased
1995154021422657981,0.0004185264988336712,1.3559313174482668e-06,2.9899643777753226e-05,7.265868043759838e-05,0.000110522290924564,1.8205790183856152e-05,1.3554552424466237e-05,detoxify-unbiased
1995154718071419009,0.000351220864104107,1.342892460343137e-06,2.6440771762281656e-05,7.169182208599523e-05,9.851318463915959e-05,1.7222455426235683e-05,1.2072528988937847e-05,detoxify-unbiased
1995154917510500640,0.0004560750094242394,1.3583010058937361e-06,2.9816728783771396e-05,8.369477291125804e-05,0.00011771955178119242,1.9450986656011082e-05,1.3765980838797987e-05,detoxify-unbiased
1995155689438687421,0.000446833175374195,1.8984009102496202e-06,3.536879376042634e-05,9.555158612783998e-05,8.399323269259185e-05,1.9991453882539645e-05,1.9988423446193337e-05,detoxify-unbiased
1995156000588906802,0.001928052050061524,7.958883543324191e-06,0.00011297660967102274,0.0005139386630617082,0.00024761055829003453,6.730428867740557e-05,7.621002441737801e-05,detoxify-unbiased
1995156630879576307,0.00045147305354475975,1.2200235914860968e-06,2.8871791073470376e-05,6.975020369281992e-05,0.00012494206021074206,1.689063719823025e-05,1.3238368410384282e-05,detoxify-unbiased
1995568216572129707,0.0012405130546540022,2.2181557142175734e-06,8.775987225817516e-05,0.00013788360229227692,0.0003769335162360221,2.2518843252328224e-05,6.130307156126946e-05,detoxify-unbiased
1995572852301459527,0.0004229606129229069,1.10513724393968e-06,2.4122224203892983e-05,6.623904482694343e-05,0.0001275515096494928,1.5499666915275156e-05,1.1872562936332542e-05,detoxify-unbiased
1995581314339061802,0.0004057147598359734,1.2995866427445435e-06,2.284489710291382e-05,7.92131686466746e-05,0.00010834555723704398,2.036990554188378e-05,1.2288091966183856e-05,detoxify-unbiased
1995581725657768181,0.000513893086463213,1.3647388641402358e-06,3.0353194233612157e-05,7.80121044954285e-05,0.00013271630450617522,2.0318122551543638e-05,1.8760581951937638e-05,detoxify-unbiased
1995582121335738760,0.00036547030322253704,1.3861840670870151e-06,2.4865197701728903e-05,8.265905489679426e-05,9.569155372446403e-05,1.5906571206869557e-05,1.2671963304455858e-05,detoxify-unbiased
1995871409449415142,0.00048744873492978513,1.2521924190878053e-06,3.246505730203353e-05,8.793747110757977e-05,0.00013886448869016021,1.568428342579864e-05,1.4125607776804827e-05,detoxify-unbiased
1995871713842606385,0.0021236136090010405,1.0923911304416833e-06,4.2153726099058986e-05,0.00014069890312384814,0.0007416832959279418,2.0708619558718055e-05,1.3681799828191288e-05,detoxify-unbiased
1995871943346507838,0.0004387183580547571,1.1865553233292303e-06,3.024051693500951e-05,7.300810830201954e-05,0.00012854811211582273,1.4265872778196353e-05,1.2947895811521448e-05,detoxify-unbiased
1995872138813669679,0.0005906529841013253,1.4089063142819214e-06,3.676470078062266e-05,8.722375059733167e-05,0.00015368997992482036,2.0049286831635982e-05,1.7767195458873175e-05,detoxify-unbiased
1995872447682253184,0.0023214290849864483,4.857056410401128e-06,8.490409527439624e-05,0.00041700497968122363,0.0006975692231208086,3.8751313695684075e-05,7.267573528224602e-05,detoxify-unbiased
1995959752912732566,0.0004356743593234569,1.1917413758055773e-06,2.4579689124948345e-05,7.254472438944504e-05,0.00012009972124360502,1.691678335191682e-05,1.2476458323362749e-05,detoxify-unbiased
1996228063256842672,0.0005195668200030923,1.258744191545702e-06,2.789724567264784e-05,8.869838347891346e-05,0.00013008502719458193,1.8842003555619158e-05,1.1905421160918195e-05,detoxify-unbiased
1996231628448772586,0.0004088668501935899,1.2893416396764223e-06,2.7654876248561777e-05,6.678297359030694e-05,0.00010951119475066662,1.6265586964436807e-05,1.2798931493307464e-05,detoxify-unbiased
1996231955952627782,0.007311508059501648,0.0003362040442880243,0.0014244166668504477,0.010470726527273655,0.0012993630953133106,0.0005444988491944969,0.0002019747334998101,detoxify-unbiased
1996232657730994525,0.0006889575743116438,1.4272512771640322e-06,4.593052653945051e-05,7.025694503681734e-05,0.00018830414046533406,1.8174134311266243e-05,1.7880911400425248e-05,detoxify-unbiased
1996233098485235940,0.0007506361580453813,1.5070261270011542e-06,3.5175453376723453e-05,9.659182978793979e-05,0.000180641160113737,3.141862543998286e-05,2.2197440557647496e-05,detoxify-unbiased
1996312454075130359,0.0004122224054299295,1.2725108717859257e-06,2.9121019906597212e-05,6.89159642206505e-05,0.00011609400826273486,1.6198144294321537e-05,1.1987450307060499e-05,detoxify-unbiased
1996313393486004632,0.0004309596843086183,1.4074439604883082e-06,3.421950532356277e-05,7.130584708647802e-05,0.00011210553930141032,1.6759960999479517e-05,1.3702011528948788e-05,detoxify-unbiased
1996314323493241252,0.0005278747994452715,1.6980683312795009e-06,2.724465957726352e-05,0.00010547371493885294,0.0001330267114099115,2.761413634289056e-05,1.8915729015134275e-05,detoxify-unbiased
1996315778254021042,0.0013573154574260116,4.029514002468204e-06,6.209749699337408e-05,0.00033156140125356615,0.0003951926191803068,2.7631915145320818e-05,4.709517088485882e-05,detoxify-unbiased
1996937851477344257,0.00036523223388940096,1.340548351436155e-06,2.81202210317133e-05,6.405908789020032e-05,0.00010007574019255117,1.798429002519697e-05,1.3525626854971051e-05,detoxify-unbiased
1996938640333676640,0.000425478327088058,1.1912766240129713e-06,2.926556408056058e-05,6.180235504871234e-05,0.00012313351908233017,1.6594303815509193e-05,1.3627315638586879e-05,detoxify-unbiased
1996939025534361947,0.0004338411381468177,1.3227387398728752e-06,2.9679053113795817e-05,7.020792691037059e-05,0.0001137769577326253,1.6983900422928855e-05,1.3270600902615115e-05,detoxify-unbiased
1996939419341684844,0.00046999400365166366,1.2727135754175833e-06,2.5031027689692564e-05,9.296544158132747e-05,0.00011716107837855816,2.0582849174388684e-05,1.266812250833027e-05,detoxify-unbiased
1996940528617758939,0.05068875104188919,2.263027272420004e-05,0.00024532972020097077,0.043674785643815994,0.004660368897020817,0.00012404662265907973,0.0017501242691650987,detoxify-unbiased
1996941184158093801,0.012681446969509125,1.2761392099491786e-05,0.000144533027196303,0.010397269390523434,0.0012909108772873878,8.521157724317163e-05,5.8314504713052884e-05,detoxify-unbiased
1996941721721090391,0.0004192084597889334,1.3824439974996494e-06,2.6654370230971836e-05,0.0001063035088009201,0.00010235254012513906,1.857031566032674e-05,1.353938478132477e-05,detoxify-unbiased
1996942528847790090,0.0004220451519358903,1.1384578328943462e-06,2.421984390821308e-05,7.657251990167424e-05,0.00012200020137242973,1.5514737242483534e-05,1.1866563909279648e-05,detoxify-unbiased
1997032470475059275,0.00033497114782221615,1.3542073702410562e-06,2.4874996597645804e-05,7.016722520347685e-05,9.229659917764366e-05,1.6536419934709556e-05,1.2074303413101006e-05,detoxify-unbiased
1997033927077179842,0.0008837857167236507,1.344927795798867e-06,3.052495594602078e-05,0.00011024420382454991,0.0002005028654821217,2.3767353923176415e-05,2.057132951449603e-05,detoxify-unbiased
1997034198037565751,0.0004054721212014556,1.279952243748994e-06,2.4594764909124933e-05,7.789435767335817e-05,0.00010624756396282464,1.8286669728695415e-05,1.2171949492767453e-05,detoxify-unbiased
1997344333670875145,0.0004482395597733557,1.2154910109529737e-06,2.5145080144284293e-05,7.271114736795425e-05,0.00011963451106566936,1.712809353193734e-05,1.2213250556669664e-05,detoxify-unbiased
1997344837754822755,0.0004486710822675377,1.4536839216816588e-06,2.4243507141363807e-05,0.000160871451953426,9.951304673450068e-05,1.7553626094013453e-05,1.286486440221779e-05,detoxify-unbiased
1997345905423335594,0.00113927130587399,1.995677394006634e-06,4.437563256942667e-05,0.00011234685371164232,0.00020578771363943815,7.614203786943108e-05,2.5264227588195354e-05,detoxify-unbiased
1997348318137983271,0.00048798712668940425,1.2195595218145172e-06,3.058462971239351e-05,7.155344792408869e-05,0.0001430679258191958,1.5707169950474054e-05,1.2416989193297923e-05,detoxify-unbiased
1997348548220793094,0.00121260283049196,2.5264043870265596e-06,7.0669520937372e-05,0.00016534978931304067,0.0002406603452982381,5.975569365546107e-05,5.168610732653178e-05,detoxify-unbiased
1997348671331991769,0.0010105217806994915,1.7560020069140592e-06,7.082624506438151e-05,7.511299918405712e-05,0.00024631808628328145,2.9167071261326782e-05,3.3999553124886006e-05,detoxify-unbiased
1997684238225703366,0.0013432474806904793,3.096139607805526e-06,8.397329656872898e-05,0.00025301784626208246,0.0003582615463528782,2.7923701054533012e-05,9.07958165043965e-05,detoxify-unbiased
1997685369563644003,0.0003674108593259007,1.2910728628412471e-06,2.7409043468651362e-05,6.484981713583693e-05,0.00010278798436047509,1.6077396139735356e-05,1.215756401506951e-05,detoxify-unbiased
1997789819485778242,0.0006274962797760963,1.2582183899212396e-06,3.158421168336645e-05,8.118512050714344e-05,0.0001744596374919638,2.0772944480995648e-05,1.347233137494186e-05,detoxify-unbiased
1997791625230102623,0.0005081528797745705,2.1805201413371833e-06,4.019158222945407e-05,0.000154430657858029,0.00016684945148881525,1.4891769751557149e-05,3.384227238711901e-05,detoxify-unbiased
1998033265869848724,0.0005451446049846709,1.2560195727928658e-06,3.4764630981953815e-05,6.796135858166963e-05,0.0001505477266618982,1.676917054282967e-05,1.4046833712200169e-05,detoxify-unbiased
1998035588696416554,0.003192179836332798,1.2996378245588858e-05,0.00010871575796045363,0.0012463447637856007,0.0007094874745234847,0.0001444980298401788,0.0003995403239969164,detoxify-unbiased
1998036020609089686,0.00042011920595541596,1.4261396472647903e-06,2.599138861114625e-05,9.348398452857509e-05,0.00010686381574487314,1.9147881175740622e-05,1.3010130714974366e-05,detoxify-unbiased
1998039940236505350,0.0004300166619941592,1.2416127219694317e-06,2.6465164410183206e-05,7.734970859019086e-05,0.00011342252400936559,1.7665890482021496e-05,1.2935924132762011e-05,detoxify-unbiased
1998042847862272403,0.00033855941728688776,1.4636789273936301e-06,2.7919148124055937e-05,6.650436989730224e-05,9.123532072408125e-05,1.683082155068405e-05,1.2931484889122657e-05,detoxify-unbiased
1998045980667646385,0.0009329621098004282,2.1575326627498725e-06,7.258888217620552e-05,0.00011228932999074459,0.00019827965297736228,2.243376729893498e-05,3.889834260917269e-05,detoxify-unbiased
1998417304472687088,0.0006944851484149694,1.3435766277325456e-06,3.472420576144941e-05,8.89200164237991e-05,0.000177372494363226,2.209315607615281e-05,1.5832520148251206e-05,detoxify-unbiased
1998418736718492106,0.0005629273946397007,1.1982305068158894e-06,2.73149798886152e-05,7.569132139906287e-05,0.00014224332699086517,1.9409886590437964e-05,1.5116700524231419e-05,detoxify-unbiased
1998419372310737274,0.0018336119828745723,1.4534828096657293e-06,7.721086876699701e-05,0.0001240295823663473,0.000685169012285769,1.4685370842926204e-05,1.9243821952841245e-05,detoxify-unbiased
1998419898691727710,0.0013128432910889387,1.3647492096424685e-06,4.419732795213349e-05,9.67910818872042e-05,0.00031828705687075853,2.4882872821763158e-05,2.0553916328935884e-05,detoxify-unbiased
1998421818877559181,0.00045248083188198507,1.3114067769492976e-06,2.9602253562188707e-05,9.212503937305883e-05,0.00011599221033975482,1.5208420336421113e-05,1.2556311958178412e-05,detoxify-unbiased
1998757877410853127,0.0003908487851731479,1.30137516407558e-06,2.5212359105353244e-05,8.011810132302344e-05,0.0001031228675856255,1.790277019608766e-05,1.177828471554676e-05,detoxify-unbiased
1998758133682807130,0.0004837542655877769,1.2461038068067865e-06,2.93427801807411e-05,7.163100235629827e-05,0.00013021209451835603,1.516319298389135e-05,1.5475443433388136e-05,detoxify-unbiased
1998760462649827787,0.0013255707453936338,5.847492047905689e-06,6.0720147303072736e-05,0.0004902845830656588,0.00042797214700840414,4.9546237278264016e-05,0.0001243157748831436,detoxify-unbiased
1998764549583798632,0.0003651300794444978,1.489509941166034e-06,2.620633131300565e-05,7.55354922148399e-05,9.151545964414254e-05,1.8190641640103422e-05,1.3868232599634212e-05,detoxify-unbiased
1998764847433916697,0.00036460324190557003,1.4983047549321782e-06,2.8559634301927872e-05,7.309106877073646e-05,9.028676868183538e-05,1.650895683269482e-05,1.5320874808821827e-05,detoxify-unbiased
1999127581505814969,0.0004534916952252388,1.259099462913582e-06,2.9355513106565922e-05,7.061698124743998e-05,0.00012056362174917012,1.7456133718951605e-05,1.2174596122349612e-05,detoxify-unbiased
1999128792795652352,0.0003846758627332747,1.3753731309407158e-06,2.631276220199652e-05,8.516609523212537e-05,9.967612277250737e-05,1.9089355191681534e-05,1.3219721040513832e-05,detoxify-unbiased
1999131386515497071,0.0006611868739128113,1.123068500419322e-06,2.9147302484489046e-05,7.628805178683251e-05,0.000185587618034333,1.70576404343592e-05,1.3086984836263582e-05,detoxify-unbiased
1999140393594638736,0.0004132288449909538,1.5144908047659555e-06,2.8654461857513525e-05,8.207132486859336e-05,0.00010106476111104712,2.290523480041884e-05,1.3856837540515698e-05,detoxify-unbiased
1999140673249857704,0.04022137075662613,0.00012023595627397299,0.00025127732078544796,0.06478454172611237,0.003052456071600318,0.0009324458078481257,0.00020446459529921412,detoxify-unbiased
1999482283036737577,0.0005936851957812905,1.3714554825128289e-06,2.9214979804237373e-05,9.1686932137236e-05,0.00015089985390659422,2.4809349270071834e-05,1.671187419560738e-05,detoxify-unbiased
1999485477666132085,0.0004266759497113526,1.4240425798561773e-06,2.5363759050378576e-05,8.603928290540352e-05,0.00010468174878042191,2.297835635545198e-05,1.4121593267191201e-05,detoxify-unbiased
1999485914179862786,0.0004934142343699932,1.1175864074175479e-06,2.4874330847524107e-05,7.179772364906967e-05,0.0001397778105456382,1.6238063835771754e-05,1.2773396520060487e-05,detoxify-unbiased
1999486939624292488,0.0004937405465170741,1.6299438811984146e-06,3.079247835557908e-05,9.184471127809957e-05,0.00010442502389196306,2.5203609766322188e-05,1.534353941679001e-05,detoxify-unbiased
1999487468123328916,0.00044587504817172885,1.2106839903935906e-06,2.537880754971411e-05,7.308257045224309e-05,0.00012418355618137866,1.6419242456322536e-05,1.2763753147737589e-05,detoxify-unbiased
1999883080291495982,0.0009236338082700968,2.1857167666894384e-06,4.740395161206834e-05,9.166297240881249e-05,0.00015698758943472058,8.450145105598494e-05,2.5915578589774668e-05,detoxify-unbiased
1999883791888781368,0.002053865697234869,2.7088385650131386e-06,5.7786284742178395e-05,0.00019845763745252043,0.00026931706815958023,0.0001413872087141499,3.640298746176995e-05,detoxify-unbiased
1999884441494094180,0.016515083611011505,1.4392232515092473e-05,0.00015610229456797242,0.006878775544464588,0.0018798690289258957,8.071870252024382e-05,0.0006175552261993289,detoxify-unbiased
1999932408687149548,0.0004278840497136116,1.3474480056174798e-06,2.3897673600004055e-05,7.884291699156165e-05,0.000110579640022479,1.9775783584918827e-05,1.4371137694979552e-05,detoxify-unbiased
1999934549543809258,0.0009448063210584223,1.995271986743319e-06,4.156180511927232e-05,0.0002361623919568956,0.00018725921108853072,3.407794429222122e-05,3.232825474697165e-05,detoxify-unbiased
2000240657990861232,0.0007234986405819654,1.356926077278331e-06,3.7457844882737845e-05,9.615971794119105e-05,0.00018887576879933476,2.0591663997038268e-05,1.4345395356940571e-05,detoxify-unbiased
2000243798538899819,0.00041009823326021433,1.291570356443117e-06,2.8382850359776057e-05,6.768984167138115e-05,0.0001090866862796247,1.51869708133745e-05,1.2656940270971972e-05,detoxify-unbiased
2000244395530953133,0.004489166662096977,1.990123791983933e-06,0.00013942479563411325,0.0001658784894971177,0.0014630904188379645,4.0140752389561385e-05,5.8482462918618694e-05,detoxify-unbiased
2000244992330076384,0.01905645988881588,3.262106838519685e-05,0.00026836921460926533,0.016655337065458298,0.0014543626457452774,0.00024297487107105553,0.00023153227812144905,detoxify-unbiased
2000310854948934141,0.0006471283850260079,1.4443161262533977e-06,2.8845288397860713e-05,9.48130400502123e-05,0.000149040570249781,4.533409810392186e-05,1.2544247510959394e-05,detoxify-unbiased
2000567405089603917,0.009628881700336933,0.00017295405268669128,0.0011896447977051139,0.014247295446693897,0.0013187885051593184,0.0004927973495796323,0.0007644974393770099,detoxify-unbiased
2000569460571193365,0.0009521328029222786,1.7180453824039432e-06,6.286131974775344e-05,0.00015929300570860505,0.00022427240037359297,3.999925320385955e-05,1.6378267901018262e-05,detoxify-unbiased
2000569703765344694,0.0011963676661252975,2.4562787075410597e-06,9.483854228165e-05,0.0001772017712937668,0.000255826860666275,5.6008055253187194e-05,1.920187787618488e-05,detoxify-unbiased
2000570933774291042,0.0008452135371044278,3.3037404136848636e-06,6.479894364019856e-05,0.00012563822383526713,9.004481398733333e-05,3.352052954141982e-05,3.50289665220771e-05,detoxify-unbiased
2000572571998097902,0.00188178732059896,2.6062230062962044e-06,9.265373228117824e-05,0.0005034920177422464,0.0003952561237383634,5.1579263526946306e-05,2.1468889826792292e-05,detoxify-unbiased
2000938732149411934,0.006282389629632235,4.935609467793256e-06,0.00024615891743451357,0.00031066115479916334,0.001313085900619626,0.0002547811309341341,0.00012812628119718283,detoxify-unbiased
2000939751969288302,0.0032470901496708393,1.3871518831365393e-06,6.107940134825185e-05,0.00012185242667328566,0.0010619971435517073,3.053590262425132e-05,2.6718986191553995e-05,detoxify-unbiased
2000940161505411232,0.0005022335099056363,1.4822138609815738e-06,3.369533078512177e-05,8.190167136490345e-05,0.00012390191841404885,2.20630900003016e-05,1.58819693751866e-05,detoxify-unbiased
2000953681395527963,0.0004082001105416566,1.2767945918312762e-06,2.5113158699241467e-05,7.728202763246372e-05,0.00010698351979954168,1.6057138054748066e-05,1.2852158761234023e-05,detoxify-unbiased
2000953897695739984,0.02215508185327053,0.00030648961546830833,0.0008347510010935366,0.0242171473801136,0.002519572153687477,0.000549776537809521,0.0005296192830428481,detoxify-unbiased
2001336377653227638,0.00040720708784647286,1.3003254935028963e-06,2.745534948189743e-05,7.614095375174657e-05,0.00010776259296108037,1.5503999748034403e-05,1.2771154615620617e-05,detoxify-unbiased
2001342190283370895,0.0004569601151160896,1.3228524267105968e-06,2.8589854991878383e-05,7.794777775416151e-05,0.00011616112169576809,1.9944458472309634e-05,1.3759025023318827e-05,detoxify-unbiased
2001342364858663399,0.0017761150375008583,8.903391972125974e-06,7.082591037033126e-05,0.0007681461866013706,0.0004914039163850248,8.961351704783738e-05,0.00018312859174329787,detoxify-unbiased
2001342884025430452,0.002366571919992566,3.9973938328330405e-06,0.00012786887236870825,0.00012670621799770743,0.0003597681934479624,0.00019585987320169806,0.00012349133612588048,detoxify-unbiased
2001373817294246126,0.0005264073261059821,1.2459076970117167e-06,2.2539554265676998e-05,0.00010551777813816443,0.00014300423208624125,2.383405990258325e-05,1.3538377970689908e-05,detoxify-unbiased
2001690413699084349,0.00034819304710254073,1.351972400698287e-06,2.4224973458331078e-05,7.21840187907219e-05,9.451883670408279e-05,1.6173074982361868e-05,1.3175519598007668e-05,detoxify-unbiased
2001690924733112711,0.002456200309097767,2.6260399863531347e-06,5.832902024849318e-05,0.0004570193705148995,0.0003065731725655496,8.603476453572512e-05,4.341175372246653e-05,detoxify-unbiased
2001691469120188646,0.0014846326084807515,2.2381427697837353e-06,3.134527651127428e-05,0.0004566008865367621,0.00021952009410597384,4.98120098200161e-05,2.878318446164485e-05,detoxify-unbiased
2001724531531001985,0.00039307429688051343,1.32730815494142e-06,2.3865151888458058e-05,7.985509728314355e-05,0.00010324428149033338,1.898329719551839e-05,1.2915412298752926e-05,detoxify-unbiased
2001724858938388869,0.0004900829517282546,1.3370499800657853e-06,3.386244861758314e-05,7.356713467743248e-05,0.00012744647392537445,1.7073736671591178e-05,1.4518700481858104e-05,detoxify-unbiased
2002026143881261241,0.0010604610433802009,1.463077410335245e-06,5.251788388704881e-05,0.00011523075954755768,0.00028654385823756456,2.4647810278111137e-05,2.6056834030896425e-05,detoxify-unbiased
2002028766202048641,0.00041761703323572874,1.228993255608657e-06,2.3127628082875162e-05,7.320693839574233e-05,0.00011132044164696708,1.7667827705736272e-05,1.3593283256341238e-05,detoxify-unbiased
2002031861644558514,0.0016027671517804265,4.04417824029224e-06,7.013685535639524e-05,0.00034606584813445807,0.00045042182318866253,3.046028177777771e-05,4.871829878538847e-05,detoxify-unbiased
2002032224653148339,0.0008245061035268009,2.092445129164844e-06,2.796508852043189e-05,0.00021459780691657215,0.00012542898184619844,5.071314808446914e-05,1.591723776073195e-05,detoxify-unbiased
2002032923059311024,0.0006716314237564802,1.942425342349452e-06,3.5365050280233845e-05,0.00021350041788537055,0.00012789873289875686,1.8031294530373998e-05,2.0612294974853285e-05,detoxify-unbiased
2002482002730119505,0.0004033713776152581,1.258397105630138e-06,2.416216921119485e-05,7.448494579875842e-05,0.00010887032840400934,1.6980611690087244e-05,1.1826389709312934e-05,detoxify-unbiased
2002482208582361326,0.0005553296068683267,1.2073115840394166e-06,2.7183461497770622e-05,8.078385144472122e-05,0.00014455259952228516,1.860228985606227e-05,1.4798418305872474e-05,detoxify-unbiased
2002483148760789416,0.0004935607430525124,1.4135022183836554e-06,3.901309901266359e-05,9.323710401076823e-05,0.00012468807108234614,1.8989236195920967e-05,1.6264517398667522e-05,detoxify-unbiased
2002485249029066811,0.0006670461734756827,1.945827534655109e-06,5.8920275478158146e-05,8.902326953830197e-05,0.00012145117216277868,2.612996831885539e-05,2.30685509450268e-05,detoxify-unbiased
2002486158073188609,0.005608897656202316,9.488648174738046e-06,0.00010847726662177593,0.0013251889031380415,0.0018491008086130023,0.00010815244604600593,0.00031728605972602963,detoxify-unbiased
2002752129690173541,0.002947629429399967,3.308129180368269e-06,5.5977194278966635e-05,0.0008740453631617129,0.00030585649074055254,8.675472781760618e-05,2.819506153173279e-05,detoxify-unbiased
2002752314797391886,0.00038083456456661224,1.2333892982496764e-06,2.5912760975188576e-05,6.767054583178833e-05,0.00010823848424479365,1.5578578313579783e-05,1.1331650057400111e-05,detoxify-unbiased
2002756419007770869,0.06328663975000381,0.00023601560678798705,0.0010457703610882163,0.07021360844373703,0.004808796104043722,0.0007446375675499439,0.00017039556405507028,detoxify-unbiased
2002756671244833216,0.025391027331352234,1.8863074728869833e-05,0.00017210420628543943,0.013961098156869411,0.0028914830181747675,0.0008066050359047949,5.381243317970075e-05,detoxify-unbiased
2002756900010496290,0.0005626168567687273,1.354073106085707e-06,3.111025216639973e-05,0.00011402503150748089,0.0001281812583329156,2.0743922505062073e-05,1.2953873920196202e-05,detoxify-unbiased
2003106667232158058,0.0004278316628187895,1.194919946101436e-06,2.4916091206250712e-05,6.549736281158403e-05,0.00012016054824925959,1.6691230484866537e-05,1.2856547982664779e-05,detoxify-unbiased
2003108439799566784,0.000511989404913038,9.93839876173297e-07,2.2940628696233034e-05,6.938890874153003e-05,0.00015695167530793697,1.4538902178173885e-05,1.0900499546551146e-05,detoxify-unbiased
2003108838090649837,0.001422619796358049,4.166597136645578e-06,6.895908154547215e-05,0.0003210919676348567,0.00041586547740735114,2.687517917365767e-05,4.96322572871577e-05,detoxify-unbiased
2003109142462955728,0.00043515407014638186,1.3105391190038063e-06,3.661917435238138e-05,6.384545122273266e-05,0.00012404000153765082,1.961069938261062e-05,1.532575515739154e-05,detoxify-unbiased
2003110559357546915,0.0015176184242591262,2.1247115000733174e-06,8.022459951462224e-05,0.00021548457152675837,0.00031725430744700134,3.271901732659899e-05,2.918646532634739e-05,detoxify-unbiased
2003472766217949423,0.004184735007584095,4.4490847358247265e-05,0.0004077006014995277,0.004057140555232763,0.0005839776713401079,0.00016490183770656586,4.065966641064733e-05,detoxify-unbiased
2003482300315574626,0.0011602351441979408,5.832849183207145e-06,5.7794051826931536e-05,0.0005265348008833826,0.00032882869709283113,4.989539593225345e-05,0.00012637150939553976,detoxify-unbiased
2003484908807672014,0.4121309816837311,6.766217666154262e-06,0.001229075132869184,0.0003889499930664897,0.3777245581150055,4.986971180187538e-05,9.97621682472527e-05,detoxify-unbiased
2003596444943503742,0.010266048833727837,9.463886271987576e-06,4.77707180834841e-05,0.007330359425395727,0.0008896611398085952,0.00023163980222307146,3.8462781958514825e-05,detoxify-unbiased
2003596737450070100,0.0010640110122039914,1.533454224045272e-06,4.253528095432557e-05,0.00012780376709997654,0.00025875604478642344,3.018185634573456e-05,2.097101605613716e-05,detoxify-unbiased
2003597279425413553,0.0006677286582998931,1.1018685199815081e-06,2.929915535787586e-05,7.760564039926976e-05,0.00018496630946174264,1.640218215470668e-05,1.3800472515868023e-05,detoxify-unbiased
2003830866062066080,0.000603396154474467,1.446156147721922e-06,3.1939260225044563e-05,0.00011366287799319252,0.00015357953088823706,1.880870149761904e-05,1.545476698083803e-05,detoxify-unbiased
2003831189899972967,0.007260048296302557,2.842931735358434e-06,0.0001815521827666089,0.00022853806149214506,0.0026158106047660112,3.853782618534751e-05,9.379284892929718e-05,detoxify-unbiased
2003831734580691111,0.0004058998601976782,1.327270183537621e-06,2.729888365138322e-05,7.376044959528372e-05,0.00010585437848931178,1.7477939763921313e-05,1.349043486698065e-05,detoxify-unbiased
2003833284468302023,0.0004524883988779038,1.1925360468012514e-06,2.7402513296692632e-05,6.619642226723954e-05,0.00012249199789948761,1.6091276847873814e-05,1.3958378985989839e-05,detoxify-unbiased
2003834206049181977,0.026091989129781723,0.0002660313621163368,0.0006741663673892617,0.03323826566338539,0.0025168410502374172,0.0007065742393024266,0.00046208599815145135,detoxify-unbiased
2004208751658602802,0.0004969104775227606,1.1892764177900972e-06,2.8598802600754425e-05,6.660350481979549e-05,0.00013717728143092245,1.644903386477381e-05,1.3185750503907911e-05,detoxify-unbiased
2004208946433716272,0.0003916105779353529,1.4546116062774672e-06,3.1840725569054484e-05,6.902869063196704e-05,9.75571310846135e-05,1.7328866306343116e-05,1.3239226973382756e-05,detoxify-unbiased
2004209434776486314,0.00044825408258475363,1.3169463954909588e-06,2.483642856532242e-05,8.098894613794982e-05,0.00011009155423380435,2.1475052562891506e-05,1.3328259228728712e-05,detoxify-unbiased
2004320488948953227,0.00037512806011363864,1.3996498182677897e-06,2.770978790067602e-05,7.065173122100532e-05,9.687650162959471e-05,1.790466376405675e-05,1.3550466974265873e-05,detoxify-unbiased
2004321446101680466,0.008557825349271297,3.5958635180577403e-06,0.00017092819325625896,0.00034382945159450173,0.0013861992629244924,0.0002443681296426803,6.381355342455208e-05,detoxify-unbiased
2004564074604990843,0.00035825351369567215,1.2988804201086168e-06,2.4084572942228988e-05,7.413983985316008e-05,9.806732850847766e-05,1.6541231161681935e-05,1.2367331692075823e-05,detoxify-unbiased
2004566355442352287,0.0004892185097560287,1.4165264019538881e-06,3.22251689794939e-05,7.45682482374832e-05,0.00012325627903919667,2.084074731101282e-05,1.67154757946264e-05,detoxify-unbiased
2004567450059206746,0.00047291035298258066,1.4477845979854465e-06,3.1524748919764534e-05,9.710207086754963e-05,0.0001153735865955241,1.9578577848733403e-05,1.2944241461809725e-05,detoxify-unbiased
2004567736760881634,0.0003912659303750843,1.3658781199410441e-06,2.7797552320407704e-05,7.54029315430671e-05,0.00010326466872356832,1.8625314623932354e-05,1.3356963791011367e-05,detoxify-unbiased
2004568191482118608,0.040848832577466965,0.00033657666062936187,0.0008800706127658486,0.048185016959905624,0.003690160810947418,0.0010269921040162444,0.0006344279972836375,detoxify-unbiased
2005001435461689714,0.0004308572388254106,1.3129072158335475e-06,2.653197770996485e-05,7.81965209171176e-05,0.00011151285434607416,1.890766725409776e-05,1.4227681276679505e-05,detoxify-unbiased
2005002128863941105,0.0005881253746338189,1.4275370858740644e-06,4.051788346259855e-05,7.448566611856222e-05,0.00014633008686359972,1.6881891497178003e-05,1.7025364286382683e-05,detoxify-unbiased
2005037434027872447,0.008445347659289837,6.575018051080406e-05,0.0004105091211386025,0.006932211108505726,0.000955213385168463,0.0003838964330498129,0.0001842126512201503,detoxify-unbiased
2005037995909341376,0.0005420178058557212,2.478484702805872e-06,4.8681238695280626e-05,9.117800800595433e-05,7.595102943014354e-05,2.5536419343552552e-05,2.6915036869468167e-05,detoxify-unbiased
2005038875811467690,0.0005004644626751542,1.5701634765719064e-06,3.834650124190375e-05,7.606221333844587e-05,0.00013821112224832177,1.6566680642426945e-05,1.5306008208426647e-05,detoxify-unbiased
2005392628825637316,0.00044046391849406064,1.3163172525310074e-06,3.140595435979776e-05,6.782048149034381e-05,0.00011805231042671949,1.7854568795883097e-05,1.397185587848071e-05,detoxify-unbiased
2005392924456931766,0.0004438177857082337,1.21689083698584e-06,2.7836043955176137e-05,6.388431211235002e-05,0.00012504743062891066,1.567984145367518e-05,1.3016857337788679e-05,detoxify-unbiased
2005393136034480448,0.00036945310421288013,1.3277323205329594e-06,2.4878840122255497e-05,6.911004311405122e-05,9.963382763089612e-05,1.7637408745940775e-05,1.2296836757741403e-05,detoxify-unbiased
2005395696728309978,0.000930642825551331,1.798321818569093e-06,8.026430441532284e-05,6.607249815715477e-05,0.00020491212490014732,2.1393738279584795e-05,2.9406284738797694e-05,detoxify-unbiased
2005395915100635473,0.004551319871097803,8.470632565149572e-06,0.0001190313050756231,0.0012777603697031736,0.0008844083058647811,7.372992695309222e-05,0.00013236647646408528,detoxify-unbiased
2005630306674491606,0.0005655912682414055,1.598414655745728e-06,3.181007559760474e-05,0.00010817151633091271,0.0001228214823640883,3.401881622266956e-05,1.4377991647052113e-05,detoxify-unbiased
2005632331843776849,0.0026415749453008175,5.559787496167701e-06,0.0009187182295136154,7.138918590499088e-05,0.0004176570218987763,5.467044684337452e-05,0.00014092258061282337,detoxify-unbiased
2005632617354277156,0.0005035059293732047,1.2734153642668389e-06,2.701391167647671e-05,9.213936573360115e-05,0.00012077543942723423,1.7362563085043803e-05,1.3626017789647449e-05,detoxify-unbiased
2005633236269981760,0.0006348828319460154,1.4255384712669184e-06,4.406530570122413e-05,7.478858606191352e-05,0.0001620422408450395,1.6083129594335333e-05,1.6746684195823036e-05,detoxify-unbiased
2005633905110487409,0.000379832781618461,1.4493911066892906e-06,3.1013092666398734e-05,7.35031790100038e-05,9.720063826534897e-05,1.8565429854788817e-05,1.3448840945784468e-05,detoxify-unbiased
2006004809992659059,0.0006521626492030919,1.4313473002403043e-06,3.1444225896848366e-05,0.00010069920972455293,0.0001623085408937186,3.1577495974488556e-05,1.6329016943927854e-05,detoxify-unbiased
2006005384704586123,0.0004766696656588465,1.3227678437033319e-06,3.0420369512285106e-05,7.214280049083754e-05,0.00012265305849723518,1.8238391930935904e-05,1.353548577753827e-05,detoxify-unbiased
2006013648091681169,0.0012621256755664945,5.689750196324894e-06,0.00010531793668633327,0.00018678183550946414,0.00030633388087153435,7.196594378910959e-05,5.4036849178373814e-05,detoxify-unbiased
2006013986773360913,0.0005097431130707264,1.174399130832171e-06,2.3548036551801488e-05,9.551760012982413e-05,0.00013463295181281865,1.8905864635598846e-05,1.1683461707434617e-05,detoxify-unbiased
2006047453976383756,0.0007757579442113638,1.418101192030008e-06,2.1573809135588817e-05,0.0003131628909613937,0.00014691113028675318,2.2634718334302306e-05,1.3487604519468732e-05,detoxify-unbiased
2006342181024358653,0.0008473427733406425,1.3549540653912118e-06,4.038645056425594e-05,8.277532469946891e-05,0.00019722753495443612,2.5902161723934114e-05,2.1816953449160792e-05,detoxify-unbiased
2006345669057937428,0.0005297177121974528,1.3465680694935145e-06,2.931615017587319e-05,8.951017662184313e-05,0.0001385985960951075,2.2384680050890893e-05,1.669985977059696e-05,detoxify-unbiased
2006346078841446413,0.0003863533493131399,1.2116058769606752e-06,2.2741018256056122e-05,7.604726852150634e-05,0.00010635521175572649,1.593433989910409e-05,1.1268007256148849e-05,detoxify-unbiased
2006347170111181247,0.0004110201261937618,1.3503321270036395e-06,2.584321737231221e-05,9.378031973028556e-05,0.00010183481936110184,1.9366842025192454e-05,1.2558227354020346e-05,detoxify-unbiased
2006347883008627041,0.0004016565508209169,1.2425283557604416e-06,2.6055542548419908e-05,6.92309404257685e-05,0.0001139649175456725,1.6714535377104767e-05,1.166008587460965e-05,detoxify-unbiased
2006721988912464143,0.0004291151708457619,1.3752878658124246e-06,2.512961691536475e-05,7.695786189287901e-05,0.00011136725515825674,2.2077507310314104e-05,1.5012202311481815e-05,detoxify-unbiased
2006723103498379685,0.0005350451683625579,1.3614707086162525e-06,2.9833825465175323e-05,8.229899685829878e-05,0.00013390752428676933,2.5404018742847256e-05,1.4876269233354833e-05,detoxify-unbiased
2006723968347091362,0.0003987591480836272,1.4859531347610755e-06,2.8821614250773564e-05,8.194347174139693e-05,9.807378228288144e-05,2.011919605138246e-05,1.3311007933225483e-05,detoxify-unbiased
2006728621902143923,0.01615350879728794,2.4964539989014156e-05,0.00023790867999196053,0.015027468092739582,0.0013213218189775944,0.00015020603314042091,0.00014933063357602805,detoxify-unbiased
2006730544474710437,0.000384351093089208,1.2676526921495679e-06,2.484626202203799e-05,7.794086559442803e-05,0.00010417031444376335,1.6786225387477316e-05,1.186701592814643e-05,detoxify-unbiased
2007080022889181657,0.0005428825388662517,1.520757678008522e-06,3.7923593481536955e-05,9.259411308448762e-05,0.00013653600763063878,2.0396633772179484e-05,1.6031004633987322e-05,detoxify-unbiased
2007080702391525390,0.0032675922848284245,9.7343981906306e-06,8.662098116474226e-05,0.00119515520054847,0.0003727537114173174,9.807929018279538e-05,5.512968709808774e-05,detoxify-unbiased
2007080996533850361,0.00046964173088781536,1.2080244005119312e-06,2.9489605367416516e-05,6.959958409424871e-05,0.00013070458953734487,1.592253647686448e-05,1.3130989827914163e-05,detoxify-unbiased
2007082137594347902,0.00039597644354216754,1.3459376759783481e-06,2.7339085136190988e-05,7.467548130080104e-05,0.0001032055079122074,1.712969424261246e-05,1.3802182365907356e-05,detoxify-unbiased
2007082365248516355,0.0004342637548688799,1.1830096582343685e-06,2.6692752726376057e-05,6.593471334781498e-05,0.00012189670815132558,1.6115433027152903e-05,1.1950968655582983e-05,detoxify-unbiased
2007461596763660371,0.0004286342009436339,1.3249381254354375e-06,2.9004640964558348e-05,7.369513332378119e-05,0.00010973458120133728,1.7365113308187574e-05,1.3179138477426022e-05,detoxify-unbiased
2007466810300420241,0.0003907748032361269,1.327463792222261e-06,2.7111567760584876e-05,7.064486271701753e-05,0.00010432030830997974,1.739333674777299e-05,1.27277980936924e-05,detoxify-unbiased
2007467421183983723,0.0005562063306570053,1.5135913145059021e-06,2.7024396331398748e-05,9.857774421107024e-05,0.00012589161633513868,2.9364276997512206e-05,1.442499069526093e-05,detoxify-unbiased
2007468139576004804,0.0004992199246771634,1.2188141909064143e-06,2.646009306772612e-05,7.489692507078871e-05,0.0001274499954888597,2.0350604245322756e-05,1.246974898094777e-05,detoxify-unbiased
2007469991910601202,0.0004527537093963474,1.2770248076776625e-06,2.4942408344941214e-05,8.115299715427682e-05,0.00011797566548921168,2.1192283384152688e-05,1.2104370398446918e-05,detoxify-unbiased
2007944380804403523,0.0005725031951442361,1.4463424804489478e-06,3.0087598133832216e-05,8.936100493883714e-05,0.00014432343596126884,2.2681975679006428e-05,1.6633326595183462e-05,detoxify-unbiased
2007945136286662985,0.00038945977576076984,1.2763077847921522e-06,2.3779890398145653e-05,7.29182138456963e-05,0.0001052981533575803,1.7911546819959767e-05,1.2638774933293462e-05,detoxify-unbiased
2007945456215536035,0.00036524582537822425,1.3689583511222736e-06,2.5739349439390935e-05,7.135073246899992e-05,9.771801705937833e-05,1.7047997971531004e-05,1.3455050066113472e-05,detoxify-unbiased
2007945683987206228,0.00037629337748512626,1.2197339174235822e-06,2.3241318558575585e-05,6.748417217750102e-05,0.00010693068179534748,1.6186344510060735e-05,1.184304892376531e-05,detoxify-unbiased
2007945989047435301,0.00034522308851592243,1.3716149851461523e-06,2.6225756300846115e-05,6.695488991681486e-05,9.414580563316122e-05,1.5974355846992694e-05,1.2494150723796338e-05,detoxify-unbiased
2008167931968999467,0.0004337240825407207,1.2413865988492034e-06,3.155404920107685e-05,6.411060894606635e-05,0.00012526307546067983,1.5932835594867356e-05,1.2580044312926475e-05,detoxify-unbiased
2008170738256113686,0.00040508268284611404,1.222280616275384e-06,2.490547194611281e-05,7.337418355746195e-05,0.00011373660527169704,1.71533647517208e-05,1.1677646398311481e-05,detoxify-unbiased
2008172165825253527,0.0003746621950995177,1.3969613519293489e-06,2.5953568183467723e-05,7.115246989997104e-05,9.725961717776954e-05,1.9026705558644608e-05,1.3163186849851627e-05,detoxify-unbiased
2008172365272715287,0.0004767180362250656,1.4573929547623266e-06,2.7409958420321345e-05,8.437736687483266e-05,0.00011476199142634869,2.6433659513713792e-05,1.2443233572412282e-05,detoxify-unbiased
2008173249608274032,0.003875519847497344,7.46344721846981e-06,0.00010456023301230744,0.0012452560476958752,0.0006971738184802234,6.168235995573923e-05,7.74888030719012e-05,detoxify-unbiased
2008549265841299626,0.000688992440700531,1.141660845860315e-06,2.7950558433076367e-05,8.219037408707663e-05,0.00019813262042589486,2.024630521191284e-05,1.4867249774397351e-05,detoxify-unbiased
2008550168497455283,0.0005025690188631415,1.816804342524847e-06,3.009810097864829e-05,0.00019383852486498654,0.00010924867092398927,1.73573807842331e-05,1.2074257028871216e-05,detoxify-unbiased
2008550413293724017,0.0007775212288834155,1.5581863408442587e-06,2.5651990654296242e-05,0.00015827706374693662,0.00016448521637357771,3.98412266804371e-05,1.463979970139917e-05,detoxify-unbiased
2008552678440271986,0.0005783634260296822,1.263529611605918e-06,3.230510628782213e-05,8.519744005752727e-05,0.0001498577039455995,1.803308077796828e-05,1.3427924386633094e-05,detoxify-unbiased
2008553110482960573,0.0005376337212510407,1.310935317633266e-06,3.2325788197340444e-05,8.545326272724196e-05,0.00014357631152961403,1.9851475371979177e-05,1.4401183761947323e-05,detoxify-unbiased
2008734648973627704,0.0004407574888318777,1.3034829180469387e-06,2.6733006961876526e-05,8.220675226766616e-05,0.00011426841956563294,2.0067591322003864e-05,1.2370681361062452e-05,detoxify-unbiased
2008735315498873129,0.0008550203056074679,1.3270487215777393e-06,4.334891855251044e-05,6.543324707308784e-05,0.00022894653375260532,2.0340165065135807e-05,1.878048715298064e-05,detoxify-unbiased
2008735798221279250,0.0011737591121345758,1.4774506098547135e-06,6.510883395094424e-05,9.291616879636422e-05,0.00033830900792963803,1.911241270136088e-05,1.8913167878054082e-05,detoxify-unbiased
2008736346232311823,0.0006828740588389337,1.7641934846324148e-06,3.8278361898846924e-05,9.1189744125586e-05,0.00014307460514828563,3.6901092244079337e-05,2.083832077914849e-05,detoxify-unbiased
2008768172892045639,0.0006140434416010976,1.3082064924674341e-06,3.390616984688677e-05,7.72794519434683e-05,0.000164912678883411,2.069075526378583e-05,1.4578109585272614e-05,detoxify-unbiased
2008768849018003468,0.0004751787055283785,1.0651928050720016e-06,2.473146560078021e-05,6.536408182000741e-05,0.00014196758274920285,1.486941891926108e-05,1.1477214684418868e-05,detoxify-unbiased
2008769530365886530,0.0006989341345615685,1.8245675619255053e-06,2.9677215934498236e-05,0.00011918644304387271,0.00015046793851070106,4.6175850002327934e-05,2.2784715838497505e-05,detoxify-unbiased
2008928996369514563,0.0004505085526034236,1.2997900284972275e-06,2.7791906177299097e-05,7.343753532040864e-05,0.00012044802861055359,1.8555923816165887e-05,1.3636285984830465e-05,detoxify-unbiased
2008929487426056657,0.00041374258580617607,1.3740043414145475e-06,2.7950824005529284e-05,7.148995064198971e-05,0.00010748160275397822,1.928687015606556e-05,1.4075501894694753e-05,detoxify-unbiased
2008931450679173571,0.0004426530213095248,1.2244097433722345e-06,2.7709576897905208e-05,6.762751581845805e-05,0.00012090980453649536,1.6769907233538106e-05,1.2974347555427812e-05,detoxify-unbiased
2008932838633058439,0.0004947796114720404,1.2970398302059039e-06,2.316793688805774e-05,0.00013969720748718828,0.00011687285586958751,1.868929757620208e-05,1.1855501725221984e-05,detoxify-unbiased
2009452698442035476,0.0010687124449759722,6.42376517134835e-06,9.181721543427557e-05,0.00020472875621635467,0.00030017615063115954,5.3664331062464043e-05,5.697677261196077e-05,detoxify-unbiased
2009455583099859365,0.000599358172621578,1.2840517911172356e-06,3.08695416606497e-05,9.659874194767326e-05,0.00015060890291351825,2.1685607862309553e-05,1.2449881978682242e-05,detoxify-unbiased
2009622653665947991,0.0004825819341931492,1.6722032114557805e-06,3.64422048733104e-05,9.239125211024657e-05,9.600679186405614e-05,1.9097382391919382e-05,1.678982880548574e-05,detoxify-unbiased
2009622984579805433,0.0008583728922531009,1.844362714109593e-06,5.0503116653999314e-05,9.545505599817261e-05,0.00014485504652839154,2.136197690560948e-05,2.447457518428564e-05,detoxify-unbiased
2009624059881881816,0.002660659607499838,4.425971837918041e-06,8.56349288369529e-05,0.0005213127005845308,0.0007660015253350139,3.134025610052049e-05,6.31305665592663e-05,detoxify-unbiased
2009629481648984423,0.00039485463639721274,1.278245690627955e-06,2.6717740183812566e-05,7.069062121445313e-05,0.00010968383867293596,1.698406231298577e-05,1.2482075362640899e-05,detoxify-unbiased
2009635000128323644,0.0003911993990186602,1.3515134469344048e-06,2.581961962278001e-05,8.025558054214343e-05,0.0001000136326183565,1.874287954706233e-05,1.2613319995580241e-05,detoxify-unbiased
2010009164735459333,0.0008167859050445259,2.0819989003939554e-06,3.7805119063705206e-05,0.0001113996549975127,0.00013576615310739726,8.31187644507736e-05,2.016306643781718e-05,detoxify-unbiased
2010009900030574670,0.0004107423883397132,1.19858475500223e-06,2.3571898054797202e-05,7.166106661316007e-05,0.00011384273238945752,1.662181421124842e-05,1.159972816822119e-05,detoxify-unbiased
2010010144575263133,0.0024641307536512613,1.1261078725510743e-05,8.055538637563586e-05,0.0010598611552268267,0.0006130998372100294,0.00010083219967782497,0.0003410502977203578,detoxify-unbiased
2010013261303853253,0.000479261128930375,1.2556951105580083e-06,2.5650546376709826e-05,9.743338887346908e-05,0.00012176972813904285,1.9164066543453373e-05,1.1725095646397676e-05,detoxify-unbiased
2011163087466827852,0.00043511821422725916,1.3078511074127164e-06,2.4687189579708502e-05,8.268255623988807e-05,0.00011207411444047466,2.258626773254946e-05,1.3158291039871983e-05,detoxify-unbiased
2011447849045602379,0.0004165284044574946,1.2269532589925802e-06,2.826414129231125e-05,6.0105281590949744e-05,0.00011861886741826311,1.551270906929858e-05,1.3174188097764272e-05,detoxify-unbiased
2011453551239688202,0.00039986419142223895,1.328360553998209e-06,2.4644377845106646e-05,7.348635699599981e-05,0.00010644500434864312,1.785921813279856e-05,1.4352046491694637e-05,detoxify-unbiased
2011827353006100580,0.00044780204189009964,1.4108330788076273e-06,3.187107722624205e-05,6.875323015265167e-05,0.00011466572323115543,2.0213507013977505e-05,1.553518268337939e-05,detoxify-unbiased
2012201849449832458,0.0004291509685572237,1.3311148450156907e-06,2.4641838535899296e-05,8.131428330671042e-05,0.00010958286293316633,1.9317112673888914e-05,1.3581595339928754e-05,detoxify-unbiased
2017244337134841946,0.008366674184799194,3.141200795653276e-05,0.00020958752429578453,0.0075829592533409595,0.0008205589256249368,0.00013771883095614612,0.00016468498506583273,detoxify-unbiased
2017249367959228650,0.0004018267791252583,1.2674192930717254e-06,2.4001137717277743e-05,7.41740659577772e-05,0.0001076151238521561,1.7365560779580846e-05,1.1702240044542123e-05,detoxify-unbiased
2017253143482884567,0.000746370293200016,3.7494760363188107e-06,7.625292346347123e-05,0.00014195404946804047,0.0002219143498223275,2.7549902370083146e-05,2.61833756667329e-05,detoxify-unbiased
1984626763582902471,0.00043615285539999604,1.3465064512274694e-06,2.5656343495938927e-05,7.79398251324892e-05,0.00011238210572628304,2.2352618543663993e-05,1.4278135495260358e-05,detoxify-unbiased
1984627019515076652,0.0006554201827384531,1.7180208260469954e-06,4.470796920941211e-05,8.629268268123269e-05,0.00015476839325856417,3.486476271064021e-05,2.5492743588984013e-05,detoxify-unbiased
1984627351078993949,0.1802922934293747,0.00013654395297635347,0.0014013982145115733,0.040294431149959564,0.004639416467398405,0.00034666628926061094,0.07709735631942749,detoxify-unbiased
1984628288354975978,0.0009461657027713954,1.860669385678193e-06,4.7103341785259545e-05,0.00010558772191870958,0.0001462701038690284,2.549962664488703e-05,2.567729643487837e-05,detoxify-unbiased
1984628706426449920,0.015475239604711533,9.368315659230575e-05,0.0007196433725766838,0.014805578626692295,0.0013922507641837,0.0004913753946311772,7.186937727965415e-05,detoxify-unbiased
1984633082519908815,0.0004412205016706139,1.40354484301497e-06,2.4987501092255116e-05,8.930606418289244e-05,0.00010264488082611933,2.139076059393119e-05,1.3794866390526295e-05,detoxify-unbiased
1984635930355900731,0.0029376710299402475,4.7191961130010895e-06,0.00010147914872504771,0.0005510253831744194,0.00033162999898195267,0.0002642595209181309,9.77716117631644e-05,detoxify-unbiased
1984719070185320777,0.00040886044735088944,1.3841985264662071e-06,2.3000980945653282e-05,8.203642937587574e-05,0.00010542915697442368,2.2727856048732065e-05,1.3496404790203087e-05,detoxify-unbiased
1985008374946074940,0.012540881521999836,7.098994683474302e-05,0.0005592475645244122,0.016017111018300056,0.0010655812220647931,0.000323863816447556,6.0365029639797285e-05,detoxify-unbiased
1985008612821913610,0.0005982735310681164,1.26633926811337e-06,2.7650499760056846e-05,0.00010233156353933737,0.0001373587001580745,2.1418807591544464e-05,1.4865037883282639e-05,detoxify-unbiased
1985008927277215824,0.006986144930124283,7.077061309246346e-05,0.0005332293803803623,0.008098692633211613,0.0008845780394040048,0.00022524467203766108,5.7511300838086754e-05,detoxify-unbiased
1985009570188595594,0.000772407918702811,2.5483132048975676e-06,3.154538353555836e-05,0.0002603507018648088,0.0001448728726245463,4.118627111893147e-05,1.6101115761557594e-05,detoxify-unbiased
1985010177691599043,0.0003551944100763649,1.4889604926793254e-06,2.7809881430584937e-05,7.107685814844444e-05,9.103648335440084e-05,1.87177283805795e-05,1.3706848221772816e-05,detoxify-unbiased
1985012514506055849,0.000613013980910182,1.489652049713186e-06,2.6336034352425486e-05,0.00011220552551094443,0.00014350363926496357,3.0406241421587765e-05,1.6577554561081342e-05,detoxify-unbiased
1985360737531842680,0.0006907570641487837,2.2448055005952483e-06,2.7695310564013198e-05,0.00010929504060186446,0.00014391980948857963,6.506817589979619e-05,1.94206259038765e-05,detoxify-unbiased
1985361048694653287,0.0003734917554538697,1.3856169971404597e-06,2.658141420397442e-05,7.167582953115925e-05,9.650363062974066e-05,1.7103217032854445e-05,1.2568484635266941e-05,detoxify-unbiased
1985362117541740891,0.00043699354864656925,1.4782400512558524e-06,2.8910004402860068e-05,8.114866795949638e-05,0.00010148272849619389,2.1069681679364294e-05,1.561759563628584e-05,detoxify-unbiased
1985362599077085514,0.0028057019226253033,2.4296473384310957e-06,5.872506517334841e-05,0.00023117846285458654,0.00039397593354806304,0.00018426746828481555,2.8628843210753985e-05,detoxify-unbiased
1985365071925596634,0.0004347718204371631,2.1096670934639405e-06,3.9918315451359376e-05,7.90519843576476e-05,7.511972944485024e-05,2.008055344049353e-05,2.1300194930518046e-05,detoxify-unbiased
1985435417697489202,0.0012216729810461402,6.774243047402706e-06,9.577498713042587e-05,0.00021368452871683985,0.0003123086935374886,6.0951690102228895e-05,6.792048225179315e-05,detoxify-unbiased
1985821894382133539,0.0003685683768708259,1.2744078503601486e-06,2.435866008454468e-05,6.664168176939711e-05,0.00010083470260724425,1.6628489902359433e-05,1.2811606211471371e-05,detoxify-unbiased
1985836349472034945,0.001026140758767724,1.6002038591977907e-06,4.228260149830021e-05,0.00012011425860691816,0.00024851923808455467,3.4776501706801355e-05,2.2288822947302833e-05,detoxify-unbiased
1985838117262180500,0.0004830474208574742,1.0773267149488674e-06,2.754157321760431e-05,6.467146158684045e-05,0.00015153284766711295,1.4892933904775418e-05,1.076982789527392e-05,detoxify-unbiased
1985849554776870986,0.00042221698095090687,1.3952144399809185e-06,3.0620409233961254e-05,7.110472506610677e-05,0.0001047265759552829,2.0228142602718435e-05,1.3723065421800129e-05,detoxify-unbiased
1985851948893958476,0.0004224110161885619,1.294359549319779e-06,3.281598401372321e-05,6.159618351375684e-05,0.00011841363448183984,1.601677831786219e-05,1.299775431107264e-05,detoxify-unbiased
1986110226408280373,0.00045748509000986814,1.2566474651976023e-06,2.5660872779553756e-05,8.308810356538743e-05,0.00011789008567575365,1.974033693841193e-05,1.2150169823144097e-05,detoxify-unbiased
1986111429569552476,0.00043739131069742143,1.2899885177830583e-06,2.7570375095820054e-05,7.52307751099579e-05,0.00011472379992483184,1.778365549398586e-05,1.3299486454343423e-05,detoxify-unbiased
1986112110238056646,0.00041911136941052973,1.3057225487500546e-06,2.6421384973218665e-05,7.002598431427032e-05,0.00010812407708726823,1.6267977116513066e-05,1.340180097031407e-05,detoxify-unbiased
1986113737950912960,0.005784475710242987,8.769347004999872e-06,0.00011332002759445459,0.00218943040817976,0.0008491242188028991,7.56713270675391e-05,4.505069591687061e-05,detoxify-unbiased
1986114129107530228,0.00043107185047119856,1.2742693797918037e-06,2.3628523194929585e-05,7.631824701093137e-05,0.00010657145321602002,1.996065111598e-05,1.323705419054022e-05,detoxify-unbiased
1986114445660041394,0.0006510320818051696,2.2292917947197566e-06,6.0597747506108135e-05,0.00013162990217097104,0.00020127305469941348,1.7441740055801347e-05,6.206434773048386e-05,detoxify-unbiased
1986115472182448631,0.00042273104190826416,1.5336618162109517e-06,2.8832582756876945e-05,8.054677891777828e-05,9.583400969859213e-05,2.067430796159897e-05,1.5031485418148804e-05,detoxify-unbiased
1986116102691205565,0.00048625492490828037,1.5274990801117383e-06,3.9414571801899e-05,7.389710663119331e-05,0.00012088940275134519,1.92987918126164e-05,1.6650594261591323e-05,detoxify-unbiased
1986118345981059227,0.0018292407039552927,1.467001993660233e-06,3.6459201510297135e-05,0.0002523594012018293,0.00041158433305099607,2.772950756479986e-05,2.0802423023269512e-05,detoxify-unbiased
1986481108825870669,0.00036244664806872606,1.3095858548695105e-06,2.6054227419081144e-05,6.335177749861032e-05,0.00010059968917630613,1.7551999917486683e-05,1.2769134627887979e-05,detoxify-unbiased
1986484768943280493,0.0004926698165945709,1.18572154406138e-06,2.900530307670124e-05,7.322766759898514e-05,0.00014249759260565042,1.604204771865625e-05,1.182454070658423e-05,detoxify-unbiased
1986485263636312281,0.0004582871333695948,1.2956179489265196e-06,2.7558417059481144e-05,9.550767572363839e-05,0.00011835177429020405,1.7704411220620386e-05,1.1178379281773232e-05,detoxify-unbiased
1986487190990336074,0.001943917595781386,2.2190817617229186e-05,0.00017180138092953712,0.001233157585375011,0.0006955591379664838,7.87440367275849e-05,0.00034550903365015984,detoxify-unbiased
1986491521340739662,0.00045434277853928506,1.323370952377445e-06,2.6148290999117307e-05,7.575970084872097e-05,0.00011721214832505211,2.0770783521584235e-05,1.294668618356809e-05,detoxify-unbiased
1986818835706495226,0.00042495812522247434,1.354841629108705e-06,3.3645625080680475e-05,6.592534919036552e-05,0.00011463084956631064,1.7338801626465283e-05,1.3989748367748689e-05,detoxify-unbiased
1986828836424589772,0.0011180152650922537,6.86754765411024e-06,0.00010642906272551045,0.0001903087686514482,0.00036726202233694494,4.130793240619823e-05,6.745483551640064e-05,detoxify-unbiased
1986830997980172541,0.0004513073945418,1.5400654547192971e-06,2.58477775787469e-05,0.00011070508480770513,0.00011088247265433893,2.2987998818280175e-05,1.3449328434944618e-05,detoxify-unbiased
1986832054214959186,0.00045238828170113266,1.2580060229083756e-06,3.20030449074693e-05,6.515423592645675e-05,0.00012683241220656782,1.6183568732230924e-05,1.3204173228587024e-05,detoxify-unbiased
1986832473884410138,0.000610747782047838,1.2480804798542522e-06,2.6910060114460066e-05,9.973468695534393e-05,0.00014691855176351964,2.454635796311777e-05,1.5260242435033433e-05,detoxify-unbiased
1987232021379264873,0.01628755033016205,1.0572890460025519e-05,4.341949897934683e-05,0.016528813168406487,0.0012235910398885608,0.00021348819427657872,4.7224151785485446e-05,detoxify-unbiased
1987236767733252602,0.0004940326325595379,1.308945343225787e-06,2.8230628231540322e-05,7.78527682996355e-05,0.00012172664719400927,1.9693705326062627e-05,1.4198511053109542e-05,detoxify-unbiased
1987237378495308004,0.031320177018642426,0.00022595192422159016,0.0017621505539864302,0.03454797714948654,0.003096373053267598,0.0005883917328901589,0.0001599264214746654,detoxify-unbiased
1987237884278030825,0.001308627426624298,1.5793182228662772e-06,3.799801925197244e-05,0.000242645459366031,0.0002786285476759076,3.4534550650278106e-05,1.8446004105499014e-05,detoxify-unbiased
1987238148342948205,0.0003927190264221281,1.2708918575299322e-06,2.8467673473642208e-05,6.12266521784477e-05,0.00011070412438130006,1.650083504500799e-05,1.2528059414762538e-05,detoxify-unbiased
1987252916940321275,0.00036166587960906327,1.273511315957876e-06,2.884110654122196e-05,6.118491728557274e-05,0.00010508790728636086,1.4856165762466844e-05,1.1520090083649848e-05,detoxify-unbiased
1987253284558565537,0.019498348236083984,1.7358238437736873e-06,0.00013688027684111148,0.00023650919320061803,0.011011908762156963,3.81866266252473e-05,3.894503606716171e-05,detoxify-unbiased
1987253676285603970,0.0004537857021205127,1.3580407767221914e-06,3.073043262702413e-05,7.081787043716758e-05,0.00011843440734082833,1.9532533769961447e-05,1.3455254702421371e-05,detoxify-unbiased
1987331317516706047,0.07881824672222137,8.56709448271431e-05,0.0008229186059907079,0.0799063965678215,0.005062295589596033,0.0004693986556958407,0.00017919891979545355,detoxify-unbiased
1987334226790809693,0.0003573446592781693,1.3158654610379017e-06,2.4264347302960232e-05,7.552318129455671e-05,9.953079279512167e-05,1.5893545423750766e-05,1.197942765429616e-05,detoxify-unbiased
1987334826886680706,0.000440892152255401,1.3177441360312514e-06,2.465695251885336e-05,8.313510625157505e-05,0.00011157889093738049,1.9252081983722746e-05,1.3111643966112752e-05,detoxify-unbiased
1987334996692975736,0.0004038875631522387,1.333752834398183e-06,2.4686292817932554e-05,9.683106327429414e-05,0.00010197512892773375,1.932011582539417e-05,1.2758519915223587e-05,detoxify-unbiased
1987547418372497761,0.0004145863640587777,1.3077948324280442e-06,2.701548146433197e-05,7.985167758306488e-05,0.00010861700138775632,1.779678677849006e-05,1.3206414223532192e-05,detoxify-unbiased
1987549373857767506,0.0005123616429045796,1.192006152450631e-06,2.9728853405686095e-05,6.893449608469382e-05,0.0001433247816748917,1.639645779505372e-05,1.2433412848622538e-05,detoxify-unbiased
1987659251695677712,0.0005899100797250867,1.51139590798266e-06,4.293621896067634e-05,6.958040466997772e-05,0.0001471785071771592,2.3073082047631033e-05,2.0759496692335233e-05,detoxify-unbiased
1987660158646816923,0.007029007654637098,8.710784641152713e-06,3.5272998502478004e-05,0.006769269704818726,0.0006220437353476882,0.00013062896323390305,3.690197263495065e-05,detoxify-unbiased
1987661065602105386,0.0006763621931895614,1.387671886732278e-06,4.205719960737042e-05,8.280912152258679e-05,0.0001769569207681343,2.3205684556160122e-05,1.8100172383128665e-05,detoxify-unbiased
1987662310777766268,0.00045670688268728554,1.3497668760464876e-06,2.652904368005693e-05,8.912383782444522e-05,0.00011617829295573756,2.2109616111265495e-05,1.2218982192280237e-05,detoxify-unbiased
1987925129687412980,0.0013705805176869035,1.7566035239724442e-06,5.962579962215386e-05,0.00015840344713069499,0.00030713927117176354,2.6066676582559012e-05,3.278883013990708e-05,detoxify-unbiased
1987925795411497169,0.0007486961549147964,1.1610180763454991e-06,3.2689171348465607e-05,7.66939774621278e-05,0.0002040419785771519,1.8922530216514133e-05,1.4374509191839024e-05,detoxify-unbiased
1987926946416603348,0.00037364527815952897,1.2439891179383267e-06,2.7060423235525377e-05,6.850258068880066e-05,0.00010692649811971933,1.5214847735478543e-05,1.1585047104745172e-05,detoxify-unbiased
1987927386147418173,0.0004723690217360854,1.0754757795439218e-06,2.5365379769937135e-05,6.747015140717849e-05,0.00014082439884077758,1.4905366697348654e-05,1.2456128388294019e-05,detoxify-unbiased
1988028688219136163,0.0004090169386472553,1.3602416402136441e-06,3.380440466571599e-05,7.072136941133067e-05,0.00011276618897682056,1.6091446013888344e-05,1.3022917300986592e-05,detoxify-unbiased
1988029955309985996,0.004010839853435755,1.4815631402598228e-05,0.00010367155482526869,0.0016598089132457972,0.001029609702527523,0.0001416704908479005,0.0003306872968096286,detoxify-unbiased
1988311529519813053,0.0006703849649056792,1.8835073660739e-06,6.332362681860104e-05,9.701572707854211e-05,0.00019412446999922395,1.6691517885192297e-05,3.999864202341996e-05,detoxify-unbiased
1988314189975228864,0.0050937277264893055,5.5614320444874465e-05,0.0003876518167089671,0.003363664960488677,0.0006962803890928626,0.0002510350022930652,0.0001682252186583355,detoxify-unbiased
1988315684120449347,0.01802777498960495,9.662103548180312e-05,0.0008373859454877675,0.015883740037679672,0.0018606182420626283,0.0004170550964772701,7.573998300358653e-05,detoxify-unbiased
1988348740399190373,0.0004317016573622823,1.1769352568080649e-06,2.792029408738017e-05,6.001644578645937e-05,0.0001237156247952953,1.5268906281562522e-05,1.2178660654171836e-05,detoxify-unbiased
1988350926592074088,0.0003653232997749001,1.4280749383033253e-06,2.587547351140529e-05,7.906382234068587e-05,9.394833614351228e-05,1.7339993064524606e-05,1.3147303434379864e-05,detoxify-unbiased
1988351518009950606,0.0004231927450746298,1.3199212389736203e-06,2.8897764423163608e-05,6.75179690006189e-05,0.00011034569615731016,1.7786165699362755e-05,1.3477291759045329e-05,detoxify-unbiased
1988665572364574960,0.00042041807319037616,1.310212951466383e-06,2.725559716054704e-05,7.08159786881879e-05,0.00010635226499289274,1.791306749510113e-05,1.315239478572039e-05,detoxify-unbiased
1988667754602242511,0.0003878251591231674,1.2984841077923193e-06,2.6847155822906643e-05,8.165602048393339e-05,0.00010420916805742308,1.6160911400220357e-05,1.2245020116097294e-05,detoxify-unbiased
1988687803564089352,0.00040090736001729965,1.3105078551234328e-06,3.00441915896954e-05,6.249247962841764e-05,0.00011051786714233458,1.64532866619993e-05,1.3104892786941491e-05,detoxify-unbiased
1988689247650402770,0.2975693643093109,0.00014810754510108382,0.023552250117063522,0.0035071810707449913,0.1192963495850563,0.0002889348834287375,0.07518422603607178,detoxify-unbiased
1988693301596213755,0.00037503152270801365,1.287919758397038e-06,2.8049276806996204e-05,5.951984348939732e-05,0.00010656688391463831,1.5339763194788247e-05,1.2227119441376999e-05,detoxify-unbiased
1988997494051582297,0.00038808275712653995,1.3814805015499587e-06,2.790006692521274e-05,7.464102236554027e-05,0.00010266094614053145,1.669261655479204e-05,1.2882223018095829e-05,detoxify-unbiased
1988999489785348563,0.00047824549255892634,1.4985962479840964e-06,2.923198371718172e-05,8.054348290897906e-05,0.00011813134915428236,3.1055147701408714e-05,1.5011056348157581e-05,detoxify-unbiased
1989002061938040957,0.00040584857924841344,1.2932503068441292e-06,2.6656556656234898e-05,7.63233401812613e-05,0.00010804987687151879,1.731596603349317e-05,1.271423479920486e-05,detoxify-unbiased
1989003989090775531,0.00039074168307706714,1.2626406942217727e-06,2.4534772819606587e-05,6.86651692376472e-05,0.0001070174912456423,1.7682290490483865e-05,1.1887994332937524e-05,detoxify-unbiased
1989004803872076113,0.0004462847427930683,1.4201244766809396e-06,3.166781607433222e-05,9.462516027269885e-05,0.00010999008372891694,1.605687793926336e-05,1.3882947314414196e-05,detoxify-unbiased
1989394841021653467,0.00036742963129654527,1.4159132888380555e-06,2.737976137723308e-05,7.138252112781629e-05,9.418783156434074e-05,1.705046815914102e-05,1.3073561603960115e-05,detoxify-unbiased
1989395622286254590,0.0005250968388281763,1.7199290596181527e-06,4.5651446271222085e-05,8.193339454010129e-05,0.00012871908256784081,2.1143348931218497e-05,2.4839886464178562e-05,detoxify-unbiased
1989396495905226837,0.0004960536607541144,1.6161924349944456e-06,2.7919735657633282e-05,9.481620509177446e-05,0.00010256328096147627,3.3749613066902384e-05,1.4323194591270294e-05,detoxify-unbiased
1989397051398889897,0.00043414850370027125,1.3281262454256648e-06,2.6333798814448528e-05,7.015337905613706e-05,0.0001077396736945957,1.742983477015514e-05,1.4037539585842751e-05,detoxify-unbiased
1989397170752020575,0.0005927924066781998,1.4069083817958017e-06,3.4350057831034064e-05,7.90765552665107e-05,0.00014358329644892365,2.1669233319698833e-05,1.6453725038445555e-05,detoxify-unbiased
1989397296975352290,0.00063770153792575,1.5736277418909594e-06,4.4321288442006335e-05,9.649158164393157e-05,0.0001897640759125352,1.8789733076118864e-05,3.0803490517428145e-05,detoxify-unbiased
1989397511379783833,0.00043126443051733077,1.2432940366124967e-06,2.4323331672349013e-05,7.949709106469527e-05,0.00011282179912086576,1.7188620404340327e-05,1.1788262781919912e-05,detoxify-unbiased
1989786636515766652,0.0004939867067150772,1.4034858395461924e-06,3.1609946745447814e-05,7.63707430451177e-05,0.00012229288404341787,2.628622496558819e-05,1.814254756027367e-05,detoxify-unbiased
1989787170253484245,0.0004063111846335232,1.3790597677143523e-06,2.8446125725167803e-05,7.262335566338152e-05,0.00010063710215035826,1.9595427147578448e-05,1.3400624993664678e-05,detoxify-unbiased
1989787665923768605,0.002415149938315153,6.16627494309796e-06,9.012530063046142e-05,0.0007684972370043397,0.00042900556582026184,5.0459984777262434e-05,3.838495467789471e-05,detoxify-unbiased
1989802545108107502,0.00040949953836388886,1.321072204518714e-06,2.505087286408525e-05,8.002341928659007e-05,0.00010484896483831108,2.0208766727591865e-05,1.3293679330672603e-05,detoxify-unbiased
1989803234177790097,0.0007881097262725234,1.288653265874018e-06,3.77106734958943e-05,8.164107566699386e-05,0.00020519540703389794,2.1337400539778173e-05,1.6200647223740816e-05,detoxify-unbiased
1989803776782266448,0.0004059768689330667,1.371524831483839e-06,2.604781730042305e-05,8.164029713952914e-05,0.00010518464841879904,1.8833881767932326e-05,1.3441404007608071e-05,detoxify-unbiased
1989805286475915399,0.04843747615814209,3.7898871596553363e-06,0.0005463939160108566,0.00032919380464591086,0.03093375265598297,5.2282972319517285e-05,9.541682084091008e-05,detoxify-unbiased
1989806638224539917,0.0014155880780890584,6.169704647618346e-06,6.567779928445816e-05,0.000561067892704159,0.0004310664953663945,4.5843884436180815e-05,0.00014131335774436593,detoxify-unbiased
1989807364971573451,0.0005802020314149559,1.6525260662092478e-06,3.4635111660463735e-05,9.917164425132796e-05,0.0001272070367122069,2.618719190650154e-05,3.5332654078956693e-05,detoxify-unbiased
1990120363531862120,0.000896019337233156,1.866870661615394e-06,4.531702506938018e-05,0.0001906009711092338,0.00023372053692582995,3.9847003790782765e-05,2.6339548639953136e-05,detoxify-unbiased
1990122092356907215,0.0038559644017368555,1.6198944194911746e-06,0.00011725854710675776,0.0001217901663039811,0.0019242658745497465,1.8407905372441746e-05,2.5717732569319196e-05,detoxify-unbiased
1990126148626313678,0.0011810462456196547,1.7448027165301028e-06,8.100995910353959e-05,7.632639608345926e-05,0.0003167353861499578,2.7585945645114407e-05,2.498738103895448e-05,detoxify-unbiased
1990126597358190783,0.0004822522751055658,1.603133455319039e-06,3.289481537649408e-05,9.332569607067853e-05,0.00010831911640707403,2.4897302864701487e-05,1.6138348655658774e-05,detoxify-unbiased
1990127437942857788,0.0004233726649545133,1.6426946558567579e-06,3.29188842442818e-05,7.973320316523314e-05,9.816369856707752e-05,2.230389873147942e-05,1.6197804143303074e-05,detoxify-unbiased
1990127712350974114,0.00041321758180856705,1.3865144410374342e-06,2.3274389604921453e-05,9.287080320063978e-05,0.00011036273645004258,2.1392594135249965e-05,1.2847479410993401e-05,detoxify-unbiased
1990128195014721662,0.0003238063945900649,1.554477307763591e-06,2.4525743356207386e-05,8.298634929815307e-05,8.664328925078735e-05,1.621862429601606e-05,1.3017055607633665e-05,detoxify-unbiased
1990497265530663296,0.0046646553091704845,1.6767075067036785e-05,6.349215254886076e-05,0.005698772147297859,0.0008236556313931942,0.00012302132381591946,0.000518177985213697,detoxify-unbiased
1990497681752375619,0.01044480036944151,4.44542893092148e-05,0.00024399353424087167,0.011373975314199924,0.001108840573579073,0.0001542724494356662,0.00019874547433573753,detoxify-unbiased
1990497970211438753,0.0004523876414168626,1.0722528713813517e-06,2.410410343145486e-05,6.926739297341555e-05,0.00013684139412362128,1.4646614545199554e-05,1.0599300367175601e-05,detoxify-unbiased
1990498310998688052,0.0008285834337584674,3.1182512429950293e-06,3.475909761618823e-05,0.00011676391295623034,0.00020511267939582467,5.716087980545126e-05,2.7567641154746525e-05,detoxify-unbiased
1990498557757903130,0.35583803057670593,0.0005787906120531261,0.004590914119035006,0.1931535005569458,0.010388667695224285,0.003477594582363963,0.10257359594106674,detoxify-unbiased
1990806926242845059,0.0019304188899695873,8.034650818444788e-06,0.00010274193482473493,0.0004746949707623571,0.00035831466084346175,2.071292510663625e-05,7.89650366641581e-05,detoxify-unbiased
1990807578608050559,0.00046602930524386466,1.3638085647471598e-06,3.33414864144288e-05,6.922850297996774e-05,0.00011991181236226112,1.651328602747526e-05,1.4174023817759007e-05,detoxify-unbiased
1990807845344845901,0.0005391180166043341,1.4844263205304742e-06,3.798838224611245e-05,8.915052603697404e-05,0.00014110100164543837,2.04130574275041e-05,1.4447597095568199e-05,detoxify-unbiased
1990809345651569085,0.04143136367201805,2.349933492951095e-05,0.0011795239988714457,0.000577023543883115,0.0020318222232162952,0.0001436190214008093,0.044342588633298874,detoxify-unbiased
1990809589801943542,0.0004572684410959482,1.3573428532254184e-06,3.0636096198577434e-05,7.26272992324084e-05,0.00011810374417109415,1.957058884727303e-05,1.5967501894920133e-05,detoxify-unbiased
1990824366322381290,0.013634764589369297,4.531146259978414e-06,1.92633960978128e-05,0.018753303214907646,0.0009344139834865928,8.35575265227817e-05,9.156442683888599e-05,detoxify-unbiased
1990826927230161250,0.00878622755408287,5.3249117627274245e-05,0.0003823121660389006,0.008385256864130497,0.0009259700891561806,0.00014535037917084992,0.0002361513616051525,detoxify-unbiased
1990851750681546869,0.0037300135008990765,2.2667743451165734e-06,0.00012420036364346743,0.0002106159954564646,0.0010004052892327309,2.9142438506823964e-05,6.519855378428474e-05,detoxify-unbiased
1991290575400616419,0.0008325537201017141,1.4000930832480663e-06,3.886534250341356e-05,8.830401202430949e-05,0.00020028674043715,2.107309592247475e-05,1.976773091882933e-05,detoxify-unbiased
1991291201266368519,0.000606870511546731,1.4575693967344705e-06,3.37516721629072e-05,8.397897909162566e-05,0.00015248978161253035,2.1783087504445575e-05,1.9784363757935353e-05,detoxify-unbiased
1991291763764437467,0.0008613429381512105,1.4018431784279528e-06,4.005322261946276e-05,9.625942766433582e-05,0.00019538908964022994,2.3325093934545293e-05,1.7532092897454277e-05,detoxify-unbiased
1991292399771898056,0.0004146853752899915,1.2077882729499834e-06,2.8507065508165397e-05,6.706665590172634e-05,0.00012069715739926323,1.508116656623315e-05,1.1939236173930112e-05,detoxify-unbiased
1991322357286240467,0.0003693682374432683,1.2331599918979919e-06,2.556014987931121e-05,6.725796993123367e-05,0.00010795120761031285,1.4880213711876422e-05,1.1524463843670674e-05,detoxify-unbiased
1991323624695890152,0.0016697769751772285,3.995362476416631e-06,6.80347002344206e-05,0.0003600975906010717,0.0004961809027008712,2.8791970180463977e-05,5.0694776291493326e-05,detoxify-unbiased
1991323819923939371,0.002664565807208419,4.467470716917887e-06,8.096956298686564e-05,0.000515419989824295,0.0007403214112855494,3.502939944155514e-05,5.635662455460988e-05,detoxify-unbiased
1991620756803875138,0.00044215336674824357,1.1950555744988378e-06,2.729391235334333e-05,7.155945058912039e-05,0.0001263782469322905,1.6195672287722118e-05,1.1431357052060775e-05,detoxify-unbiased
1991624162054488439,0.0005226418725214899,1.6260125903500011e-06,3.286543505964801e-05,9.560098260408267e-05,0.00011644924961728975,3.037694114027545e-05,1.850051194196567e-05,detoxify-unbiased
1991624574442565857,0.0007805362693034112,1.500017560829292e-06,2.929918628069572e-05,0.0001561800017952919,0.00017312713316641748,2.9039070795988664e-05,1.5779280147398822e-05,detoxify-unbiased
1991626000615047540,0.0028134689200669527,1.823403749767749e-06,5.0501101213740185e-05,0.00038818377652205527,0.0005324484664015472,5.160287764738314e-05,2.506786404410377e-05,detoxify-unbiased
1991642611136786833,0.06715283542871475,5.795183460577391e-05,0.00044179672840982676,0.0671873614192009,0.004756795708090067,0.00043113084393553436,0.00039170635864138603,detoxify-unbiased
1991932172119236699,0.018450144678354263,3.9203227061079815e-05,0.0001923052332131192,0.025673706084489822,0.0014184247702360153,0.0001772272662492469,0.00019728147890418768,detoxify-unbiased
1991932702413471767,0.0003643051313702017,1.3411199688562192e-06,2.7167550797457807e-05,6.513554399134591e-05,9.9920216598548e-05,1.6760201106080785e-05,1.2403118489601184e-05,detoxify-unbiased
1991933197685280929,0.0007792048854753375,1.2381800615912653e-06,3.880756412399933e-05,8.026025170693174e-05,0.00022121824440546334,1.6898949979804456e-05,1.4534466572513338e-05,detoxify-unbiased
1991933279797182602,0.0017116096569225192,4.376844572107075e-06,7.337320857914165e-05,0.0004023588262498379,0.0004781229072250426,2.9019860448897816e-05,4.8144403990590945e-05,detoxify-unbiased
1991933333417144635,0.0004138239019084722,1.3330355841389974e-06,3.0782350222580135e-05,6.504218617919832e-05,0.00011227509821765125,1.8287890270585194e-05,1.3089054846204817e-05,detoxify-unbiased
1991933550120128927,0.0006171597633510828,1.2603909453900997e-06,2.4145883799064904e-05,0.00011230817472096533,0.00014590709179174155,2.449047678965144e-05,1.1665380952763371e-05,detoxify-unbiased
1992266676541255974,0.0004234941734466702,1.2785687886207597e-06,2.4490640498697758e-05,0.00010468233813298866,0.00010441386257298291,1.8443788576405495e-05,1.2409673217916861e-05,detoxify-unbiased
1992267825814143272,0.00038987305015325546,1.2777521760654054e-06,2.3726273866486736e-05,7.696461398154497e-05,0.00010554151958785951,1.664796036493499e-05,1.2962177606823388e-05,detoxify-unbiased
1992268093238743089,0.00044630729826167226,1.2248780194568099e-06,2.2342112060869113e-05,9.658446651883423e-05,0.00011952823115279898,1.608633465366438e-05,1.3284073247632477e-05,detoxify-unbiased
1992268289595052499,0.0004961842205375433,1.3125503528499394e-06,3.4067415981553495e-05,8.049387542996556e-05,0.00012888736091554165,1.593544948264025e-05,1.4104796719038859e-05,detoxify-unbiased
1992269238870974600,0.0004314437392167747,1.2195455383334775e-06,2.3966051230672747e-05,7.859872130211443e-05,0.00011321126658003777,1.616265217307955e-05,1.3025822227064054e-05,detoxify-unbiased
1992610694491934977,0.0004198019450996071,1.2702678304776782e-06,2.1794017811771482e-05,8.173751120921224e-05,0.00011177399574080482,1.7834674508776516e-05,1.490347676735837e-05,detoxify-unbiased
1992610830668496909,0.0016467104433104396,1.486532823946618e-06,5.6304517784155905e-05,0.0001400956534780562,0.00044577918015420437,1.9526089090504684e-05,2.2229260139283724e-05,detoxify-unbiased
1992612231096193388,0.000709515530616045,2.0177560600131983e-06,5.425562267191708e-05,0.0001490877621108666,0.00022109718702267855,1.7542946807225235e-05,4.4201540731592104e-05,detoxify-unbiased
1992612990030344654,0.0006840367568656802,1.7861217429526732e-06,3.01586387649877e-05,0.0002719051262829453,0.00013883085921406746,2.412919457128737e-05,1.621669071028009e-05,detoxify-unbiased
1992613429975138469,0.0003694509796332568,1.3313459703567787e-06,2.2846465071779676e-05,9.846970351645723e-05,9.420156857231632e-05,1.731968040985521e-05,1.1391657608328387e-05,detoxify-unbiased
1992972274668884110,0.0004895728779956698,1.5038417586765718e-06,2.6111038096132688e-05,0.00012832789798267186,0.0001069048885256052,2.4256760298158042e-05,1.2366482224024367e-05,detoxify-unbiased
1992972725464219940,0.0003943735209759325,1.3156748082110425e-06,2.37609856412746e-05,7.835341239115223e-05,0.00010610885510686785,1.7428354112780653e-05,1.2549751772894524e-05,detoxify-unbiased
1992973284153999838,0.00042949902126565576,1.3934911748947343e-06,2.4282868253067136e-05,9.206321556121111e-05,0.00010739327990449965,2.1526499040191993e-05,1.373259692627471e-05,detoxify-unbiased
1992973552220360790,0.0003719314408954233,1.372021870338358e-06,2.5839151930995286e-05,7.578657823614776e-05,9.862080332823098e-05,1.7805868992581964e-05,1.3113045497448184e-05,detoxify-unbiased
1992973922388553983,0.0007172562764026225,1.7952493180928286e-06,5.039453390054405e-05,0.0001062569790519774,0.0001398060703650117,2.1369596652220935e-05,3.128438402200118e-05,detoxify-unbiased
1993328734493913331,0.0018329822923988104,5.315493581292685e-06,0.00014158608973957598,0.0005930116749368608,0.00037274460191838443,6.151782145025209e-05,0.00015964392514433712,detoxify-unbiased
1993330669259264440,0.0007547702407464385,1.5089561884451541e-06,3.5146982554579154e-05,0.000151773463585414,0.00015253442688845098,2.1762736650998704e-05,1.7083590137190185e-05,detoxify-unbiased
1993331141554688335,0.0009583740029484034,2.1219086647761287e-06,2.669907007657457e-05,0.00016603908443357795,0.00019510407582856715,5.260133184492588e-05,7.410407852148637e-05,detoxify-unbiased
1993331428465975539,0.0005769937997683883,1.3583282907347893e-06,3.584082151064649e-05,7.938338239910081e-05,0.00014446138811763376,2.024234890996013e-05,1.4667358300357591e-05,detoxify-unbiased
1993331682372440473,0.008323555812239647,3.361612471053377e-06,0.00012535568384919316,0.00023931966279633343,0.003698283340781927,6.877008854644373e-05,0.00011743376671802253,detoxify-unbiased
1993332305029415349,0.0010010560508817434,1.2618124856089707e-06,4.58851718576625e-05,8.449540473520756e-05,0.0002794615284074098,1.7744894648785703e-05,1.9413848349358886e-05,detoxify-unbiased
1994085662564229375,0.000356452539563179,1.357063297291461e-06,2.3161353965406306e-05,7.177273801062256e-05,9.586197120370343e-05,1.6478394172736444e-05,1.3351565030461643e-05,detoxify-unbiased
1994087061939196368,0.018509412184357643,8.381065708817914e-05,0.0004389164096210152,0.014210590161383152,0.0012943377951160073,0.001172874472104013,0.0002513525541871786,detoxify-unbiased
1994088177720566175,0.0008639555890113115,1.5315221162381931e-06,5.203392720432021e-05,8.551228529540822e-05,0.00023625809990335256,2.2846443243906833e-05,2.3180446078185923e-05,detoxify-unbiased
1994090814373294171,0.0004974566982127726,1.4081192603043746e-06,2.6917012291960418e-05,8.67477065185085e-05,0.00011666487262118608,2.772696825559251e-05,1.3219040738476906e-05,detoxify-unbiased
1994187045946695829,0.0005756576429121196,1.2251151702002971e-06,3.1716233934275806e-05,7.484836532967165e-05,0.0001451506686862558,1.667506694502663e-05,1.3650025721290149e-05,detoxify-unbiased
1994187809800798441,0.006244691554456949,0.00013183879491407424,0.0005940220435149968,0.006806709337979555,0.0009324094280600548,0.0003933154803235084,0.00013399757153820246,detoxify-unbiased
1994188964484325673,0.0006265365518629551,1.614293296370306e-06,3.321359326946549e-05,0.00010220937110716477,0.0001419093896402046,2.896083242376335e-05,2.227696677437052e-05,detoxify-unbiased
1994194515339489430,0.0005754628800787032,1.3224109807197237e-06,4.468367114895955e-05,5.6688870245125145e-05,0.00016568214050494134,1.7710828615236096e-05,1.4229471162252594e-05,detoxify-unbiased
1994194575645200836,0.00040320397238247097,1.3437175994113204e-06,2.618881808302831e-05,8.581959264120087e-05,0.00010380509775131941,1.800174140953459e-05,1.2651267752517015e-05,detoxify-unbiased
1994827804366491990,0.0004341660824138671,1.4132825754131773e-06,3.473334800219163e-05,7.654105866095051e-05,0.00011074035137426108,1.804290513973683e-05,1.5206986063276418e-05,detoxify-unbiased
1994829140420149584,0.0009570313850417733,1.8737501932264422e-06,5.322353172232397e-05,0.00011037832155125216,0.00018686217663343996,2.6998637622455135e-05,2.6652667656890117e-05,detoxify-unbiased
1994903284029469144,0.0004967963905073702,1.363406681775814e-06,2.7690952265402302e-05,8.810340659692883e-05,0.0001204711152240634,2.2861047909827903e-05,1.2697779311565682e-05,detoxify-unbiased
1994903671717429714,0.0007298927521333098,1.7148355482277111e-06,4.219305992592126e-05,0.0001885560341179371,0.00015127038932405412,1.8325985365663655e-05,1.9802371753030457e-05,detoxify-unbiased
1994904237751292212,0.002718101255595684,1.4674666317660012e-06,7.475243182852864e-05,0.0001337055437033996,0.0009790647309273481,2.2276244635577314e-05,3.6776767956325784e-05,detoxify-unbiased
1994905233181298920,0.0005276906304061413,1.4534538195221103e-06,3.5550285247154534e-05,0.00010998285870300606,0.0001372309197904542,1.584468009241391e-05,1.704265014268458e-05,detoxify-unbiased
1994907658583720291,0.0005092346109449863,1.3593299854619545e-06,2.8333688533166423e-05,7.363977783825248e-05,0.00012071512901457027,2.1637866666424088e-05,1.6426820366177708e-05,detoxify-unbiased
1995158348119920885,0.00040917957085184753,1.4572582358596264e-06,2.7467160180094652e-05,8.506795711582527e-05,9.809491166379303e-05,2.1315516278264113e-05,1.3912343092670199e-05,detoxify-unbiased
1995158669927883221,0.00035164455766789615,1.2927928310091374e-06,2.3914131816127338e-05,7.027504034340382e-05,9.776405931916088e-05,1.730260919430293e-05,1.22037272376474e-05,detoxify-unbiased
1995160059689447785,0.00037308820174075663,1.3055195040578838e-06,2.4909155399654992e-05,7.072965672705323e-05,0.00010324812319595367,1.6635389329167083e-05,1.2335597602941561e-05,detoxify-unbiased
1995160570685763681,0.0005224565975368023,2.342620291528874e-06,4.5657150621991605e-05,9.20461825444363e-05,7.675579399801791e-05,2.4408052922808565e-05,2.213841798948124e-05,detoxify-unbiased
1995161594318238170,0.0020636289846152067,1.9230021734983893e-06,5.0123453547712415e-05,0.0003395049716345966,0.00032676022965461016,7.17719885869883e-05,2.7559493901208043e-05,detoxify-unbiased
1995506033876144242,0.0006328633171506226,2.788516439977684e-06,5.413597682490945e-05,0.0001070175931090489,8.201265154639259e-05,2.5700424885144457e-05,3.582093268050812e-05,detoxify-unbiased
1995508058068328556,0.0005162036395631731,1.2770906323567033e-06,2.4906803446356207e-05,9.611845598556101e-05,0.00013104191748425364,2.2968388293520547e-05,1.3885410226066597e-05,detoxify-unbiased
1995509499214340405,0.0018697085324674845,1.0648936040524859e-05,0.0001582470431458205,0.00099147146102041,0.0004939791979268193,3.918916991096921e-05,0.00021193908469285816,detoxify-unbiased
1995510290390057037,0.0005350734572857618,1.2250742429387174e-06,3.640618160716258e-05,6.432666123146191e-05,0.00016402426990680397,1.6257276001852006e-05,1.4771824680792633e-05,detoxify-unbiased
1995510770818220527,0.04956641048192978,6.260557711357251e-05,0.0006434448878280818,0.0508342906832695,0.004146011080592871,0.00014851850573904812,0.0016786379273980856,detoxify-unbiased
1995873173372366884,0.0003895234549418092,1.3822935898133437e-06,2.5517552785458975e-05,7.847545202821493e-05,0.00010242919233860448,1.7187112462124787e-05,1.3651873814524151e-05,detoxify-unbiased
1995874112615436617,0.0005596402334049344,1.4174967191138421e-06,2.9025837648077868e-05,9.063050674740225e-05,0.0001422271889168769,2.1912575903115794e-05,1.5055644325911999e-05,detoxify-unbiased
1995875484190625927,0.00039183348417282104,1.1836574458357063e-06,2.708399188122712e-05,6.125135405454785e-05,0.00011410345177864656,1.6788548236945644e-05,1.2386853086354677e-05,detoxify-unbiased
1995875901494497765,0.17180472612380981,6.084558117436245e-05,0.003749141236767173,0.0013652093475684524,0.004979996010661125,0.00018814099894370884,0.18848125636577606,detoxify-unbiased
1995877467446223355,0.0006843626615591347,1.5970113054208923e-06,2.542842412367463e-05,0.0001236730458913371,0.00015614174481015652,3.412539081182331e-05,2.0868788851657882e-05,detoxify-unbiased
1996225656816841033,0.0006314293714240193,1.8402340629108949e-06,2.8495296646724455e-05,0.00011849529983010143,0.00015470758080482483,3.733057383215055e-05,2.4842069251462817e-05,detoxify-unbiased
1996226007628399038,0.0003271230380050838,1.4047271861272748e-06,2.600353764137253e-05,6.455143739003688e-05,9.308332664659247e-05,1.6799358490970917e-05,1.2549153325380757e-05,detoxify-unbiased
1996226262654767441,0.0007674320368096232,1.2446572554836166e-06,3.661002483568154e-05,9.478293941356242e-05,0.00020552732166834176,1.959202745638322e-05,1.4139112863631453e-05,detoxify-unbiased
1996227712499712002,0.0005657948204316199,1.439014795323601e-06,2.8206195565871894e-05,0.00011810972500825301,0.00012473635433707386,2.0566621969919652e-05,1.6602614778093994e-05,detoxify-unbiased
1996227838190502231,0.0005528440233319998,1.4490815374301746e-06,2.5792671294766478e-05,0.00010498844494577497,0.00012615334708243608,2.788469282677397e-05,1.6218391465372406e-05,detoxify-unbiased
1996317473889550376,0.002037463942542672,1.4519866908813128e-06,4.8898196837399155e-05,0.0001564126432640478,0.0005866692517884076,2.9299269954208285e-05,2.252124613733031e-05,detoxify-unbiased
1996318287139897570,0.00036372788599692285,1.456687073186913e-06,3.285643833805807e-05,6.090996976126917e-05,9.94750953395851e-05,1.6596868590568192e-05,1.4148040463624056e-05,detoxify-unbiased
1996579879211413860,0.0003949818783439696,1.3576988067143247e-06,2.8214937628945336e-05,7.466317038051784e-05,0.00010749963257694617,1.6479714759043418e-05,1.3456974556902424e-05,detoxify-unbiased
1996639377628266584,0.0027873630169779062,3.4920217331091408e-06,0.00021770813327748328,0.00019727002654690295,0.0008570701465941966,6.441548612201586e-05,3.8307356589939445e-05,detoxify-unbiased
1996643306118185187,0.0008050668984651566,1.3139028851583134e-06,4.3487249058671296e-05,8.26380928629078e-05,0.000251367426244542,2.055199547612574e-05,1.8371114492765628e-05,detoxify-unbiased
1996663477008494956,0.0004296132829040289,1.1666676300592371e-06,2.875001882785e-05,6.394470983650535e-05,0.00012757012154906988,1.4760700651095249e-05,1.1710278158716392e-05,detoxify-unbiased
1996665155388645404,0.008947005495429039,2.2193864424480125e-05,0.0001736546983011067,0.0034151782747358084,0.0025169430300593376,0.00017633676179684699,0.00026205836911685765,detoxify-unbiased
1996665301602103513,0.0005596252740360796,1.2017001154163154e-06,3.446497066761367e-05,6.649320130236447e-05,0.00015740864910185337,1.7477939763921313e-05,1.440239338990068e-05,detoxify-unbiased
1996959538172285361,0.0004055223544128239,1.336907189397607e-06,2.5359284336445853e-05,7.77716632001102e-05,0.0001005469384836033,1.7598495105630718e-05,1.2893752682430204e-05,detoxify-unbiased
1996961507171602476,0.17471496760845184,0.00010166415449930355,0.0019686222076416016,0.04002368077635765,0.012771290726959705,0.0006113543058745563,0.026398954913020134,detoxify-unbiased
1996961849707827359,0.00036844611167907715,1.3642871863339678e-06,2.555235187173821e-05,7.410563557641581e-05,9.774140198715031e-05,1.7076879885280505e-05,1.2870313184976112e-05,detoxify-unbiased
1996963040730681754,0.0003583515645004809,1.2691367601291859e-06,2.3701915779383853e-05,7.481718785129488e-05,0.00010059949272545055,1.5367613741545938e-05,1.1670743333525024e-05,detoxify-unbiased
1997031696818991599,0.0005188229843042791,1.4933731335986522e-06,3.543574348441325e-05,7.713823288213462e-05,0.0001258302800124511,2.477048292348627e-05,1.659261033637449e-05,detoxify-unbiased
1997329070267290043,0.000499530287925154,1.3364292499318253e-06,3.0653307476313785e-05,7.969892612891272e-05,0.00012657858314923942,1.9782328308792785e-05,1.5082429854373913e-05,detoxify-unbiased
1997329398756757824,0.00048109222552739084,1.4327758890431141e-06,2.7539395887288265e-05,7.779376755934209e-05,0.00011550545605132356,2.2638669179286808e-05,1.437955506844446e-05,detoxify-unbiased
1997329537986613265,0.0007347052451223135,1.2306200005696155e-06,2.6546786102699116e-05,0.00013666899758391082,0.00017168070189654827,1.9986022380180657e-05,1.4509370885207318e-05,detoxify-unbiased
1997330525191643223,0.00045931682689115405,1.360768465019646e-06,2.643171865202021e-05,0.00011189695214852691,0.00011351059947628528,1.6924495866987854e-05,1.0936902981484309e-05,detoxify-unbiased
1997333321357971672,0.0004759287112392485,1.5501989309996134e-06,3.290821041446179e-05,8.199583680834621e-05,0.00010591567115625367,1.9647746739792638e-05,1.6053494618972763e-05,detoxify-unbiased
1997673496424362379,0.0003963384369853884,1.372339966110303e-06,2.724265505094081e-05,6.954876153031364e-05,0.00010486807150300592,1.770304334058892e-05,1.5208637705654837e-05,detoxify-unbiased
1997674368571265221,0.000355238385964185,1.3785429473500699e-06,2.5216231733793393e-05,6.858762208139524e-05,9.546388173475862e-05,1.770506969478447e-05,1.2828013495891355e-05,detoxify-unbiased
1997677147134005589,0.00237455265596509,1.2425899740264867e-06,6.28444176982157e-05,8.858731598593295e-05,0.0007669107872061431,2.255462641187478e-05,2.3278316803043708e-05,detoxify-unbiased
1997678201850474913,0.0004692070360761136,1.584938445375883e-06,2.4968396246549673e-05,0.0001640727714402601,0.00010265535820508376,1.970868106582202e-05,1.5063715181895532e-05,detoxify-unbiased
1997678601265692863,0.00036182018811814487,1.2764137409249088e-06,2.7924317691940814e-05,6.571714038727805e-05,0.00010216172086074948,1.5945786799420603e-05,1.2247636732354295e-05,detoxify-unbiased
1998125352263053474,0.0005258128512650728,1.4043039300304372e-06,2.6636811526259407e-05,8.471598994219676e-05,0.00012867995246779174,2.7094534743810073e-05,1.574410816829186e-05,detoxify-unbiased
1998125601404625402,0.00048627439537085593,1.4982977063482394e-06,3.267760985181667e-05,9.862494334811345e-05,0.00011664350313367322,2.113351183652412e-05,1.3877785022486933e-05,detoxify-unbiased
1998127181105356913,0.0003484743647277355,1.3434869288175832e-06,2.7389134629629552e-05,6.93129186402075e-05,9.771009354153648e-05,1.638171852391679e-05,1.2574047104862984e-05,detoxify-unbiased
1998127472387191147,0.0007115883054211736,1.5376144801848568e-06,3.815819582086988e-05,8.209716179408133e-05,0.00018437500693835318,2.4981163733173162e-05,1.950455771293491e-05,detoxify-unbiased
1998129284863455726,0.0003568962565623224,1.4068507425690768e-06,2.437792682030704e-05,7.749116775812581e-05,9.356415830552578e-05,1.7163001757580787e-05,1.3837028745911084e-05,detoxify-unbiased
1998476680680047010,0.00038915840559639037,1.2894682868136442e-06,2.76736627711216e-05,6.297892105067149e-05,0.00010531230509513989,1.558926305733621e-05,1.3777854292129632e-05,detoxify-unbiased
1998481764524699788,0.00038178020622581244,1.3083787280265824e-06,2.569015668996144e-05,7.67811288824305e-05,0.0001022786891553551,1.8586579244583845e-05,1.2064267139066942e-05,detoxify-unbiased
1998484723677515891,0.0003726366558112204,1.3604349078377709e-06,2.2884974896442145e-05,8.34778111311607e-05,9.814833902055398e-05,1.9555514882085845e-05,1.2881610018666834e-05,detoxify-unbiased
1998491594983453083,0.00038877499173395336,1.3168357781978557e-06,2.2959231500863098e-05,8.46006951178424e-05,0.00010364792979089543,1.8043179807136767e-05,1.3997116184327751e-05,detoxify-unbiased
1998492194164838477,0.00044871558202430606,1.3497320878741448e-06,3.208203270332888e-05,7.035778980934992e-05,0.00011583713057916611,1.8226932297693565e-05,1.3656457667821087e-05,detoxify-unbiased
1998765207212978519,0.00036105510662309825,1.3685797739526606e-06,2.462908196321223e-05,7.58380483603105e-05,9.634658636059612e-05,1.7941430996870622e-05,1.3336345546122175e-05,detoxify-unbiased
1998765820663447855,0.0003594796871766448,1.2645325568882981e-06,2.7272630177321844e-05,6.294895865721628e-05,0.00010277504770783707,1.4741091945325024e-05,1.1576344149943907e-05,detoxify-unbiased
1998766295777439962,0.0023620540741831064,2.358457322770846e-06,0.00013632005720864981,0.00016011224943213165,0.0007256733952090144,3.079594171140343e-05,3.7823909224243835e-05,detoxify-unbiased
1998766561780215821,0.0005942482966929674,1.3608813560495037e-06,2.9133821954019368e-05,8.508954488206655e-05,0.0001584084238857031,2.346209657844156e-05,1.4253620065574069e-05,detoxify-unbiased
1998766843041919103,0.0006580000626854599,1.8717787497735117e-06,5.2526396757457405e-05,0.00010048511467175558,0.0001444883964722976,2.499205402273219e-05,1.88771646207897e-05,detoxify-unbiased
1999144241734222018,0.0005242309416644275,1.3138942449586466e-06,2.9060345696052536e-05,7.806553912814707e-05,0.0001312500098720193,1.9625087588792667e-05,1.4239353731682058e-05,detoxify-unbiased
1999144865146327316,0.0021599784959107637,1.3425071756500984e-06,5.591210356215015e-05,0.00010359684529248625,0.0006000495050102472,2.7205736842006445e-05,2.0739747924380936e-05,detoxify-unbiased
1999145140695245192,0.0008402277017012239,1.1615917401286424e-06,3.417779225856066e-05,8.212636748794466e-05,0.00022459146566689014,1.9412329493206926e-05,1.4112330973148346e-05,detoxify-unbiased
1999145944462344276,0.00046606481191702187,1.234692149409966e-06,2.5967383407987654e-05,7.192930934252217e-05,0.00012344082642812282,2.070897608064115e-05,1.363381579722045e-05,detoxify-unbiased
1999147595415822744,0.0024910802021622658,3.310676220280584e-06,9.208560368278995e-05,0.00021500619186554104,0.0003622861404437572,0.00023944910208228976,6.530184327857569e-05,detoxify-unbiased
1999523296841183449,0.0010461934143677354,1.5610465879944968e-06,3.039899456780404e-05,0.00033260014606639743,0.0001900358620332554,2.159717223548796e-05,1.5120018360903487e-05,detoxify-unbiased
1999524351792582722,0.0012223783414810896,1.622569129722251e-06,3.74432020180393e-05,0.0001490896102041006,0.0002883286797441542,4.769119550473988e-05,1.9120016077067703e-05,detoxify-unbiased
1999526147705426107,0.0005377226625569165,1.1646443454083055e-06,2.7418405807111412e-05,7.11389075149782e-05,0.00015308578440453857,1.6550289728911594e-05,1.4017954526934773e-05,detoxify-unbiased
1999526488178032824,0.0009207833209075034,1.3757717169937678e-06,3.7179295759415254e-05,0.00014021433889865875,0.0002101127611240372,2.1124909835634753e-05,1.7109090549638495e-05,detoxify-unbiased
1999526658542354501,0.0003716275095939636,1.2814349474865594e-06,2.719738768064417e-05,6.902006862219423e-05,0.00010382876644143835,1.7102565834647976e-05,1.1885568710567895e-05,detoxify-unbiased
1999935753472582064,0.0004752806562464684,1.3270714589452837e-06,2.7096808480564505e-05,8.67431444930844e-05,0.00011660369636956602,2.20585243368987e-05,1.4530197404383216e-05,detoxify-unbiased
1999938051548581998,0.0003826966567430645,1.2059065284120152e-06,2.374157338635996e-05,7.606148574268445e-05,0.00011245080531807616,1.5524770788033493e-05,1.1225149137317203e-05,detoxify-unbiased
1999950553737032042,0.012840251438319683,8.277853339677677e-06,0.0009973618434742093,0.0009321966790594161,0.003859817748889327,5.518181569641456e-05,9.418342960998416e-05,detoxify-unbiased
1999951359806771310,0.00045606651110574603,1.6670920786054921e-06,3.079130328842439e-05,9.225602843798697e-05,0.00010509852290851995,2.8267942980164662e-05,1.554588379804045e-05,detoxify-unbiased
1999961783428125088,0.0008572339429520071,1.7446947140342672e-06,3.254211333114654e-05,0.0001585497084306553,0.0001901682117022574,3.983575516031124e-05,2.335685712751001e-05,detoxify-unbiased
2000312795179385217,0.0005155172548256814,1.403584860781848e-06,3.232926974305883e-05,7.735672261333093e-05,0.00011868335423059762,2.084243533317931e-05,1.4704362001793925e-05,detoxify-unbiased
2000315642113634480,0.002443063771352172,3.995514816779178e-06,0.0001044121672748588,0.001671411213465035,0.00046446843771263957,4.206365701975301e-05,2.8958402253920212e-05,detoxify-unbiased
2000326783527170511,0.0006901145097799599,1.3111816770106088e-06,4.1797069570748135e-05,6.435543764382601e-05,0.00019596616039052606,1.589615385455545e-05,1.9694232832989655e-05,detoxify-unbiased
2000327261480755373,0.0031571725849062204,6.522592229885049e-06,0.00012125121429562569,0.0003923818585462868,0.0006608409457840025,2.3218855858431198e-05,8.10431083664298e-05,detoxify-unbiased
2000327403248189820,0.009770096279680729,2.6357691240264103e-05,0.00023987935855984688,0.001481315353885293,0.0010493791196495295,0.00041046098340302706,0.004170596599578857,detoxify-unbiased
2000578866096550296,0.0009621508070267737,2.231380449302378e-06,9.246352419722825e-05,0.00021008749899920076,0.00025311653735116124,3.10621690005064e-05,2.143623714800924e-05,detoxify-unbiased
2000579079288832241,0.0012467597844079137,1.6207148973990115e-06,3.051695239264518e-05,0.0004631299525499344,0.00022307623294182122,2.5476216251263395e-05,1.6584415789111517e-05,detoxify-unbiased
2000579306007736513,0.001364662079140544,2.1992721030983375e-06,3.275389099144377e-05,0.0007419073372147977,0.000210007798159495,2.899432547565084e-05,1.9336503100930713e-05,detoxify-unbiased
2000579623164264914,0.0015077744610607624,1.8887504893427831e-06,3.2860232749953866e-05,0.0007407625089399517,0.00025861200992949307,3.1866791687207296e-05,1.5774556231917813e-05,detoxify-unbiased
2000579874826641839,0.0011846997076645494,4.966896540281596e-06,7.891489804023877e-05,0.000400054850615561,0.0003414683451410383,3.354368163854815e-05,3.465318513917737e-05,detoxify-unbiased
2000930650694570013,0.00041776534635573626,1.3368893405640847e-06,2.5705890948302113e-05,8.310679550049827e-05,0.00010666548769222572,1.894685556180775e-05,1.2167631211923435e-05,detoxify-unbiased
2000931784393908238,0.0003844445163849741,1.6639279465380241e-06,2.985619539686013e-05,7.795856072334573e-05,8.738334145164117e-05,1.9752747903112322e-05,1.5604822692694142e-05,detoxify-unbiased
2000932368299757820,0.0034451575484126806,3.0364344638655894e-06,5.869108281331137e-05,0.00036652557901106775,0.00035825674422085285,0.00035230503999628127,3.6782519600819796e-05,detoxify-unbiased
2000934802640236746,0.0016264825826510787,1.966717036339105e-06,2.432045766909141e-05,0.0012524417834356427,0.00022406979405786842,2.80903132079402e-05,1.66841327882139e-05,detoxify-unbiased
2000935038976659696,0.023791929706931114,0.0003596965398173779,0.0009401135612279177,0.027007633820176125,0.0027508146595209837,0.0006046869675628841,0.0005764949601143599,detoxify-unbiased
2001374127463059587,0.0013941667275503278,1.414214239048306e-06,5.9083329688292e-05,0.0001002009303192608,0.00035498739453032613,2.168335413443856e-05,1.9751974832615815e-05,detoxify-unbiased
2001375755549200887,0.0003653628227766603,1.2775352615790325e-06,2.7274400054011494e-05,6.442567973863333e-05,0.00010217700764769688,1.4413288226933219e-05,1.1689769053191412e-05,detoxify-unbiased
2001376841718776171,0.0009551361436024308,1.252986862709804e-06,4.140198871027678e-05,7.927550905151293e-05,0.0002600706066004932,1.9620165403466672e-05,1.5554751371382736e-05,detoxify-unbiased
2001377904668631527,0.0007689598714932799,1.3801267186863697e-06,2.5074581571971066e-05,0.00018218863988295197,0.0001608387683518231,2.503074392734561e-05,1.24954140119371e-05,detoxify-unbiased
2001381039361384612,0.0003945297503378242,1.2321842177698272e-06,2.595136538730003e-05,7.361478492384776e-05,0.00010858273162739351,1.5558045561192557e-05,1.1516532140376512e-05,detoxify-unbiased
2001381305657798778,0.0006484492332674563,1.401631948283466e-06,2.7736779884435236e-05,0.000194118547369726,0.00013313292583916336,2.0871397282462567e-05,1.4447348803514615e-05,detoxify-unbiased
2001679202605494671,0.02702591009438038,2.6195418740826426e-06,0.00024139064771588892,0.00037785308086313307,0.017190391197800636,3.79076118406374e-05,5.4767810070188716e-05,detoxify-unbiased
2001681471229059524,0.0005951710045337677,1.2428412219378515e-06,2.8804079192923382e-05,8.060387335717678e-05,0.000146873586345464,2.0160241547273472e-05,1.4148527043289505e-05,detoxify-unbiased
2001682240011440412,0.0004127349238842726,1.3855654970029718e-06,2.8410828235791996e-05,6.916067650308833e-05,0.00010661353007890284,1.909574530145619e-05,1.4206259038473945e-05,detoxify-unbiased
2001682884189450351,0.0012124364729970694,2.4519233647879446e-06,3.3932694350369275e-05,0.00027548419893719256,0.00014801323413848877,0.00010126783308805898,1.9627446818049066e-05,detoxify-unbiased
2001684129520206066,0.0004054145538248122,1.6948715710896067e-06,3.6852034099865705e-05,7.086961704771966e-05,8.954936492955312e-05,1.743736538628582e-05,1.5706076737842523e-05,detoxify-unbiased
2002033521716564268,0.00044492312008515,1.2832498441639473e-06,2.6137173335882835e-05,8.217360300477594e-05,0.00011574460950214416,1.6903770301723853e-05,1.1911894034710713e-05,detoxify-unbiased
2002034337596719206,0.01051841489970684,2.5951392672141083e-05,0.0006307698786258698,0.00046289825695566833,0.0008779047639109194,0.00010739226127043366,0.01370429340749979,detoxify-unbiased
2002034716988391616,0.0004720264987554401,1.2895247891719919e-06,2.577695886429865e-05,9.960951138054952e-05,0.00012020156282233074,1.8989887394127436e-05,1.1549902410479262e-05,detoxify-unbiased
2002035068718473263,0.0003771590709220618,1.3458798093779478e-06,2.574423524492886e-05,8.126288594212383e-05,0.00010155088239116594,1.732977580104489e-05,1.2699498256552033e-05,detoxify-unbiased
2002062038403609027,0.0005243741325102746,1.393811430716596e-06,2.4987930373754352e-05,9.386415331391618e-05,0.00012986341607756913,2.6174586309934966e-05,1.4715386896568816e-05,detoxify-unbiased
2002400947079651434,0.00040522750350646675,1.4348994454849162e-06,2.6549392714514397e-05,8.134049130603671e-05,9.770636825123802e-05,1.896590765682049e-05,1.4604799616790842e-05,detoxify-unbiased
2002401738716758170,0.0005018222145736217,1.2186608273623278e-06,2.6729385353974067e-05,8.355570025742054e-05,0.00012894377869088203,1.826504012569785e-05,1.3175066669646185e-05,detoxify-unbiased
2002402117202407762,0.002008268143981695,8.051402801356744e-06,8.022085239645094e-05,0.0007187119917944074,0.0005647210055030882,6.691690941806883e-05,0.00021478920825757086,detoxify-unbiased
2002402523475247555,0.0010404662461951375,2.2009232907294063e-06,5.092682476970367e-05,0.00013576097262557596,0.00019174952467437834,5.5068263463908806e-05,3.354358341312036e-05,detoxify-unbiased
2002402991727325281,0.00038257939741015434,1.3012696626901743e-06,2.7861618946189992e-05,6.578987813554704e-05,0.00010507988190511242,1.6193402188946493e-05,1.2257707567187026e-05,detoxify-unbiased
2002746491090133304,0.0007403147174045444,1.2591726772370748e-06,3.402179936529137e-05,9.670390863902867e-05,0.00019030316616408527,1.8768438167171553e-05,1.4043590454093646e-05,detoxify-unbiased
2002747618565169415,0.0004952611052431166,1.2846530808019452e-06,3.061565075768158e-05,6.86641942593269e-05,0.00012238038470968604,1.7031617971952073e-05,1.4606861441279761e-05,detoxify-unbiased
2002748005879824500,0.0005278405733406544,1.2926683439218323e-06,2.9315340725588612e-05,8.53404781082645e-05,0.00014324006042443216,1.925285323522985e-05,1.3912767826695926e-05,detoxify-unbiased
2002748338349756760,0.00042656189179979265,1.453873778700654e-06,2.9291360988281667e-05,8.066869486356154e-05,0.00010795193520607427,2.119313103321474e-05,1.469990183977643e-05,detoxify-unbiased
2002748759650791776,0.0003487596404738724,1.294183107347635e-06,2.657707955222577e-05,6.963124906178564e-05,9.742938709678128e-05,1.5495957995881326e-05,1.1375502253940795e-05,detoxify-unbiased
2003118008487600634,0.0004617272934410721,1.6970453771136818e-06,2.9863682357245125e-05,9.435054380446672e-05,0.00010189844761043787,2.7031766876461916e-05,1.9597780919866636e-05,detoxify-unbiased
2003118574005518362,0.0004115144838578999,1.4064215747566777e-06,2.735339876380749e-05,7.849086250644177e-05,0.00010455294250277802,1.9662853446789086e-05,1.3464702533383388e-05,detoxify-unbiased
2003118835780477095,0.00910568330436945,0.00035014224704355,0.0013943871017545462,0.011918856762349606,0.0013912222348153591,0.0007590836612507701,0.0002071454655379057,detoxify-unbiased
2003253431918596558,0.0013343964237719774,1.3680460142495576e-06,5.335509922588244e-05,9.974124986911193e-05,0.0003969051758758724,2.1217640096438117e-05,1.720421641948633e-05,detoxify-unbiased
2003253661359608138,0.0015326754655689,1.8918856312666321e-06,6.25748944003135e-05,9.255200711777434e-05,0.000281980843283236,6.180335185490549e-05,2.6546176741248928e-05,detoxify-unbiased
2003470142462714103,0.00039894357905723155,1.259892201233015e-06,2.7656828024191782e-05,6.96203569532372e-05,0.00011096974048996344,1.4814415408181958e-05,1.160767442343058e-05,detoxify-unbiased
2003470874469417457,0.11820784211158752,0.00018739727966021746,0.0010740826837718487,0.13451214134693146,0.017438244074583054,0.000997637864202261,0.0008891730103641748,detoxify-unbiased
2003472545236889739,0.0014340283814817667,4.02693649448338e-06,8.613731188233942e-05,0.0004895756137557328,0.00036971914232708514,3.604160519898869e-05,0.00013649500033352524,detoxify-unbiased
2003473400635810153,0.0007664607837796211,1.3159458376321709e-06,4.372319745016284e-05,8.180254371836782e-05,0.00023240591690409929,1.8215934687759727e-05,1.546653402328957e-05,detoxify-unbiased
2003474291841478803,0.01788455806672573,5.725145911128493e-06,0.00018749109585769475,0.0005680520553141832,0.0019020684994757175,0.002403024584054947,0.00010788381041493267,detoxify-unbiased
2003834901037015066,0.013750246725976467,9.622963261790574e-06,5.229613816482015e-05,0.009684734977781773,0.0011322362115606666,0.00029234561952762306,3.885748446919024e-05,detoxify-unbiased
2003835655386726614,0.00041668585618026555,1.3690601008420344e-06,3.232464587199502e-05,6.43919556750916e-05,0.0001127554351114668,1.7084437786252238e-05,1.3978227798361331e-05,detoxify-unbiased
2003836032442065329,0.00044769319356419146,1.347184479527641e-06,3.1544659577775747e-05,6.555872096214443e-05,0.00011482153058750555,1.8647939214133658e-05,1.3134872460796032e-05,detoxify-unbiased
2003849985603813769,0.022538715973496437,9.367467282572761e-05,0.0005762633518315852,0.0014569758204743266,0.004559737164527178,0.0014008664293214679,0.0003917408757843077,detoxify-unbiased
2003939570434400560,0.0003981819609180093,1.3692376796825556e-06,2.6385507226223126e-05,7.893612928455696e-05,0.00010291302896803245,1.832691123127006e-05,1.2680281542998273e-05,detoxify-unbiased
2004321710774861921,0.000803233589977026,1.8757564248517156e-06,4.8956801038002595e-05,0.0001964587572729215,0.00015957880532369018,1.986522511288058e-05,1.9384617189643905e-05,detoxify-unbiased
2004322810437452056,0.00090943364193663,1.7715105968818534e-06,4.196781446808018e-05,9.239451173925772e-05,0.0001991231256397441,4.064609674969688e-05,2.527550714148674e-05,detoxify-unbiased
2004323874272358682,0.0003655770851764828,1.3641739542435971e-06,2.586684058769606e-05,7.51826519262977e-05,9.682035306468606e-05,1.713165511318948e-05,1.2758154298353475e-05,detoxify-unbiased
2004324208638149012,0.0005594248068518937,1.7573038348928094e-06,4.505228571360931e-05,6.8300636485219e-05,0.00011223217734368518,2.190664417867083e-05,1.7120288248406723e-05,detoxify-unbiased
2004324493527851513,0.015741653740406036,6.558986206073314e-05,0.00046288431622087955,0.01511277537792921,0.001165270688943565,0.0002640086750034243,0.00036870790063403547,detoxify-unbiased
2004687520081056009,0.049173399806022644,2.7880651032319292e-05,0.01018457766622305,0.001009198371320963,0.015673533082008362,0.00031040655449032784,0.0005183842149563134,detoxify-unbiased
2004688306563432680,0.001522138132713735,7.063199973345036e-06,8.099273691186681e-05,0.0005770087009295821,0.0002593035460449755,2.78683437500149e-05,6.0671824030578136e-05,detoxify-unbiased
2004688986694881325,0.0003639217757154256,1.3745076330451411e-06,2.6071300453622825e-05,6.683005631202832e-05,9.849459456745535e-05,1.8830740373232402e-05,1.3175393178244121e-05,detoxify-unbiased
2004690774655377709,0.00044573540799319744,1.4207868161975057e-06,3.108130840701051e-05,9.269420115742832e-05,0.00010779547301353887,1.637514287722297e-05,1.4398767234524712e-05,detoxify-unbiased
2004691234107887659,0.0006080805906094611,1.5959152506184182e-06,2.976442738145124e-05,0.00012401232379488647,0.00012935879931319505,3.0977265851106495e-05,1.561134195071645e-05,detoxify-unbiased
2005040541239533955,0.008576354011893272,8.152678492479026e-05,0.0006098136072978377,0.009613978676497936,0.0009981669718399644,0.0003048410580959171,6.40600046608597e-05,detoxify-unbiased
2005040837428724207,0.0003716020146384835,1.5109520745681948e-06,3.122876296401955e-05,7.05956990714185e-05,9.178867185255513e-05,1.762077954481356e-05,1.3469736586557701e-05,detoxify-unbiased
2005042540647477343,0.0018974952399730682,3.5355333238840103e-06,6.097273580962792e-05,0.00015986435755621642,0.0001986321876756847,0.00042449351167306304,3.103749986621551e-05,detoxify-unbiased
2005043162805420165,0.00043454140541143715,1.4825631069470546e-06,2.7329360818839632e-05,8.539933332940564e-05,0.00010083979577757418,2.0851759472861886e-05,1.4844695215288084e-05,detoxify-unbiased
2005043740033863766,0.00045786157716065645,1.318235604230722e-06,2.4121465685311705e-05,8.527995669282973e-05,0.00011408507270971313,1.730804069666192e-05,1.501669885328738e-05,detoxify-unbiased
2005281845542293605,0.000401324185077101,1.218344664266624e-06,2.435341230011545e-05,7.753152021905407e-05,0.00011677973088808358,1.7128044419223443e-05,1.1625266779446974e-05,detoxify-unbiased
2005282378281844852,0.0003532271948643029,1.3526275779440766e-06,2.4147104340954684e-05,7.292300870176405e-05,9.540453902445734e-05,1.8326019926462322e-05,1.2255463843757752e-05,detoxify-unbiased
2005283345509302351,0.00048817458446137607,1.2745597359753447e-06,3.1317398679675534e-05,7.422445196425542e-05,0.00013589968148153275,1.6996991689666174e-05,1.2675492143898737e-05,detoxify-unbiased
2005285637230850550,0.0005921842530369759,1.7647184904490132e-06,3.495175042189658e-05,0.00011213750258320943,0.00012813018111046404,3.296748400316574e-05,1.8819357137545012e-05,detoxify-unbiased
2005286119508738296,0.00040336811798624694,1.331378939539718e-06,2.3765267542330548e-05,8.653289114590734e-05,0.00010764160833787173,1.8301971067558043e-05,1.3520649190468248e-05,detoxify-unbiased
2005634157477609578,0.00039952510269358754,1.609351102160872e-06,4.312111923354678e-05,7.02274774084799e-05,9.725683776196092e-05,2.3787828467902727e-05,1.3097871487843804e-05,detoxify-unbiased
2005634678984687987,0.00044218386756256223,1.2775254845109885e-06,2.674542338354513e-05,7.643047865713015e-05,0.0001174745339085348,1.860754309745971e-05,1.2896483895019628e-05,detoxify-unbiased
2005635151888359525,0.00133169733453542,8.28488282422768e-06,0.00012575795699376613,0.0002584682952146977,0.00040326526504941285,4.689443812821992e-05,9.701285307528451e-05,detoxify-unbiased
2005635523604369571,0.0006185182137414813,1.3944894590167678e-06,3.593068686313927e-05,7.452481077052653e-05,0.0001582384284120053,2.3794771550456062e-05,1.9677336240420118e-05,detoxify-unbiased
2005635829515825303,0.0006034870748408139,1.4854969094812986e-06,4.5281642087502405e-05,9.842510189628229e-05,0.00015996926231309772,1.6519776181667112e-05,1.643910763959866e-05,detoxify-unbiased
2005993845478023574,0.0007151264580897987,1.8400478438707069e-06,4.442021599970758e-05,0.00011087454186053947,0.00016170991875696927,2.2186308342497796e-05,3.0504497772199102e-05,detoxify-unbiased
2005994086692467023,0.00036219481262378395,1.3714071656067972e-06,2.5531038772896864e-05,7.7092568972148e-05,9.544148633722216e-05,1.7605645552976057e-05,1.2937133760715369e-05,detoxify-unbiased
2005994436912664727,0.0005827397690154612,1.5377713680209126e-06,2.5531671781209297e-05,0.00013325230975169688,0.00013189449964556843,2.8152824597782455e-05,1.5197560969681945e-05,detoxify-unbiased
2005995233561948243,0.0004580412642098963,1.9418735064391512e-06,5.710525510949083e-05,7.552318129455671e-05,0.0001016293463180773,1.8996572180185467e-05,1.722690649330616e-05,detoxify-unbiased
2005995722059977210,0.0004399651661515236,1.311898358835606e-06,2.9060540327918716e-05,7.059650670271367e-05,0.00011343257938278839,1.705045360722579e-05,1.355077802145388e-05,detoxify-unbiased
2006353427333353803,0.00044821453047916293,1.6655743593219086e-06,3.823921360890381e-05,7.279371493496001e-05,9.618327749194577e-05,1.847117891884409e-05,1.5932426322251558e-05,detoxify-unbiased
2006354444422709443,0.0030199040193110704,1.822658077799133e-06,9.350832260679454e-05,0.00015884387539699674,0.0008939079125411808,3.3225696824956685e-05,3.565489168977365e-05,detoxify-unbiased
2006360323859632279,0.0003674945910461247,1.4616298358305357e-06,3.01725922327023e-05,7.073600136209279e-05,9.409410267835483e-05,1.737803358992096e-05,1.2915289516968187e-05,detoxify-unbiased
2006360661698236660,0.0006350302719511092,2.555653281888226e-06,4.226582677802071e-05,0.00019581000378821045,0.0001642280403757468,2.530966048652772e-05,7.435082807205617e-05,detoxify-unbiased
2006566849278857401,0.0014150423230603337,2.486152425262844e-06,0.00010174134513363242,0.000124176440294832,0.00038649351336061954,2.301653876202181e-05,2.9546157747972757e-05,detoxify-unbiased
2006718487570305290,0.001539552235044539,1.9425865502853412e-06,8.738784526940435e-05,0.00010476741590537131,0.0003928423975594342,2.1375526557676494e-05,3.2341449696104974e-05,detoxify-unbiased
2006718789665112223,0.0026056922506541014,5.5618188525841106e-06,6.535149441333488e-05,0.0009698235662654042,0.0005753386649303138,4.2161645978922024e-05,5.323455116013065e-05,detoxify-unbiased
2006720797881070059,0.0003482000029180199,1.2555777857414796e-06,2.4296301489812322e-05,6.583286449313164e-05,9.964247146854177e-05,1.5148508282436524e-05,1.1839231774501968e-05,detoxify-unbiased
2006721141876887886,0.0006766365258954465,1.3942833447799785e-06,3.300413300166838e-05,0.00011398567585274577,0.00016101080109365284,2.2095284293754958e-05,2.2499007172882557e-05,detoxify-unbiased
2006721433280364628,0.0004747961647808552,1.1748416000045836e-06,2.486097946530208e-05,7.166796422097832e-05,0.00012715405318886042,1.781468563422095e-05,1.3025375665165484e-05,detoxify-unbiased
2007082743084040629,0.0005424295086413622,1.5144936469368986e-06,3.165190355503e-05,0.00010394507262390107,0.00013047024549450725,2.6547595552983694e-05,1.9745233657886274e-05,detoxify-unbiased
2007084232162570273,0.002962193451821804,1.4600346958104637e-06,7.322837336687371e-05,0.00013488030526787043,0.000952354574110359,2.7056888939114287e-05,2.8282205676077865e-05,detoxify-unbiased
2007084709700911271,0.0006310001481324434,1.7848989273261395e-06,6.401396240107715e-05,8.476510993205011e-05,0.00016601645620539784,2.635321652633138e-05,1.65931796800578e-05,detoxify-unbiased
2007086366786531771,0.0011771090794354677,1.799587835193961e-06,4.314493708079681e-05,0.00014808084233663976,0.00022115602041594684,5.1881368563044816e-05,2.0173105440335348e-05,detoxify-unbiased
2007086589399187715,0.0018050014041364193,2.1403711798484437e-06,5.560021963901818e-05,0.00021991667745169252,0.0004201117844786495,3.2031410228228197e-05,4.922302105114795e-05,detoxify-unbiased
2007470817836233058,0.0006906023481860757,1.0689132068364415e-06,2.7869193218066357e-05,8.461215475108474e-05,0.00019192475883755833,1.568592961120885e-05,1.2226092621858697e-05,detoxify-unbiased
2007472887452602717,0.0007351411622948945,1.5017436680864193e-06,4.072486262884922e-05,8.148224878823385e-05,0.00022251158952713013,2.0656274500652216e-05,1.7969288819585927e-05,detoxify-unbiased
2007473450588250359,0.00048681447515264153,1.3930048226029612e-06,2.777794361463748e-05,0.00010095486504724249,0.00011228388029849157,2.1273317543091252e-05,1.1973395885434002e-05,detoxify-unbiased
2007475404701835427,0.00037006716593168676,1.3600002830571611e-06,2.7226242309552617e-05,7.136080239433795e-05,9.789942851057276e-05,1.7599702914594673e-05,1.2256609807081986e-05,detoxify-unbiased
2007616388760825993,0.0020091035403311253,5.217393209022703e-06,3.591287531889975e-05,0.0010720407590270042,0.0002973537193611264,7.28396771592088e-05,2.4781587853794917e-05,detoxify-unbiased
2007843659673194870,0.00045348043204285204,1.347714146504586e-06,2.770138598862104e-05,7.764998736092821e-05,0.0001137085200753063,2.117519215971697e-05,1.424679794581607e-05,detoxify-unbiased
2007844316467589213,0.0006004124879837036,1.37381960030325e-06,3.275863855378702e-05,0.00010635774378897622,0.00016027539095375687,2.0443038010853343e-05,1.5533909390796907e-05,detoxify-unbiased
2007845165164032383,0.0005148748750798404,1.1411525520088617e-06,3.0013690775376745e-05,6.600630877073854e-05,0.00014402373926714063,1.4582643416360952e-05,1.2836163477913942e-05,detoxify-unbiased
2007846741870059908,0.0005896827206015587,1.4341100040837773e-06,3.2258438295684755e-05,0.00010895248124143109,0.00014265585923567414,2.371627306274604e-05,1.43232491609524e-05,detoxify-unbiased
2007847910906429600,0.0004865542578045279,1.2295313354115933e-06,2.8868291337857954e-05,8.067368617048487e-05,0.00013148914149496704,1.8118927982868627e-05,1.182523828902049e-05,detoxify-unbiased
2008164201613701599,0.0007162286201491952,1.4152450376059278e-06,3.602404467528686e-05,9.415289969183505e-05,0.00018127300427295268,2.2617132344748825e-05,1.72280560946092e-05,detoxify-unbiased
2008164812144902620,0.0007036095485091209,1.642088591324864e-06,3.7033751141279936e-05,0.00012117099686292931,0.00014129947521723807,3.7149737181607634e-05,1.5860719940974377e-05,detoxify-unbiased
2008165941595504928,0.0003604190715122968,1.235114837072615e-06,2.7446421881904826e-05,6.466240301961079e-05,0.00010771101369755343,1.4577818546968047e-05,1.2844539924117271e-05,detoxify-unbiased
2008166686298423730,0.0004569057491607964,1.6455906006740406e-06,3.7810637877555564e-05,8.429581794189289e-05,0.00011019343946827576,1.649762452871073e-05,1.587912265677005e-05,detoxify-unbiased
2008167150536560664,0.0004923590458929539,1.1778076896007406e-06,2.8144233510829508e-05,7.414514402626082e-05,0.0001383960188832134,1.5649859051336534e-05,1.1158163943036925e-05,detoxify-unbiased
2008545176482955563,0.0004137359210290015,1.1731946187865105e-06,2.6483796318643726e-05,5.6436114391544834e-05,0.0001165162175311707,1.6077150576165877e-05,1.2667927876464091e-05,detoxify-unbiased
2008545885517468032,0.00043443957110866904,1.3349554137676023e-06,2.887115624616854e-05,8.081913983915001e-05,0.00011406787962187082,1.976102066691965e-05,1.2851375686295796e-05,detoxify-unbiased
2008546518983155720,0.00041710020741447806,1.455870346944721e-06,2.7713986128219403e-05,7.707669283263385e-05,0.00010057369217975065,2.112331821990665e-05,1.4726841982337646e-05,detoxify-unbiased
2008547191867002955,0.00043407565681263804,1.094657363864826e-06,2.4563218175899237e-05,6.763479905202985e-05,0.0001261903962586075,1.543248254165519e-05,1.0999599908245727e-05,detoxify-unbiased
2008549034974142544,0.0003644059179350734,1.2640672366615036e-06,2.5559516870998777e-05,7.197610102593899e-05,0.00010226152517134324,1.6055777450674213e-05,1.1734537110896781e-05,detoxify-unbiased
2008735003048329216,0.00037677239743061364,1.2867964187535108e-06,2.3023188987281173e-05,7.950224244268611e-05,0.00010390066745458171,1.639086076465901e-05,1.3283819498610683e-05,detoxify-unbiased
2008735800205139976,0.00039149896474555135,1.3059640195933753e-06,2.4652790671098046e-05,6.872996164020151e-05,0.00010434159776195884,1.8015258319792338e-05,1.2984399290871806e-05,detoxify-unbiased
2008736344067944502,0.0005544122541323304,1.5122494687602739e-06,3.442328670644201e-05,7.906554674264044e-05,0.00013649917673319578,2.3080896426108666e-05,1.7675058188615367e-05,detoxify-unbiased
2008736611568144655,0.001013919129036367,1.4158565591060324e-06,5.5964112107176334e-05,7.67410165281035e-05,0.00029933167388662696,1.963879185495898e-05,2.0211116861901246e-05,detoxify-unbiased
2008768479961231686,0.0006130311521701515,1.1031407893824507e-06,2.6045307095046155e-05,7.367019134107977e-05,0.00017296394798904657,1.7696915165288374e-05,1.1759630979213398e-05,detoxify-unbiased
2008769532387602491,0.0005213981494307518,1.650582476031559e-06,2.320970997971017e-05,0.00010200995166087523,0.00011946020822506398,3.5338856832822785e-05,1.7626174667384475e-05,detoxify-unbiased
2008769840157266052,0.00043638161150738597,1.338009383289318e-06,2.8347822080831975e-05,7.566410204162821e-05,0.00011944869766011834,1.756484380166512e-05,1.6735126337152906e-05,detoxify-unbiased
2008770110580814107,0.00035914350883103907,1.2815058880732977e-06,2.4062856027740054e-05,6.748423766111955e-05,0.00010154720803257078,1.5995316061889753e-05,1.2186956155346707e-05,detoxify-unbiased
2008924862044143913,0.0004515994223766029,1.2332341157161864e-06,2.7416417651693337e-05,7.140941306715831e-05,0.00012169113324489444,1.728717325022444e-05,1.3443197531159967e-05,detoxify-unbiased
2008928547516125500,0.0006948542431928217,1.4871000075800112e-06,3.09774732158985e-05,0.00013530631258618087,0.00015081772289704531,2.8811498850700445e-05,1.5318917576223612e-05,detoxify-unbiased
2008931845484822840,0.00043969176476821303,1.2481685871534864e-06,2.956247772090137e-05,6.633202428929508e-05,0.00011995196109637618,1.6140766092576087e-05,1.2408300790411886e-05,detoxify-unbiased
2009465853079679244,0.0005089623737148941,1.1782941555793514e-06,2.9473440008587204e-05,6.402647704817355e-05,0.00014367177209351212,1.4612837730965111e-05,1.3885727639717516e-05,detoxify-unbiased
2009467758593929469,0.06293335556983948,2.9654327590833418e-05,0.000310641888063401,0.0650782510638237,0.004241581074893475,0.0002347856789128855,0.00011379594798199832,detoxify-unbiased
2009629875104109044,0.0005272969137877226,1.5356494031948387e-06,2.9000269933021627e-05,9.005580795928836e-05,0.00012036844418616965,2.6411711587570608e-05,1.739848084980622e-05,detoxify-unbiased
2010717808758272137,0.002929052570834756,3.906593974534189e-06,0.00013984713586978614,0.0002953150251414627,0.0006351470365189016,6.868494529044256e-05,0.00021528455545194447,detoxify-unbiased
2011163884267209129,0.004020493943244219,3.7884994981141062e-06,4.1317824070574716e-05,0.0018497435376048088,0.0004920181818306446,0.00011558798723854125,2.859266533050686e-05,detoxify-unbiased
2011449472220283127,0.0007475825841538608,2.1055727756902343e-06,3.2958054362097755e-05,9.890729415928945e-05,0.00016056938329711556,5.282155325403437e-05,2.7656116799334995e-05,detoxify-unbiased
2011450070923641265,0.0005772936274297535,1.2622639360415633e-06,4.3107389501528814e-05,6.322599801933393e-05,0.00016594729095231742,1.6046209566411562e-05,1.4652369827672374e-05,detoxify-unbiased
2011825555990040886,0.00042989905341528356,1.3501337434718153e-06,2.595663863758091e-05,8.280903421109542e-05,0.0001065301985363476,2.0652591047110036e-05,1.1981620446022134e-05,detoxify-unbiased
2011825970043338867,0.00043886186904273927,1.3341676776690292e-06,2.750582279986702e-05,8.17575491964817e-05,0.00011646401981124654,1.86815104825655e-05,1.3869025679014158e-05,detoxify-unbiased
2012205392625897487,0.00038586161099374294,1.3816359114571242e-06,2.5485645892331377e-05,8.205152698792517e-05,9.886675979942083e-05,2.0086854419787414e-05,1.4497835763904732e-05,detoxify-unbiased
2013652663582232857,0.0005233125993981957,1.3324980727702496e-06,2.9934910344309174e-05,7.401587208732963e-05,0.00012418461847119033,2.2468067982117645e-05,1.3478577784553636e-05,detoxify-unbiased
2017242598901961082,0.0010876671876758337,1.2467421584005933e-06,3.5694625694304705e-05,9.334438800578937e-05,0.0002971049107145518,2.4474131350871176e-05,1.6656884326948784e-05,detoxify-unbiased
2017243093703991409,0.00036566428025253117,1.3856420082447585e-06,2.4088063582894392e-05,7.559429650427774e-05,9.667633275967091e-05,1.7218890207004733e-05,1.2731222341244575e-05,detoxify-unbiased
2017244925365047744,0.0004221467534080148,1.2329423952905927e-06,2.437555667711422e-05,8.819831418804824e-05,0.00011142420407850295,1.7282871340285055e-05,1.2114233868487645e-05,detoxify-unbiased
1995850616573231392,0.0015429460909217596,6.3615452745580114e-06,8.907650772016495e-05,0.0004141090321354568,0.00028354660025797784,2.9738097509834915e-05,6.115103315096349e-05,detoxify-unbiased
1986000172527096054,0.00047854078002274036,1.3336447182155098e-06,3.107472730334848e-05,7.76848683017306e-05,0.00012335080828052014,1.7274960555369034e-05,1.3545016372518148e-05,detoxify-unbiased
1986002610273353842,0.00039869494503363967,1.1557684729268658e-06,2.8296019081608392e-05,6.200979987625033e-05,0.0001252145884791389,1.431156306352932e-05,1.1556158824532758e-05,detoxify-unbiased
1987549966798037208,0.0017400739016011357,1.7831074501373223e-06,7.556381024187431e-05,0.0001149207673734054,0.0004021389177069068,2.303493965882808e-05,2.9787088351440616e-05,detoxify-unbiased
1991516833342480477,0.014464381150901318,2.762333906503045e-06,0.0001382535556331277,0.000790395715739578,0.006019058171659708,2.9320401154109277e-05,3.3084521419368684e-05,detoxify-unbiased
2012485923041140811,0.0013807339128106833,5.310826509230537e-06,9.436852997168899e-05,0.00021689636923838407,0.0004489555722102523,3.720096356119029e-05,5.2105580834904686e-05,detoxify-unbiased
1985888571559968950,0.0018825794104486704,1.5772832284710603e-06,5.880834214622155e-05,0.00013894886069465429,0.0004359627200756222,2.867589682864491e-05,2.7819325623568147e-05,detoxify-unbiased
2004683899235156463,0.00035871865111403167,1.2888622222817503e-06,2.1277275664033368e-05,8.294172585010529e-05,9.63171842158772e-05,1.7874979675980285e-05,1.1423575415392406e-05,detoxify-unbiased
1993343384019239101,0.03219396620988846,9.49323657550849e-06,0.00017529136675875634,0.0038710671942681074,0.0010716726537793875,0.004539575427770615,0.00012704666005447507,detoxify-unbiased
1985417690534854772,0.00041153214988298714,1.286960923607694e-06,2.902630512835458e-05,6.719110388075933e-05,0.00011367566912667826,1.5023416381154675e-05,1.2345577488304116e-05,detoxify-unbiased
1998409548516794816,0.0004442033532541245,1.480450805502187e-06,2.5102168365265243e-05,9.173835860565305e-05,0.0001123550973716192,1.67763682838995e-05,2.2622503820457496e-05,detoxify-unbiased
1987231340245467517,0.0033214064314961433,3.994528015027754e-06,8.747989340918139e-05,0.00048798968782648444,0.001013403874821961,3.466515045147389e-05,6.04870765528176e-05,detoxify-unbiased
2001197625266057624,0.00048080665874294937,1.703221187199233e-06,3.9848902815720066e-05,6.779022078262642e-05,0.00010124263644684106,2.4029419364524074e-05,2.12088598345872e-05,detoxify-unbiased
2002396663953183179,0.000877656857483089,2.2938945676287403e-06,3.0358087315107696e-05,0.0005510965711437166,0.00014334869047161192,2.737563590926584e-05,1.1573805750231259e-05,detoxify-unbiased
2011138681248133164,0.004718364682048559,2.9026112315477803e-05,0.00011984277080046013,0.003621093463152647,0.0008216362912207842,0.00032642207224853337,0.0004253650549799204,detoxify-unbiased
1989493089740677590,0.00041108005098067224,1.1431446864662576e-06,2.4413897335762158e-05,7.429044489981607e-05,0.0001234291703440249,1.4358220141730271e-05,1.1009548870788421e-05,detoxify-unbiased
1987366531349827900,0.0004156167560722679,1.2309662906773156e-06,2.3107675588107668e-05,6.956793367862701e-05,0.00010891238343901932,1.767780486261472e-05,1.1172241102030966e-05,detoxify-unbiased
1987285723687403799,0.0005469237803481519,1.413286781826173e-06,2.221281647507567e-05,0.00012466346379369497,0.0001277857372770086,3.107553129666485e-05,1.5322366380132735e-05,detoxify-unbiased
1989353206346867181,0.0010453903814777732,2.9528309823945165e-06,7.158388325478882e-05,0.0002820233057718724,0.0003313518827781081,1.4486407962976955e-05,7.915125752333552e-05,detoxify-unbiased
1991680923960578106,0.0008682580664753914,1.457256757930736e-06,5.475799480336718e-05,8.214861009037122e-05,0.00022745590831618756,1.549641638121102e-05,1.615935434529092e-05,detoxify-unbiased
1991273327726379227,0.0009157498716376722,1.6829350215630257e-06,2.5805462428252213e-05,0.00028023956110700965,0.0001637913956074044,2.8001062673865817e-05,1.2891367987322155e-05,detoxify-unbiased
2005466308343918624,0.000642352388240397,1.2415214314387413e-06,3.837404801743105e-05,6.229215796338394e-05,0.00018152226402889937,1.711400182102807e-05,1.495350352342939e-05,detoxify-unbiased
1992081583495675906,0.0025847244542092085,1.7112657815232524e-06,6.417905387934297e-05,0.000266281800577417,0.00080875150160864,2.223903538833838e-05,2.506031160010025e-05,detoxify-unbiased
1995466626591015007,0.0005461231921799481,1.1965745443376363e-06,3.3816784707596526e-05,7.188370364019647e-05,0.00016145124391186982,1.4989242117735557e-05,1.1835709301522002e-05,detoxify-unbiased
1996073044025245952,0.021657554432749748,0.0002096048992825672,0.0006252055172808468,0.02044602297246456,0.004405277315527201,0.0006262685055844486,0.0007170898607000709,detoxify-unbiased
2000782909188530404,0.04113636165857315,0.000118444804684259,0.0005909891915507615,0.035354502499103546,0.00550037482753396,0.00020565629529301077,0.00041392468847334385,detoxify-unbiased
1992455356438524033,0.01178499311208725,0.00010767876665340737,0.0004132305912207812,0.010803135111927986,0.0017465957207605243,0.0004360938328318298,0.00036247618845663965,detoxify-unbiased
1994744205898383445,0.0004230001359246671,1.3012311228521867e-06,2.408257387287449e-05,7.390598329948261e-05,0.00010466976527823135,1.97044137166813e-05,1.3220074833952822e-05,detoxify-unbiased
2006367250932982158,0.0009894071845337749,1.9219460227759555e-06,7.348426152020693e-05,0.00011556594108697027,0.0002347464906051755,2.557329207775183e-05,3.0072280424064957e-05,detoxify-unbiased
1986031292945776688,0.0003546247608028352,1.394848709423968e-06,3.131250196020119e-05,6.00918174313847e-05,9.772630437510088e-05,1.496680033596931e-05,1.243220322066918e-05,detoxify-unbiased
1995974272196677800,0.0031708376482129097,3.9177120925160125e-06,6.941836181795225e-05,0.00023455251357518137,0.0003013865789398551,0.00028396485140547156,0.00020076091459486634,detoxify-unbiased
2008751950179819956,0.0007496817852370441,1.2644204616663046e-06,2.982344085467048e-05,8.615439583081752e-05,0.00017691863467916846,2.6474859623704106e-05,1.5137936316023115e-05,detoxify-unbiased
1987678339058815128,0.013168045319616795,1.057730787579203e-05,5.440908716991544e-05,0.011591192334890366,0.0011793897720053792,0.00014605715114157647,4.583461850415915e-05,detoxify-unbiased
2000198523632107612,0.03773356229066849,0.0011051044566556811,0.0036895403172820807,0.05836359038949013,0.004728642757982016,0.0018862196011468768,0.0004764270852319896,detoxify-unbiased
2004307496069156963,0.0004176219808869064,1.1996755802101688e-06,2.4450242563034408e-05,6.548799137817696e-05,0.00011643581092357635,1.7926653526956216e-05,1.2491911547840573e-05,detoxify-unbiased
1992134738971172955,0.00041281600715592504,1.233161128766369e-06,2.1687510525225662e-05,7.354166882578284e-05,0.00010957082849927247,1.8615990484249778e-05,1.1994975466222968e-05,detoxify-unbiased
2000043850803417193,0.00050312839448452,1.2067969237250509e-06,2.1726387785747647e-05,9.019089338835329e-05,0.00012244365643709898,2.4917897462728433e-05,1.2380192856653593e-05,detoxify-unbiased
2001355736798912602,0.0004518827481660992,1.1999125035799807e-06,2.4766894057393074e-05,6.889321957714856e-05,0.00011499322863528505,1.7343681975034997e-05,1.2148894711572211e-05,detoxify-unbiased
1988016621894418833,0.0003679468063637614,1.2447284234440303e-06,2.5349952920805663e-05,6.873592792544514e-05,0.00010506284888833761,1.634805630601477e-05,1.169353799923556e-05,detoxify-unbiased
2002835099729989875,0.0003994026919826865,1.1648477311609895e-06,2.0341176423244178e-05,7.465633098036051e-05,0.00010893700527958572,2.0125815353821963e-05,1.0260899216518737e-05,detoxify-unbiased
2000941885112676809,0.000427601276896894,1.2866773886344163e-06,2.9339027605601586e-05,6.810545164626092e-05,0.00011883567640325055,1.7411892258678563e-05,1.3058011973043904e-05,detoxify-unbiased
1994576649715642374,0.00046276190550997853,1.394163859913533e-06,2.6539593818597496e-05,8.15977982711047e-05,0.00010775928967632353,2.535273233661428e-05,1.3485211638908368e-05,detoxify-unbiased
1992422188067041512,0.8371008634567261,0.00021711735462304205,0.004480618983507156,0.0019947183318436146,0.7907941341400146,0.0006518519367091358,0.0006925571942701936,detoxify-unbiased
2009397722248290396,0.013213343918323517,1.1049950444430579e-05,5.686001532012597e-05,0.009634699672460556,0.0009615637245588005,0.0002658766752574593,4.607819573720917e-05,detoxify-unbiased
2004994058423599277,,,,,,,,detoxify-unbiased
2005424253827711406,0.940971314907074,0.0038526724092662334,0.8595818877220154,0.0035056150518357754,0.30648916959762573,0.0006396286771632731,0.003021196462213993,detoxify-unbiased
2007725719489503467,0.0008390748407691717,1.5272413520506234e-06,4.0490842366125435e-05,0.00011160635040141642,0.00018177772290073335,3.4248922020196915e-05,1.743026587064378e-05,detoxify-unbiased
1989340025192865980,0.0005313989822752774,1.259973828382499e-06,2.693843089218717e-05,8.341422653757036e-05,0.0001395241415593773,1.8987009752891026e-05,1.2674768186116125e-05,detoxify-unbiased
1984599949208617018,0.0013528312556445599,2.1695182113035116e-06,5.042938937549479e-05,0.00026614475063979626,0.0002614698896650225,2.9853175874450244e-05,2.3997681637411006e-05,detoxify-unbiased
1987673893683818703,0.002537603722885251,1.1188020607733051e-06,5.203452383284457e-05,0.00011215054837521166,0.0009472669917158782,2.0939140085829422e-05,1.813618109736126e-05,detoxify-unbiased
1987915439876227191,0.00038039969513192773,1.2863805523011251e-06,2.5668829039204866e-05,6.288296572165564e-05,0.00010300660505890846,1.507457909610821e-05,1.2971057003596798e-05,detoxify-unbiased
1997747202618184033,0.0003608654660638422,1.3072624369669938e-06,2.332640542590525e-05,7.688545883866027e-05,9.454065730096772e-05,1.8880620700656436e-05,1.235196123161586e-05,detoxify-unbiased
1992052633524179072,0.0007814201526343822,1.35294226311089e-06,4.0583196096122265e-05,9.490647789789364e-05,0.00021845358423888683,1.869493098638486e-05,1.4513965652440675e-05,detoxify-unbiased
2001333973000093987,0.0003904197656083852,1.3397661859926302e-06,2.761581890808884e-05,6.565056537510827e-05,9.917958959704265e-05,1.8009999621426687e-05,1.4632598322350532e-05,detoxify-unbiased
1989456586293825565,0.000723594450391829,1.3693369282918866e-06,3.683127215481363e-05,8.025397983146831e-05,0.00018085469491779804,2.2288761101663113e-05,1.921323564602062e-05,detoxify-unbiased
2006959003964699007,0.008732467889785767,5.982935363135766e-06,0.0010416980367153883,0.00024266348918899894,0.0023030457086861134,6.570247933268547e-05,0.00022395850101020187,detoxify-unbiased
1995610364286042212,0.00043747806921601295,1.2301459264563164e-06,2.615712037368212e-05,7.016616291366518e-05,0.00011440677189966664,1.7681362805888057e-05,1.1512753189890645e-05,detoxify-unbiased
2008540481186082985,0.00044740134035237134,1.2678193570536678e-06,3.036871385120321e-05,8.665228961035609e-05,0.0001287480554310605,1.5429026461788453e-05,1.3289140952110756e-05,detoxify-unbiased
1998448801191993794,0.0004202531708870083,1.4243278201320209e-06,2.711679189815186e-05,8.460763638140634e-05,0.00010143706458620727,2.2465990696218796e-05,1.3479066183208488e-05,detoxify-unbiased
2017340997840343326,0.0006899753934703767,1.8351410062678042e-06,6.0074282373534516e-05,8.948722097557038e-05,0.0001431652344763279,1.7932004993781447e-05,2.373525785515085e-05,detoxify-unbiased
1990357489787842879,0.0006097796140238643,1.41360078487196e-06,3.928893056581728e-05,9.419339767191559e-05,0.00013135443441569805,2.052294985332992e-05,1.4614412975788582e-05,detoxify-unbiased
1992467071897084346,0.0005249915411695838,1.4223921880329726e-06,2.981288889714051e-05,9.019494609674439e-05,0.0001331626408500597,2.380711885052733e-05,1.479249112890102e-05,detoxify-unbiased
2004546337992274287,0.021043820306658745,7.904550147941336e-05,0.0003766865120269358,0.025638824328780174,0.0017469590529799461,0.0007435487350448966,0.00023500762472394854,detoxify-unbiased
1990804349128233268,0.0015105968341231346,4.584046109812334e-06,7.100903894752264e-05,0.00047322100726887584,0.00033276667818427086,3.677718268590979e-05,3.218061101506464e-05,detoxify-unbiased
1990043069681434775,0.002447861945256591,3.913048203685321e-06,0.00010467056563356891,0.00043662061216309667,0.0005251261754892766,7.718452252447605e-05,0.00019116955809295177,detoxify-unbiased
1997109928092143993,0.01989050582051277,7.94951574789593e-06,0.00034014222910627723,0.0007027441170066595,0.001815618947148323,0.0016745692119002342,0.0001608706807019189,detoxify-unbiased
1996099475572449304,0.0003968668170273304,1.2633742016987526e-06,2.5492863642284647e-05,6.477176066255197e-05,0.00010268022742820904,1.9229457393521443e-05,1.2018195775453933e-05,detoxify-unbiased
1994811172550222137,0.0010923475492745638,2.0669299374276306e-06,5.673971463693306e-05,0.000104922590253409,0.00014964622096158564,2.9969214665470645e-05,2.6231260562781245e-05,detoxify-unbiased
1991888502275834035,0.0004214330401737243,1.3585680562755442e-06,2.5924378860509023e-05,8.59478532220237e-05,0.00011172423546668142,2.0858858988503926e-05,1.3676607522938866e-05,detoxify-unbiased
2000996094038122932,0.009531291201710701,2.484050128259696e-06,0.00010591567115625367,0.0004917464684695005,0.0017826510593295097,7.435934094246477e-05,6.72775277053006e-05,detoxify-unbiased
1987542223806931080,0.002197857480496168,2.1016808204876725e-06,7.897408067947254e-05,0.00018014476518146694,0.0007477877661585808,2.5361656298628077e-05,3.4861539461417124e-05,detoxify-unbiased
1988776705553736003,0.0018349932506680489,1.1701932862706599e-06,4.602971239364706e-05,0.00010145225678570569,0.0005539036355912685,2.024587956839241e-05,1.9659666577354074e-05,detoxify-unbiased
1990107386254970993,0.00042231398401781917,1.3565921790359425e-06,2.6943440389004536e-05,7.775987614877522e-05,0.00011520362750161439,2.011541619140189e-05,1.2827646060031839e-05,detoxify-unbiased
1987214863631089868,0.0009451520163565874,1.4756018344996846e-06,3.6602803447749466e-05,0.00011476306826807559,0.00019878811144735664,3.690176163217984e-05,1.8137772713089362e-05,detoxify-unbiased
1988418307515388073,0.004568272735923529,4.01940087613184e-06,0.00011825632827822119,0.00023486133432015777,0.000811579346191138,0.0002366727130720392,0.00012551499821711332,detoxify-unbiased
1992498509384155395,0.00860464759171009,3.897687929566018e-05,0.000694905174896121,0.0004598710220307112,0.0006027690833434463,0.00011862497922265902,0.025025364011526108,detoxify-unbiased
1992505436382113853,0.008546018972992897,3.8514317566296086e-05,0.0006868737982586026,0.0004571174504235387,0.0006043167668394744,0.00011785479728132486,0.024578282609581947,detoxify-unbiased
1991281866461073496,0.000570474483538419,1.419290356352576e-06,3.369542537257075e-05,7.9168843512889e-05,0.0001275058020837605,2.915619916166179e-05,1.77340170921525e-05,detoxify-unbiased
1992849412960219181,0.024482449516654015,2.640650018292945e-05,0.0026346943341195583,0.004283480811864138,0.0021413492504507303,0.0001360438618576154,0.0005250405520200729,detoxify-unbiased
1991321732993458568,0.0005026519065722823,1.5747882571304217e-06,2.4105942429741845e-05,0.00020741979824379086,9.82972705969587e-05,1.8639600966707803e-05,1.230164707521908e-05,detoxify-unbiased
1988976508510290166,0.001010438078083098,1.916069550134125e-06,3.149437179672532e-05,0.0005570259527303278,0.00018790866306517273,1.9041190171265043e-05,1.9832950783893466e-05,detoxify-unbiased
2007577009959195037,0.0005260769976302981,1.0399978691566503e-06,2.6870719011640176e-05,6.450018554460257e-05,0.00015590623661410064,1.6510955902049318e-05,1.3105192010698374e-05,detoxify-unbiased
1996177896868655134,0.0004261663998477161,1.2955513284396147e-06,3.0674160370836034e-05,7.13446133886464e-05,0.00011214926053071395,1.812819391489029e-05,1.3748662240686826e-05,detoxify-unbiased
2003227099021344842,0.001831407193094492,9.723987204779405e-06,7.64643118600361e-05,0.0008156516123563051,0.0004724070895463228,9.950584353646263e-05,0.00022646137222182006,detoxify-unbiased
1984949816539959804,0.013016396202147007,0.0001126145725720562,0.0007552271126769483,0.015124625526368618,0.0013659994583576918,0.0003982893831562251,7.717023981967941e-05,detoxify-unbiased
1989437272723525944,0.0004629271279554814,1.3843066426488804e-06,2.9012026061536744e-05,6.46122862235643e-05,0.00010603277769405395,1.9339675418450497e-05,1.4486308828054462e-05,detoxify-unbiased
1991605315540865377,0.0008372538723051548,1.2154353044024901e-06,3.8378733734134585e-05,7.424561772495508e-05,0.00023436543415300548,1.8012286091106944e-05,1.5679946955060586e-05,detoxify-unbiased
1991190943039430932,0.0006554804276674986,1.2040667343171663e-06,2.855298953363672e-05,9.802253771340474e-05,0.00017454866610933095,2.2877053197589703e-05,1.4936258594389074e-05,detoxify-unbiased
1996874933088276691,0.001501244492828846,1.1991666042376892e-06,3.591102358768694e-05,0.00013856054283678532,0.00036618090234696865,3.079711677855812e-05,1.710579454083927e-05,detoxify-unbiased
1990623113588203964,0.010101046413183212,4.073106993018882e-06,8.173751120921224e-05,0.0007205042638815939,0.0010664825094863772,0.00120636448264122,6.147178646642715e-05,detoxify-unbiased
2000402729332773102,0.0007960863295011222,1.6105565237012343e-06,2.3455071641365066e-05,0.00031697950907982886,0.00014509711763821542,2.0098947061342187e-05,2.2034744688426144e-05,detoxify-unbiased
1992118187396132996,0.0031676830258220434,7.74870022723917e-06,9.58827295107767e-05,0.0013185417046770453,0.0005084094009362161,5.227419751463458e-05,4.462158540263772e-05,detoxify-unbiased
1997244552445669413,0.024269089102745056,9.922820754582062e-05,0.0006412327056750655,0.022625979036092758,0.004201497416943312,0.0004063872911501676,0.00047503921086899936,detoxify-unbiased
1990120800330854452,0.0003800951817538589,1.2747896107612178e-06,2.757355832727626e-05,6.142437632661313e-05,0.00010615458450047299,1.4200284567777999e-05,1.2347555639280472e-05,detoxify-unbiased
1992238607520649567,0.0003544520877767354,1.2600893342096242e-06,2.4101114831864834e-05,6.851577927591279e-05,0.00010046355600934476,1.4996833670011256e-05,1.1148931662319228e-05,detoxify-unbiased
1984609885934199218,0.001305100624449551,2.0363740986795165e-06,5.023782068747096e-05,0.00014008711150381714,0.0002465347060933709,7.40006216801703e-05,5.3096031479071826e-05,detoxify-unbiased
1989040822528942348,0.0004373471310827881,1.1430063295847503e-06,2.458672497596126e-05,7.114541222108528e-05,0.00012594599684234709,1.477523437642958e-05,1.1222216016903985e-05,detoxify-unbiased
1985297024762143008,0.001229616696946323,6.016699899191735e-06,9.435683750780299e-05,0.00018150010146200657,0.000292845768854022,6.871023651910946e-05,6.42060476820916e-05,detoxify-unbiased
1989387703927079026,0.0004429842229001224,1.2840836234317976e-06,2.5046787413884886e-05,8.005715790204704e-05,0.00011039822129532695,1.733334647724405e-05,1.2931730452692136e-05,detoxify-unbiased
1985783144054743288,0.0004729907959699631,1.049898401106475e-06,2.2641519535682164e-05,7.988655852386728e-05,0.00013408882659859955,1.5602172425133176e-05,1.21259072329849e-05,detoxify-unbiased
1993218436479033664,0.0024022585712373257,2.049933755188249e-06,0.00011576082761166617,0.00013024898362345994,0.0006022797897458076,2.7796571885119192e-05,3.84097766072955e-05,detoxify-unbiased
1992890890155671918,0.0037971928250044584,1.4107375818639412e-06,4.745469777844846e-05,0.00014860817464068532,0.000959184777457267,3.612401633290574e-05,2.9111244657542557e-05,detoxify-unbiased
1992895664208883747,0.0003996475716121495,1.2301601373110316e-06,2.23397455556551e-05,7.158586231525987e-05,0.00010443537030369043,1.983172114705667e-05,1.0928436495305505e-05,detoxify-unbiased
1996624039272415257,0.0003932378313038498,1.2393389852149994e-06,2.501442031643819e-05,7.913872104836628e-05,0.00010587395809125155,1.6219320968957618e-05,1.217849876411492e-05,detoxify-unbiased
1994916298376036444,0.00047575568896718323,1.3728583780903136e-06,2.3384940504911356e-05,0.00010832303814822808,0.00010756229312391952,2.4585480787209235e-05,1.4782112884859089e-05,detoxify-unbiased
1993233166103199947,0.01779361069202423,1.7183058389491634e-06,0.00011902823462150991,0.000234971332247369,0.008831053972244263,4.8004167183535174e-05,3.751940676011145e-05,detoxify-unbiased
1987151169492226270,0.0003914090048056096,1.3172566468711011e-06,2.6242645617458038e-05,7.238143734866753e-05,0.0001028564220177941,1.665847230469808e-05,1.2086076822015457e-05,detoxify-unbiased
1986207667812245798,0.0005676891887560487,1.3272385785967344e-06,2.80040803772863e-05,8.822842210065573e-05,0.0001381530164508149,2.3448965293937363e-05,1.3645833860209677e-05,detoxify-unbiased
1995120324493344857,0.0014462217222899199,2.3690386115049478e-06,5.6142602261388674e-05,0.00040542864007875323,0.00025987703702412546,7.960557559272274e-05,2.4933538952609524e-05,detoxify-unbiased
2003840916558156163,0.0037470473907887936,2.723801117099356e-06,0.00012491061352193356,0.0001777517463779077,0.0004733739187940955,4.766068741446361e-05,4.606475340551697e-05,detoxify-unbiased
1990474557346726138,0.00036404060665518045,1.3323086704986054e-06,2.247760676254984e-05,7.259510311996564e-05,9.820301784202456e-05,1.694983984634746e-05,1.2392997632559855e-05,detoxify-unbiased
1990479281181634680,0.01250109076499939,2.9192312922532437e-06,0.00018250402354169637,0.0006350538460537791,0.003417766420170665,6.161763303680345e-05,4.5938588300487027e-05,detoxify-unbiased
1997036025558995174,0.0004080551734659821,1.1653299907266046e-06,2.5888184609357268e-05,6.957761797821149e-05,0.00011049067688873038,1.748912654875312e-05,1.1747749340429436e-05,detoxify-unbiased
1985386360987885887,0.00041754517587833107,1.2536478379843174e-06,2.2457270461018197e-05,7.859354809625074e-05,0.0001122252142522484,1.711747972876765e-05,1.214444637298584e-05,detoxify-unbiased
1985388289726005512,0.0004131938039790839,1.2443213108781492e-06,2.217772271251306e-05,7.88615652709268e-05,0.00011187774362042546,1.670000347075984e-05,1.202954717882676e-05,detoxify-unbiased
1985389073809187266,0.0004131938039790839,1.2443213108781492e-06,2.217772271251306e-05,7.88615652709268e-05,0.00011187774362042546,1.670000347075984e-05,1.202954717882676e-05,detoxify-unbiased
1985694639710462262,0.00037601421354338527,1.0582741651887773e-06,1.8740305677056313e-05,6.931120151421055e-05,0.00010462725185789168,1.5157988855207805e-05,1.0527312952035572e-05,detoxify-unbiased
1997772251190771792,0.00394789595156908,1.9543301732483087e-06,9.606970706954598e-05,0.00019279321713838726,0.0009038019343279302,4.579359301715158e-05,3.888402716256678e-05,detoxify-unbiased
1987606392052896216,0.01792365498840809,2.7358705665392336e-06,0.00020854955073446035,0.00032625097082927823,0.005552973132580519,8.313787839142606e-05,7.172080950113013e-05,detoxify-unbiased
1994775575135678603,0.0006586098461411893,1.0284110203429009e-06,2.3701599275227636e-05,8.360152423847467e-05,0.0001858376490417868,1.5575726138195023e-05,1.2628269359993283e-05,detoxify-unbiased
2008088280990921106,0.00582892494276166,5.194035111344419e-06,0.0004466417885851115,0.00019355078984517604,0.0011994072701781988,0.0001097974818549119,0.0001359297602903098,detoxify-unbiased
1990004241075667190,0.00037649087607860565,1.2969259159945068e-06,2.597308048279956e-05,6.252700404729694e-05,0.00010127334098797292,1.660163252381608e-05,1.2741399586957414e-05,detoxify-unbiased
1991541955747332237,0.02855869196355343,7.067364094837103e-06,6.392568320734426e-05,0.04092984274029732,0.0025677592493593693,7.339300645980984e-05,6.913976540090516e-05,detoxify-unbiased
1994226361570034138,0.0004673973307944834,1.3388018942350755e-06,2.3734646674711257e-05,9.97825336526148e-05,0.00011610562796704471,2.301184031239245e-05,1.5787500160513446e-05,detoxify-unbiased
1989794754981486845,0.0003860449942294508,1.2091575172235025e-06,2.3282203983399086e-05,6.817270332248881e-05,9.861299622571096e-05,1.770512062648777e-05,1.2454630450520199e-05,detoxify-unbiased
1996689899676741836,0.0006060598534531891,1.0304314628228894e-06,2.895442594308406e-05,7.470568380085751e-05,0.00018364023708272725,1.5123348930501379e-05,1.2432889889169019e-05,detoxify-unbiased
1997691042406285689,0.0006163773941807449,1.2956612636116915e-06,2.0907094949507155e-05,0.00015120521129574627,0.00013978208880871534,2.2528851332026534e-05,1.290100954065565e-05,detoxify-unbiased
2002354818992554029,0.0005209630471654236,1.0442585107739433e-06,1.8632901628734544e-05,9.262793901143596e-05,0.0001300416188314557,2.0580828277161345e-05,1.005760259431554e-05,detoxify-unbiased
1992675077972799883,0.06727051734924316,3.955762440455146e-05,0.001101949135772884,0.018549976870417595,0.003776035737246275,0.0016103083034977317,0.0003513720876071602,detoxify-unbiased
1998396938652156266,0.0006393388612195849,1.54001691043959e-06,3.8784663047408685e-05,0.00010511827713344246,0.0001632159692235291,2.101251266140025e-05,2.1994017515680753e-05,detoxify-unbiased
1995570813559550095,0.011607406660914421,1.1690214705595281e-05,4.805459320778027e-05,0.011999049223959446,0.0008822145755402744,0.00017704098718240857,4.8760874051367864e-05,detoxify-unbiased
2000226019111022999,0.0015631276182830334,1.0255274901282974e-05,0.0001340512535534799,0.0003165971429552883,0.00047376102884300053,5.802095984108746e-05,0.00010058595944428816,detoxify-unbiased
1985904554102137157,0.000516176107339561,1.4695644949824782e-06,2.9489578082575463e-05,8.49335701786913e-05,0.00012833524669986218,2.6337289455113932e-05,1.8545662896940485e-05,detoxify-unbiased
2000546011329040420,0.0006917181308381259,1.5047729675643495e-06,3.488741276669316e-05,0.0001650069170864299,0.00015744150732643902,2.4230701455962844e-05,1.4767882021260448e-05,detoxify-unbiased
1988396776886350060,0.0011969113256782293,3.859472144540632e-06,0.000109591317595914,0.0001302119781030342,0.00010962894157273695,3.636232577264309e-05,4.734120375360362e-05,detoxify-unbiased
1984615675927933318,0.0005006564897485077,1.1489383950902265e-06,2.4595001377747394e-05,7.462572102667764e-05,0.00012876279652118683,1.601746589585673e-05,1.1392721717129461e-05,detoxify-unbiased
1992042100775358780,0.0012485772604122758,1.5091533214217634e-06,4.165056816418655e-05,0.00014429961447604,0.0002479195536579937,3.0422021154663526e-05,2.2470618205261417e-05,detoxify-unbiased
1988708532376797350,0.000551201868802309,1.2365068187136785e-06,2.915136246883776e-05,0.00010177967487834394,0.00014321069465950131,1.5955825801938772e-05,1.3369658518058714e-05,detoxify-unbiased
2008260074741895527,0.000397462717955932,1.347959596387227e-06,2.2593914764001966e-05,8.67024646140635e-05,9.789485193323344e-05,1.997856998059433e-05,1.3201731235312764e-05,detoxify-unbiased
1984487496764268871,0.020070621743798256,9.338018571725115e-05,0.0008265111246146262,0.01573767140507698,0.0017816569888964295,0.0006057621212676167,7.345679478021339e-05,detoxify-unbiased
1984528899808637037,0.0007354610715992749,1.880264335341053e-06,4.383738269098103e-05,0.00010426372318761423,0.00015252716548275203,5.099097325000912e-05,2.868831143132411e-05,detoxify-unbiased
1984535808506724391,0.02688673697412014,6.398051482392475e-05,0.00043337425449863076,0.02617465704679489,0.002393625909462571,0.0003308399172965437,0.0001683879381744191,detoxify-unbiased
1984537769570357340,0.0007354610715992749,1.880264335341053e-06,4.383738269098103e-05,0.00010426372318761423,0.00015252716548275203,5.099097325000912e-05,2.868831143132411e-05,detoxify-unbiased
1984546719686652099,0.0007354610715992749,1.880264335341053e-06,4.383738269098103e-05,0.00010426372318761423,0.00015252716548275203,5.099097325000912e-05,2.868831143132411e-05,detoxify-unbiased
1986787208745939309,0.0003846663166768849,1.3097306919007679e-06,2.58579348155763e-05,7.172593905124813e-05,0.00010277043475070968,1.9532271835487336e-05,1.3555999430536758e-05,detoxify-unbiased
1998365188391661808,0.0006752869230695069,1.1028440667359973e-06,2.8842838219134137e-05,7.162847759900615e-05,0.00017620212747715414,1.935869840963278e-05,1.2541879186755978e-05,detoxify-unbiased
1986808835827544471,0.0004025051894132048,1.4262212744142744e-06,3.0550207156920806e-05,6.897289858898148e-05,0.00010711284994613379,1.7558546460350044e-05,1.4097265193413477e-05,detoxify-unbiased
1986119506796716095,0.00041225916356779635,1.3436983863357455e-06,2.621733074192889e-05,7.794332486810163e-05,0.0001056476539815776,1.9815595805994235e-05,1.2541401702037547e-05,detoxify-unbiased
1986127787875537294,0.00042941595893353224,1.1496102843011613e-06,2.6087021979037672e-05,7.009466935414821e-05,0.0001267122570425272,1.4883265976095572e-05,1.1795055797847454e-05,detoxify-unbiased
1992693777765724201,0.0004792810359504074,1.4527983012158074e-06,3.4174569009337574e-05,7.347227801801637e-05,0.00010747237683972344,1.730493750073947e-05,1.533034628664609e-05,detoxify-unbiased
1995133237148995774,0.0009423537412658334,1.1662383485600003e-06,2.80530202871887e-05,0.00017402187222614884,0.0002274526486871764,2.0539260731311515e-05,1.2828502804040909e-05,detoxify-unbiased
1998353285351186912,0.0010728243505582213,2.503160430933349e-06,5.612953827949241e-05,0.0001008679682854563,0.0002650341484695673,2.511370985303074e-05,9.464077447773889e-05,detoxify-unbiased
2000214506534744412,0.0010800111340358853,6.713255061185919e-06,8.688480011187494e-05,0.0003988935495726764,0.0003053436812479049,3.616034518927336e-05,5.000357487006113e-05,detoxify-unbiased
2002704874715095135,0.003102267626672983,3.024409352292423e-06,8.104419248411432e-05,0.000358663935912773,0.0003830647619906813,0.00020767745445482433,4.773751788889058e-05,detoxify-unbiased
2008552322104705513,0.0004466117825359106,1.1658279390758253e-06,2.7448020773590542e-05,7.444028597092256e-05,0.0001302317250519991,1.6253074136329815e-05,1.1744143193936907e-05,detoxify-unbiased
2007317329172951112,0.0004257143009454012,1.1978224847553065e-06,2.5606945200706832e-05,6.529848178615794e-05,0.00011171623918926343,1.7216822016052902e-05,1.2173320101283025e-05,detoxify-unbiased
1986772466719424861,0.005170310381799936,2.0127283733017975e-06,0.0001020214258460328,0.0002144444006262347,0.0011869084555655718,8.60600484884344e-05,4.636541416402906e-05,detoxify-unbiased
1992288358752784836,0.0007938550552353263,1.483874257246498e-06,2.954348201456014e-05,0.00012081714521627873,0.0002026037109317258,3.5744324122788385e-05,2.7448020773590542e-05,detoxify-unbiased
2006650810395148535,0.0005509082111530006,1.3955419717603945e-06,3.1644573027733713e-05,0.00010816934081958607,0.00012410376803018153,1.815703399188351e-05,1.3244403817225248e-05,detoxify-unbiased
1997446107228442875,0.0006749969907104969,3.3229271139134653e-06,6.384940934367478e-05,0.00012159323523519561,7.313995592994615e-05,3.017972812813241e-05,3.45222360920161e-05,detoxify-unbiased
1986532516334084508,0.000424971483880654,1.3408744052867405e-06,2.734333429543767e-05,7.935197209008038e-05,0.00010887115786317736,1.8912896848632954e-05,1.4567797734343912e-05,detoxify-unbiased
1989296086196838699,0.0004066521651111543,1.4476008800556883e-06,2.7346071874490008e-05,7.423385977745056e-05,9.960695024346933e-05,1.894405431812629e-05,1.3807607501803432e-05,detoxify-unbiased
1997308963742765393,0.009621072560548782,4.8075253289425746e-06,0.00041838784818537533,0.0002670990361366421,0.0032379752956330776,5.6974375183926895e-05,0.00013597538054455072,detoxify-unbiased
1996799341130834335,0.0015721784438937902,5.319418505678186e-06,0.00010476342868059874,0.00020484940614551306,0.0004293335077818483,5.720324770663865e-05,5.628497456200421e-05,detoxify-unbiased
1996168126988206368,0.00048248074017465115,1.3505818969861139e-06,2.393701834080275e-05,0.00013148150173947215,0.00011479864042485133,1.8500653823139146e-05,1.4404809917323291e-05,detoxify-unbiased
1986497317793570869,0.00040177759365178645,1.135887600867136e-06,2.507216777303256e-05,6.307099829427898e-05,0.00012128983507864177,1.3809686606691685e-05,1.1738678040273953e-05,detoxify-unbiased
2002696454801072158,0.1588522344827652,0.00010821723117260262,0.0007164098788052797,0.16730670630931854,0.008288517594337463,0.0010449014371261,0.0006690931040793657,detoxify-unbiased
1985410553183948838,0.0006371347117237747,1.8297340602657641e-06,3.233469760743901e-05,0.0003716223582159728,0.00012464897008612752,1.5993120541679673e-05,1.7192374798469245e-05,detoxify-unbiased
1998098872275513816,0.003495285753160715,2.517457460271544e-06,0.0001544148981338367,0.00019938529294449836,0.001076753018423915,5.5833090300438926e-05,4.8386878916062415e-05,detoxify-unbiased
1986117654852051437,0.0003692957398016006,1.2202295920360484e-06,2.236735417682212e-05,7.838973397156224e-05,0.00010103305976372212,1.7193309759022668e-05,1.1534908480825834e-05,detoxify-unbiased
1991225601160827224,0.0008645138586871326,1.2813702596758958e-06,3.6918056139256805e-05,9.424397285329178e-05,0.00021596670558210462,2.0953541024937294e-05,1.5101774806680623e-05,detoxify-unbiased
1988646038660432059,0.000423934223363176,1.7110669432440773e-06,3.8931557355681434e-05,7.26948564988561e-05,9.985525684896857e-05,2.3836493710405193e-05,1.5387675375677645e-05,detoxify-unbiased
1988664823320654286,0.0003566884552128613,1.2358619869701215e-06,2.2775046090828255e-05,6.555959407705814e-05,9.728121949592605e-05,1.4350773199112155e-05,1.1908305168617517e-05,detoxify-unbiased
1992900213468479662,0.00036444791476242244,1.2923749181936728e-06,2.0997069441364147e-05,0.00010023629147326574,9.504323679720983e-05,1.5806495866854675e-05,1.134793728851946e-05,detoxify-unbiased
1990517356016095296,0.0006180097116157413,1.722304091344995e-06,3.9580947486683726e-05,9.721408423501998e-05,0.0001401027402607724,3.213083982700482e-05,1.7475138520239852e-05,detoxify-unbiased
1985637684656668901,0.09991087019443512,0.00010279827984049916,0.0005556888645514846,0.15425018966197968,0.00599275529384613,0.0003456308040767908,0.0018460680730640888,detoxify-unbiased
1989322259907989617,0.0004255448584444821,1.333252953372721e-06,2.4565724743297324e-05,9.606338426237926e-05,0.00011115804227301851,2.0460649466258474e-05,1.3229280739324167e-05,detoxify-unbiased
1984909976406478966,0.5285500288009644,0.0006945658242329955,0.0035842275246977806,0.052351467311382294,0.007855940610170364,0.4655451476573944,0.002204068237915635,detoxify-unbiased
2001746861183635542,0.0004313349782023579,1.2694721363004646e-06,2.7008860342903063e-05,7.253033254528418e-05,0.000116649956908077,1.5191837519523688e-05,1.3690883861272596e-05,detoxify-unbiased
2012287102210425229,0.003863795194774866,2.5443621325393906e-06,0.00018398481188341975,0.00019917722966056317,0.0009579791803844273,3.332915002829395e-05,5.3978128562448546e-05,detoxify-unbiased
2005930829483044981,0.1013433188199997,6.924334229552187e-06,0.0002472680062055588,0.020153218880295753,0.03507176786661148,0.0001575020287418738,9.009274072013795e-05,detoxify-unbiased
1986477128259699107,0.0017852154560387135,2.1372156879806425e-06,5.5907203204697e-05,0.00018455125973559916,0.0003285241255071014,7.129544246708974e-05,1.9677636373671703e-05,detoxify-unbiased
1987965998180560982,0.0005812390008941293,1.4492501350105158e-06,3.197635305696167e-05,7.817131699994206e-05,0.00013544921239372343,2.6294072085875086e-05,1.4525930055242497e-05,detoxify-unbiased
1988141465084785133,0.0014311136910691857,2.0032646261824993e-06,4.2787807615241036e-05,0.00014666157949250191,0.00022476949379779398,8.097088721115142e-05,2.5582608941476792e-05,detoxify-unbiased
1993175536068415636,0.10462801158428192,0.00011098127288278192,0.00152393348980695,0.05804028734564781,0.00554638123139739,0.0004963838146068156,0.0014647298958152533,detoxify-unbiased
1993333001388994858,0.07870075106620789,0.0001597717055119574,0.0008527953759767115,0.08046185225248337,0.006821247283369303,0.0012475692201405764,0.0012436860706657171,detoxify-unbiased
1996311469345145017,0.00038457041955552995,1.1663061059152824e-06,2.281267734360881e-05,6.936126010259613e-05,0.00011194775288458914,1.6194480849662796e-05,1.1457943401183002e-05,detoxify-unbiased
1987389510070501496,0.0721612274646759,6.379889964591712e-05,0.0004993931506760418,0.07193050533533096,0.003719914238899946,0.0006292434991337359,0.0001579875679453835,detoxify-unbiased
1986089410710880367,0.0004312999953981489,1.278039803764841e-06,2.4617012968519703e-05,7.182052650023252e-05,0.00011159890709677711,1.9839666492771357e-05,1.2854587112087756e-05,detoxify-unbiased
1991268980821225529,0.002221096772700548,2.083172830680269e-06,3.932075560442172e-05,0.0007366840145550668,0.0003335467481520027,4.2921528802253306e-05,2.0489567759796046e-05,detoxify-unbiased
2000903057777840128,0.0004049454291816801,1.4036933180250344e-06,2.683471393538639e-05,8.218418224714696e-05,0.00010468572872923687,1.9078634068137035e-05,1.4234031368687283e-05,detoxify-unbiased
1989005967342645704,0.0019030364928767085,1.2083102092219633e-06,3.7313489883672446e-05,0.00011821732186945155,0.00048580599832348526,2.724606019910425e-05,1.978100772248581e-05,detoxify-unbiased
2002297860205793511,0.0005263355560600758,1.4991394436947303e-06,3.5561268305173144e-05,7.386279321508482e-05,0.00011638685828074813,2.171221967728343e-05,1.5944797269185074e-05,detoxify-unbiased
1987485363036709128,0.020249543711543083,4.573383193928748e-06,0.00017793117149267346,0.004844986367970705,0.003951473161578178,9.435538959223777e-05,9.826511814026162e-05,detoxify-unbiased
2008268559072305446,0.0005182503955438733,1.219978230437846e-06,2.3732451154501177e-05,0.00011411880404921249,0.0001317095011472702,1.6697504179319367e-05,1.23387981147971e-05,detoxify-unbiased
1986821107920363873,0.0014414917677640915,1.1576084943953902e-06,3.906648635165766e-05,8.974521915661171e-05,0.0004147588915657252,1.900873212434817e-05,1.6919735571718775e-05,detoxify-unbiased
1998715240003805652,0.0006093418342061341,1.4254992493079044e-06,4.1151131881633773e-05,0.00010966198169626296,0.00015374510257970542,1.625558616069611e-05,1.4691381693410221e-05,detoxify-unbiased
1997208262400155721,0.0004647090972866863,1.3815556485496927e-06,2.6853425879380666e-05,9.502519969828427e-05,0.00010622719855746254,2.216717075498309e-05,1.3316036529431585e-05,detoxify-unbiased
1984995133117362257,0.00039437669329345226,1.3067003692412982e-06,2.4514518372598104e-05,7.395596912829205e-05,0.00010341464076191187,1.75971526914509e-05,1.3231905541033484e-05,detoxify-unbiased
1994776468732162264,0.0013310011709108949,1.384963070449885e-06,5.835633783135563e-05,8.244038326665759e-05,0.0004269841592758894,1.9458908354863524e-05,2.132527697540354e-05,detoxify-unbiased
1997486646405611706,0.013509507291018963,1.2320019777689595e-05,0.00014920963440090418,0.005411455873399973,0.0014214253751561046,0.00022108264965936542,6.53292445349507e-05,detoxify-unbiased
1986335985349873690,0.08516206592321396,3.2750497211964102e-06,0.0002478772366885096,0.0006978129385970533,0.05692300945520401,5.56055674678646e-05,8.306441304739565e-05,detoxify-unbiased
2005378047587877169,0.0004116792988497764,1.425630898665986e-06,2.4342292817891575e-05,8.644867921248078e-05,9.944019984686747e-05,2.5197745344485156e-05,1.3897306416765787e-05,detoxify-unbiased
1986715116557984178,0.09200182557106018,2.1298428691807203e-05,0.0003474722907412797,0.04436453804373741,0.0040960428304970264,0.002174162305891514,0.0002221342729171738,detoxify-unbiased
1987614995350274356,0.0009776349179446697,4.591689958033385e-06,7.228645699797198e-05,0.0002338883641641587,0.00022103248920757324,2.8503396606538445e-05,5.209752998780459e-05,detoxify-unbiased
1992327324868734980,0.00039856950752437115,1.3602896160591627e-06,2.6194413294433616e-05,6.654655589954928e-05,9.815077646635473e-05,1.9104925740975887e-05,1.382362734148046e-05,detoxify-unbiased
1998876056137392459,0.0004052541626151651,1.378327283418912e-06,3.112024933216162e-05,6.729177403030917e-05,0.00010638644744176418,1.884840094135143e-05,1.3122751624905504e-05,detoxify-unbiased
1990789252951781780,0.0005496666999533772,1.2843810281992774e-06,2.5420811653020792e-05,8.57445047586225e-05,0.00012539836461655796,2.414830305497162e-05,1.5233402336889412e-05,detoxify-unbiased
1998860838791209179,0.00592765724286437,2.2479548533738125e-06,0.0002170734660467133,0.0002229471574537456,0.0027295281179249287,4.020159030915238e-05,2.961860445793718e-05,detoxify-unbiased
1990208710182936828,0.00043014230323024094,1.2668695035245037e-06,2.820525514835026e-05,7.015645678620785e-05,0.00011450541933299974,1.5496045307372697e-05,1.2327647709753364e-05,detoxify-unbiased
1992937267237650488,0.0022951290011405945,7.722334885329474e-06,9.175568266073242e-05,0.0009900969453155994,0.00044586436706595123,6.779326213290915e-05,0.0003868057392537594,detoxify-unbiased
1996043962180636892,0.00038405676605179906,1.5500362451348337e-06,2.738783041422721e-05,7.4864859925583e-05,9.008774941321462e-05,2.1789504899061285e-05,1.5787438314873725e-05,detoxify-unbiased
1996416465986085143,0.0008059672545641661,2.118586735377903e-06,4.5779401261825114e-05,0.0001288179337279871,0.00016773749666754156,2.773321102722548e-05,3.587563332985155e-05,detoxify-unbiased
1986020784738021813,0.0006444661412388086,1.233023567692726e-06,3.0133458494674414e-05,0.0001394316932419315,0.00017809358541853726,1.391908426739974e-05,1.3773727914667688e-05,detoxify-unbiased
1991616620503183804,0.00035929708974435925,1.579563786435756e-06,2.7025682356907055e-05,7.20345342415385e-05,8.49967691465281e-05,1.9162403987138532e-05,1.5146370969887357e-05,detoxify-unbiased
1994393785657123013,0.00043933442793786526,1.202559928970004e-06,2.3929373128339648e-05,7.239151454996318e-05,0.00011869660374941304,1.7428719729650766e-05,1.1537792488525156e-05,detoxify-unbiased
1995919717966774320,0.0004438158357515931,1.167083837572136e-06,2.6118110326933675e-05,7.264462328748778e-05,0.0001220230114995502,1.4502013073069975e-05,1.2481027624744456e-05,detoxify-unbiased
2003656304510869593,0.0010089811403304338,1.3877050832888926e-06,4.783207623404451e-05,0.00010479699267307296,0.00027772944304160774,1.7978973119170405e-05,1.5876912584644742e-05,detoxify-unbiased
2004271392095936530,0.0024813630152493715,1.2062505447829608e-05,0.0001359954767394811,0.0005775173776783049,0.0005365775432437658,0.00013776178820990026,0.0001367594813928008,detoxify-unbiased
1997298055960248648,0.0008849616860970855,3.477870450296905e-06,7.427945820381865e-05,0.00015847262693569064,0.00012555425928439945,2.747174585238099e-05,6.233707972569391e-05,detoxify-unbiased
1988443241776300336,0.00047909829299896955,1.2428139370967983e-06,2.7904270609724335e-05,7.387321966234595e-05,0.00012177461030660197,1.8405062292004004e-05,1.2194885130156763e-05,detoxify-unbiased
1985987159732404442,0.0009858730481937528,1.189833483294933e-06,3.23210988426581e-05,9.379741095472127e-05,0.0002518637920729816,2.1399535398813896e-05,1.5401152268168516e-05,detoxify-unbiased
1989751843845444075,0.001384346280246973,1.0912521020145505e-06,3.517924415064044e-05,9.49347231653519e-05,0.0003919845912605524,2.144239260815084e-05,1.6849369785632007e-05,detoxify-unbiased
1987945791332241763,0.0005008834414184093,1.185718247143086e-06,2.6131689082831144e-05,6.656267214566469e-05,0.00013148626021575183,1.9087787222815678e-05,1.410371987731196e-05,detoxify-unbiased
1985489659896500334,0.0003909700899384916,1.360205374112411e-06,2.751204010564834e-05,7.417915912810713e-05,9.732659964356571e-05,1.6588750440860167e-05,1.3318755009095185e-05,detoxify-unbiased
1990332412971126885,0.018018482252955437,2.7446981221146416e-06,0.00022000435274094343,0.0003568755346350372,0.006389940157532692,6.264128751354292e-05,0.00014042573457118124,detoxify-unbiased
1995815709784301901,0.00038912930176593363,1.2027961702187895e-06,2.1887475668336265e-05,7.212945638457313e-05,0.00010367629874963313,1.7124892110587098e-05,1.1519782674440648e-05,detoxify-unbiased
2000680370132468172,,,,,,,,detoxify-unbiased
1987126047972757684,0.0004894083831459284,1.292133447350352e-06,3.0021965358173475e-05,7.446626841556281e-05,0.00012775673530995846,1.8100725355907343e-05,1.3983506505610421e-05,detoxify-unbiased
1992983661143105539,0.00046614991151727736,1.1354511570971226e-06,2.5400166123290546e-05,7.31991240172647e-05,0.00013249641051515937,1.501108636148274e-05,1.1267964509897865e-05,detoxify-unbiased
1988734790158160076,0.000672492547892034,1.1144253448946984e-06,2.986180152220186e-05,9.303638944402337e-05,0.00017046951688826084,1.743879693094641e-05,1.5696701666456647e-05,detoxify-unbiased
1989742885340942395,0.00044475749018602073,1.2832229003834073e-06,3.019602081621997e-05,7.28637824067846e-05,0.0001217333774548024,1.8869461200665683e-05,1.2450949725462124e-05,detoxify-unbiased
2006046226614014346,0.0004763051983900368,1.2803111530956812e-06,2.808348108374048e-05,6.338978710118681e-05,0.00011824021930806339,1.601819894858636e-05,1.4469519555859733e-05,detoxify-unbiased
1992225835131060257,0.000591530988458544,2.05654419005441e-06,5.2839535783277825e-05,8.332161087309942e-05,9.847843466559425e-05,2.1169740648474544e-05,2.2880043616169132e-05,detoxify-unbiased
1999893276640280796,0.00044334775884635746,1.335775550614926e-06,2.4801163817755878e-05,7.92365099187009e-05,0.00011191455268999562,2.2966918550082482e-05,1.4943041605874896e-05,detoxify-unbiased
1990031630728364194,0.00045301837963052094,1.5291111594706308e-06,2.8851392926299013e-05,7.510805153287947e-05,9.756987128639594e-05,2.2750975404051133e-05,1.658742257859558e-05,detoxify-unbiased
2008903090485768260,0.00037000951124355197,1.2666024531426956e-06,2.3852862796047702e-05,7.014521543169394e-05,0.00010044392547570169,1.8263768652104773e-05,1.1698557500494644e-05,detoxify-unbiased
1998629298895282662,0.0037202134262770414,3.56966756953625e-06,0.00023276539286598563,0.00023676503042224795,0.000707847997546196,7.222699059639126e-05,6.808064790675417e-05,detoxify-unbiased
1988349998564864409,0.0011805243557319045,1.43521560858062e-06,4.047497714054771e-05,0.00011500419350340962,0.0002740747295320034,4.153696136199869e-05,2.1582696717814542e-05,detoxify-unbiased
1997327379048366387,0.0011469858000054955,6.903742814756697e-06,0.00014423827815335244,0.00015548044757451862,7.8669807408005e-05,4.2018393287435174e-05,6.964944623177871e-05,detoxify-unbiased
2000153826658263076,0.0031071084085851908,1.4768853361601941e-05,0.00020634316024370492,0.0004994710325263441,0.0008443466504104435,9.996510198106989e-05,0.00015654199523851275,detoxify-unbiased
1998097717252288679,0.0005612366367131472,1.5699237110311515e-06,3.7843823520233855e-05,9.633776062401012e-05,0.00012929874355904758,2.6605610401020385e-05,1.7003980246954598e-05,detoxify-unbiased
1997524470731251870,0.0004251509963069111,1.4035674666956766e-06,3.305332938907668e-05,7.026720413705334e-05,0.00010840085451491177,1.7899799786391668e-05,1.4615749933000188e-05,detoxify-unbiased
2011399096041697445,0.0005465381545946002,1.217481781168317e-06,2.6858702767640352e-05,8.108755719149485e-05,0.00013137822679709643,1.830434484872967e-05,1.3600285456050187e-05,detoxify-unbiased
2008878678784999859,0.004162989091128111,1.8849161733669462e-06,6.858330743853003e-05,0.00026727913063950837,0.0009455758263356984,8.247592631960288e-05,2.67110372078605e-05,detoxify-unbiased
1987924339178541059,0.0022181018721312284,8.211861313611735e-06,0.0002121093129971996,0.0006637143669649959,0.00019936934404540807,5.246917862677947e-05,9.654698078520596e-05,detoxify-unbiased
1998768036719833587,0.0004344124172348529,1.2173911727586528e-06,2.3213740860228427e-05,8.177915151463822e-05,0.00012281913950573653,1.695763239695225e-05,1.2634099221031647e-05,detoxify-unbiased
1992941462489559189,0.00034451045212335885,1.2724611906378414e-06,2.5080489649553783e-05,6.033821773598902e-05,9.776517981663346e-05,1.4919561181159224e-05,1.1487814845168032e-05,detoxify-unbiased
2006547815447585271,0.008754673413932323,3.2276684578391723e-06,0.00020636677800212055,0.0003296032955404371,0.0034784520976245403,5.2036157285328954e-05,6.886747723910958e-05,detoxify-unbiased
2007630906870379009,0.00045637786388397217,1.3306147366165533e-06,2.3185730242403224e-05,9.385457815369591e-05,0.00010849806858459488,2.0082161427126266e-05,1.3328182831173763e-05,detoxify-unbiased
1991582875305623912,0.14137139916419983,5.443581903818995e-05,0.0007262885337695479,0.10478473454713821,0.016093026846647263,0.0002424849517410621,0.00016887964738998562,detoxify-unbiased
1991619963938103514,0.0007065529935061932,1.2072529216311523e-06,2.1824280338478275e-05,0.0001302548189414665,0.00016364202019758523,2.2042753698769957e-05,1.2982393855054397e-05,detoxify-unbiased
1989415367891149275,0.0009840299608185887,2.1134528651600704e-06,4.2718456825241446e-05,0.00010310802463209257,0.00016388138465117663,9.84382422757335e-05,2.9342023481149226e-05,detoxify-unbiased
2000364330311708847,0.02375863678753376,4.2251685954397544e-05,0.0026696939021348953,0.0032519965898245573,0.0010936252074316144,0.00017885306442622095,0.0005930139450356364,detoxify-unbiased
1986535003162108091,0.0012767227599397302,3.1257393402484013e-06,6.623272929573432e-05,0.0001825236831791699,0.0001181084880954586,3.8436050090240315e-05,4.636532685253769e-05,detoxify-unbiased
1996284388905291904,0.00041363044874742627,1.3065022130831494e-06,2.4327066057594493e-05,7.260078564286232e-05,0.00010604026465443894,1.76546582224546e-05,1.3024854524701368e-05,detoxify-unbiased
2000557678758903848,0.47976958751678467,0.00019107259868178517,0.0011632350506260991,0.5562431812286377,0.05338532477617264,0.00219495827332139,0.0006665177643299103,detoxify-unbiased
2008787377435689074,0.00042433186899870634,1.2383914054225897e-06,3.377437315066345e-05,6.349142495309934e-05,0.00012845289893448353,1.490218437538715e-05,1.2020924259559251e-05,detoxify-unbiased
1992600380081864751,0.19531939923763275,1.5162325325945858e-05,0.0029018286149948835,0.001685046823695302,0.15514445304870605,8.319108746945858e-05,0.0003064899065066129,detoxify-unbiased
1990247266632774101,0.0009333889465779066,1.637159812162281e-06,3.629016282502562e-05,0.00012591310951393098,0.00018689745047595352,5.8453140809433535e-05,1.5082028767210431e-05,detoxify-unbiased
1986203824055590955,0.0011730319820344448,1.4559619785359246e-06,3.9966958865989e-05,0.00011257806181674823,0.0002849946904461831,3.040859337488655e-05,2.2673346393276006e-05,detoxify-unbiased
1990515223313478074,0.7695794701576233,0.0019699137192219496,0.007737811654806137,0.5244278907775879,0.03607134893536568,0.02051878161728382,0.2270238846540451,detoxify-unbiased
1990192968628891975,0.0003990266704931855,1.3990024854138028e-06,2.481517003616318e-05,7.564391125924885e-05,9.612505527911708e-05,1.9385321138543077e-05,1.4487995031231549e-05,detoxify-unbiased
1987249352805654719,0.00041651810170151293,1.2317494793023798e-06,2.2925012672203593e-05,6.893969111843035e-05,0.00011076823284383863,2.023082743107807e-05,1.2975140634807758e-05,detoxify-unbiased
1994850844374643135,0.0003749496245291084,1.2923109125040355e-06,2.3073038391885348e-05,7.873315189499408e-05,0.00010118926729774103,1.717436680337414e-05,1.1689679922710638e-05,detoxify-unbiased
1996090136812020107,0.0004215276858303696,1.2134154303566902e-06,2.639058766362723e-05,6.766021397197619e-05,0.0001200330734718591,1.9499275367707014e-05,1.1905261089850683e-05,detoxify-unbiased
1987268902284632281,0.012465715408325195,6.230849248822778e-05,0.00041965252603404224,0.011848765425384045,0.0011401186930015683,0.00020367384422570467,0.0003118543536402285,detoxify-unbiased
1997577080481951998,0.00826654490083456,4.447890205483418e-06,8.736218296689913e-05,0.002251832280308008,0.0007074868772178888,0.0006017535924911499,5.627134669339284e-05,detoxify-unbiased
1989424040407113829,0.00044063356472179294,1.2589854350153473e-06,2.7110711016575806e-05,7.262238796101883e-05,0.00011996533430647105,1.7444184777559713e-05,1.2380382031551562e-05,detoxify-unbiased
1995653175882178675,0.0006057448335923254,1.3549268942369963e-06,3.8862894143676385e-05,8.095096563920379e-05,0.0001463600929128006,1.880582931335084e-05,1.3785503142571542e-05,detoxify-unbiased
1992972280247316905,0.0004076840996276587,1.4331296824821038e-06,2.8555932658491656e-05,8.375504694413394e-05,9.734970808494836e-05,1.4899923371558543e-05,1.3143067008059006e-05,detoxify-unbiased
2009580530145308711,0.0006065730121918023,1.1836867770398385e-06,2.6073043045471422e-05,7.90507037891075e-05,0.0001471977448090911,2.20333367906278e-05,1.2693323697021697e-05,detoxify-unbiased
1995444918555197630,0.014049061574041843,3.4009211958618835e-05,0.0010679236147552729,0.002155505120754242,0.0030290414579212666,0.00022873448324389756,0.0021060279104858637,detoxify-unbiased
1986030091512496136,0.08019381016492844,2.1945181288174354e-05,0.0002945959859061986,0.09729431569576263,0.008172539062798023,0.0001801203761715442,0.00025982968509197235,detoxify-unbiased
1990794890998104259,0.0003634096938185394,1.4043695273358026e-06,2.692278940230608e-05,7.387998630292714e-05,9.723438415676355e-05,1.935759064508602e-05,1.361442991765216e-05,detoxify-unbiased
1991240742816346551,0.0004322849854361266,1.9219351088395342e-06,3.627940168371424e-05,7.373421249212697e-05,8.10710116638802e-05,1.98111156350933e-05,2.1183068383834325e-05,detoxify-unbiased
2002402204469375032,0.016807617619633675,2.641379069245886e-06,0.00022806637571193278,0.00029448504210449755,0.009397813118994236,4.359329614089802e-05,5.237219374976121e-05,detoxify-unbiased
1988712823518859367,0.0006794497021473944,1.2367521549094818e-06,2.81607990473276e-05,0.00012696201156359166,0.00017227610806003213,1.947481905517634e-05,1.6984142348519526e-05,detoxify-unbiased
2009524305537978379,0.0004013222351204604,1.3022901157455635e-06,2.5078863473027013e-05,7.025621016509831e-05,0.0001009486077236943,1.7841768567450345e-05,1.1818520761153195e-05,detoxify-unbiased
1994067042769477775,0.0003908437502104789,1.2818591130780987e-06,2.690692781470716e-05,6.157768075354397e-05,0.0001042196890921332,1.673534825386014e-05,1.3971909538668115e-05,detoxify-unbiased
2011062986241188265,0.007383966818451881,6.363414286170155e-06,0.00037496324512176216,0.0005607922794297338,0.0009074256522580981,8.573600644012913e-05,8.47882402013056e-05,detoxify-unbiased
1996947487433937001,0.0005228932714089751,1.3661333468917292e-06,2.833912003552541e-05,9.879654680844396e-05,0.00011547000030986965,2.2237740267883055e-05,1.4467313121713232e-05,detoxify-unbiased
2004192424013307964,0.00038014628808014095,1.1867590501424274e-06,2.253130151075311e-05,6.721429963363335e-05,0.00010548265709076077,1.5974219422787428e-05,1.0611841389618348e-05,detoxify-unbiased
2008027454145704296,0.0010647648014128208,1.4852263348075212e-06,4.224435178912245e-05,8.670015085954219e-05,0.00021927054331172258,2.9243106837384403e-05,2.3559356122859754e-05,detoxify-unbiased
1991390505259749538,0.0008913513156585395,1.2519500387497828e-06,3.501283208606765e-05,7.723406451987103e-05,0.00022141955560073256,2.5358922357554547e-05,1.5674713722546585e-05,detoxify-unbiased
2007478794123170303,0.0004324059409555048,1.2417133348208154e-06,2.3944028725964017e-05,7.393100531771779e-05,0.00011185011680936441,2.0375695385155268e-05,1.2401936146488879e-05,detoxify-unbiased
2011269056804921586,0.0009267936111427844,1.0945685744445655e-06,3.45634798577521e-05,6.644179666182026e-05,0.0002916530065704137,1.605882243893575e-05,1.3801998647977598e-05,detoxify-unbiased
1989851124405346497,0.0004902789369225502,1.3724460359298973e-06,2.6237565180053934e-05,9.318715456174687e-05,0.00011279230966465548,2.3718603188171983e-05,1.4442388419411145e-05,detoxify-unbiased
1995305617947242908,0.0005672035040333867,1.463148464608821e-06,2.6647025151760317e-05,0.00011920281394850463,0.0001500733196735382,2.453320485074073e-05,1.4952420315239578e-05,detoxify-unbiased
1987318912728387896,0.0005193784018047154,1.1806215525211883e-06,2.44778893829789e-05,9.369111648993567e-05,0.00013394928828347474,2.1090587324579246e-05,1.0965874025714584e-05,detoxify-unbiased
1984740360963150055,0.0004902915679849684,1.070707867256715e-06,2.1452517103170976e-05,8.039046952035278e-05,0.0001341420429525897,1.5909849025774747e-05,1.1350859494996257e-05,detoxify-unbiased
1986290114864067044,0.00040621901280246675,1.2960914546056301e-06,2.4657847461639903e-05,7.539171201642603e-05,0.00010799260053317994,1.838702883105725e-05,1.2332373444223776e-05,detoxify-unbiased
1991573307179577680,0.0008826160337775946,1.3692547327082139e-06,3.070313323405571e-05,0.00011693060514517128,0.00018653942970559,2.5068651666515507e-05,1.404940485372208e-05,detoxify-unbiased
1991946452768035150,0.0007313844980672002,1.3233849358584848e-06,2.9460148653015494e-05,0.00012439166312105954,0.00016522195073775947,2.224662785010878e-05,1.2840619092457928e-05,detoxify-unbiased
2005806013077651544,0.0009861335856840014,1.5868653235884267e-06,4.367651854408905e-05,9.713513281894848e-05,0.0002239745226688683,3.130643744952977e-05,3.366112650837749e-05,detoxify-unbiased
1989944765769495038,0.0024869306944310665,3.209429905837169e-06,8.202633762266487e-05,0.00024790180032141507,0.00034982390934601426,0.0001830172404879704,5.069381222710945e-05,detoxify-unbiased
1992428659148296630,0.0023077959194779396,3.1155252600001404e-06,0.0001073361563612707,0.00021205995290074497,0.0003282001125626266,0.00014448343426920474,5.3306885092752054e-05,detoxify-unbiased
1997095184551534962,0.013341871090233326,8.75050864124205e-06,0.00019742998119909316,0.003366900375112891,0.0033291976433247328,6.324928108369932e-05,6.236883200472221e-05,detoxify-unbiased
2003144420883923276,0.0012571404222398996,1.1091727856182843e-06,2.986111940117553e-05,0.00011851451563416049,0.00033518517739139497,2.0195991965010762e-05,1.6114019672386348e-05,detoxify-unbiased
1991320427046568033,0.0005302901263348758,1.5816168570381706e-06,3.169125920976512e-05,9.648191189626232e-05,0.00011180970614077523,1.82452131411992e-05,1.4893332263454795e-05,detoxify-unbiased
2009939987979030992,0.0006500809686258435,1.7875497633212944e-06,6.220999057404697e-05,6.470471271313727e-05,0.00014442819519899786,1.865269041445572e-05,2.421160024823621e-05,detoxify-unbiased
1985938170387841216,0.0003373683721292764,1.4771717360417824e-06,2.8016020223731175e-05,6.828448385931551e-05,9.019580465974286e-05,1.6752803276176564e-05,1.2717314348265063e-05,detoxify-unbiased
2003957717468434666,0.0005161308217793703,1.351338141830638e-06,2.9809452826157212e-05,9.501595923211426e-05,0.00013014234718866646,2.1649095288012177e-05,1.2523473742476199e-05,detoxify-unbiased
1997022687768838624,0.4029528796672821,4.63499918623711e-06,0.0006374700460582972,0.0003227932611480355,0.333233505487442,4.7351357352454215e-05,7.422911585308611e-05,detoxify-unbiased
2000200355888689640,0.008398533798754215,2.747644884948386e-06,3.631360232247971e-05,0.005748196505010128,0.0008735333103686571,0.00010521655349293724,2.8582197046489455e-05,detoxify-unbiased
2006575016486330530,0.0004723253659904003,1.2895334293716587e-06,3.107707016170025e-05,6.352745549520478e-05,0.00012794740905519575,1.5833893485250883e-05,1.4358780390466563e-05,detoxify-unbiased
1989329835978641830,0.0004029178817290813,1.2965833775524516e-06,2.2883446945343167e-05,7.38308226573281e-05,0.00010101216321345419,1.9359824364073575e-05,1.2139977116021328e-05,detoxify-unbiased
1984746894283665443,0.024053988978266716,0.000155411078594625,0.0009445633040741086,0.022239794954657555,0.002096699783578515,0.0006361420964822173,9.327498992206529e-05,detoxify-unbiased
1990802961312645435,0.0017331079579889774,1.6276246697088936e-06,8.146795880747959e-05,9.651927393861115e-05,0.0004661381826736033,3.0145643904688768e-05,2.437674265820533e-05,detoxify-unbiased
2003826682180837574,0.0012064891634508967,8.94139247975545e-06,0.00010711744107538834,0.00029955749050714076,0.0003575873270165175,5.097793837194331e-05,8.4061743109487e-05,detoxify-unbiased
2000655096196002214,0.0013857325538992882,1.8423658048050129e-06,7.604560232721269e-05,0.0003104015195276588,0.00036050137714482844,2.298135768796783e-05,1.8044849639409222e-05,detoxify-unbiased
1987721186583920888,0.00039177952567115426,1.2865608596257516e-06,2.675560062925797e-05,7.167958392528817e-05,0.0001081288282875903,1.619718568690587e-05,1.2600624359038193e-05,detoxify-unbiased
1986185419537719347,0.001450767507776618,1.9014305507880636e-06,5.977552063995972e-05,0.0002222014154540375,0.00040364390588365495,1.9818544387817383e-05,8.30330463941209e-05,detoxify-unbiased
1989889846840643695,0.00035500837839208543,1.4030468946657493e-06,2.2842565158498473e-05,7.585909770568833e-05,9.342240082332864e-05,1.893486114568077e-05,1.2792170309694484e-05,detoxify-unbiased
1990316076500955466,0.006180436350405216,2.0764844066434307e-06,0.00011177345731994137,0.00024205022782552987,0.0017347611719742417,6.986237713135779e-05,5.13278428115882e-05,detoxify-unbiased
1985992094469480465,0.0033698715269565582,5.881815468455898e-06,0.0001522942038718611,0.0010175489587709308,0.0006360963452607393,4.323224857216701e-05,0.00026614090893417597,detoxify-unbiased
1995346925613375661,0.012222804129123688,4.469607301871292e-05,0.0003610862186178565,0.010614149272441864,0.0012133491691201925,0.00016276852693408728,0.00028063071658834815,detoxify-unbiased
1989845651426062711,0.0010230219922959805,1.1113814935015398e-06,4.079303835169412e-05,7.392508268821985e-05,0.0003467210044618696,1.5944980987114832e-05,1.4147743968351278e-05,detoxify-unbiased
2002989190431301864,0.00044777599396184087,1.303301473853935e-06,3.065757846343331e-05,6.908354407642037e-05,0.00011811039439635351,1.531452107883524e-05,1.3319795471034013e-05,detoxify-unbiased
1990002877591597479,0.0009437177213840187,1.5928058019198943e-06,4.979458390153013e-05,0.00011051913315895945,0.0002267337986268103,2.305669659108389e-05,2.2884974896442145e-05,detoxify-unbiased
1996062048984187114,0.00040995809831656516,1.1100023584731389e-06,1.9450448235147633e-05,7.957460184115916e-05,0.000111178815132007,1.8961061869049445e-05,9.389951628691051e-06,detoxify-unbiased
2001753483578364209,0.0004845219664275646,1.1206815315745189e-06,2.4108172510750592e-05,7.07792496541515e-05,0.00013405815116129816,1.636601155041717e-05,1.1687294318107888e-05,detoxify-unbiased
2009392886278701094,0.0006438622949644923,1.929744257722632e-06,3.9832641050452366e-05,9.377298556501046e-05,0.00010376274440204725,2.546072209952399e-05,2.1811918486491777e-05,detoxify-unbiased
2004193658141135327,0.0004360308521427214,1.1514601965245674e-06,2.2021531549398787e-05,7.395956345135346e-05,0.00011462614929769188,2.0142944777035154e-05,9.868059350992553e-06,detoxify-unbiased
1987691779441795138,0.00033347043790854514,1.0840069535333896e-06,1.99305395653937e-05,6.860371649963781e-05,9.568443783791736e-05,1.5012116818979848e-05,9.223540473612957e-06,detoxify-unbiased
1999963339389034549,0.0039593917317688465,1.5666479157516733e-05,0.00017381738871335983,0.00126801582518965,0.0006221142830327153,2.878277337003965e-05,0.00016885581135284156,detoxify-unbiased
2008647683721097554,0.00038110968307591975,1.215570932799892e-06,2.28627905016765e-05,6.970379763515666e-05,0.0001038694754242897,1.5948569853208028e-05,1.1353588888596278e-05,detoxify-unbiased
2009843067021381961,0.00037687330041080713,1.163928232017497e-06,2.2268874090514146e-05,6.403862789738923e-05,0.00010468703840160742,1.5822844943613745e-05,1.1593092494877055e-05,detoxify-unbiased
1992372532754719205,0.0005088280304335058,1.5011137293186039e-06,3.42019229719881e-05,8.206255733966827e-05,0.00012734407209791243,2.4011049390537664e-05,1.6345218682545237e-05,detoxify-unbiased
2001795647482024369,0.0013403428019955754,1.5368110553026781e-06,5.600384247372858e-05,0.00010391008254373446,0.00038110039895400405,2.496135130058974e-05,2.064955697278492e-05,detoxify-unbiased
1990656125448912943,0.000333814590703696,1.4047820968698943e-06,2.287336792505812e-05,7.909722626209259e-05,9.05854903976433e-05,1.7156080502900295e-05,1.2042884009133559e-05,detoxify-unbiased
2005371202034966844,0.0007537251221947372,1.0716854603742831e-06,2.405516897852067e-05,8.520906703779474e-05,0.00019137946947012097,1.9155715563101694e-05,1.2359289030428044e-05,detoxify-unbiased
1990376957251383389,0.00041601614793762565,1.2217676612635842e-06,2.3730392058496363e-05,7.101750816218555e-05,0.00010753152309916914,1.6365776900784113e-05,1.2625450835912488e-05,detoxify-unbiased
2009618536390414587,0.0006805261364206672,1.2933551261085086e-06,3.677872882690281e-05,8.958224498201162e-05,0.00016069285629782826,2.2446629373007454e-05,1.6589794540777802e-05,detoxify-unbiased
1986751886331117940,0.00045812680036760867,1.2252577334948e-06,2.88241972157266e-05,7.828530215192586e-05,0.00012702522508334368,1.6973601304925978e-05,1.2213157788210083e-05,detoxify-unbiased
1998001253838655950,0.0025653275661170483,1.1405962140997872e-05,0.00010503019439056516,0.0008770290296524763,0.0006545886863023043,0.00010410764662083238,0.00030836687074042857,detoxify-unbiased
1997292433667690783,0.0004118076467420906,1.1965917110501323e-06,2.280360604345333e-05,6.970313552301377e-05,0.00010875277075683698,1.76216726686107e-05,1.190128932648804e-05,detoxify-unbiased
1999027822120063440,0.0003783578868024051,1.510148308625503e-06,2.743972436292097e-05,8.002090180525556e-05,9.130094258580357e-05,1.7032300092978403e-05,1.3628120541397948e-05,detoxify-unbiased
1985982094422450553,0.0010981116211041808,1.288229327656154e-06,3.735290374606848e-05,7.861993799451739e-05,0.0002866304712370038,2.0452689568628557e-05,1.794305535440799e-05,detoxify-unbiased
1995544384083837388,0.0004180756804998964,1.2395718158586533e-06,2.4086868506856263e-05,7.056110189296305e-05,0.00011135144450236112,1.637993955228012e-05,1.290575983148301e-05,detoxify-unbiased
1986165154124599318,0.0004037200997117907,1.2409699365889537e-06,2.381415652052965e-05,7.553801697213203e-05,0.0001036877729347907,1.638503272261005e-05,1.2148685527790803e-05,detoxify-unbiased
1992426193044263259,0.0011709410464391112,2.362991608606535e-06,2.5533716325298883e-05,0.0007943977252580225,0.00019097188487648964,3.222148370696232e-05,1.8552809706307016e-05,detoxify-unbiased
1999966291113701779,0.009655039757490158,2.7984640382783255e-06,0.00014243619807530195,0.00033013164647854865,0.00163258146494627,0.00011753303988371044,6.291889440035447e-05,detoxify-unbiased
1990989842419708404,0.018353836610913277,1.4025924429006409e-05,0.000633132120128721,0.0003557013114914298,0.0010056730825453997,0.00013643657439388335,0.010835178196430206,detoxify-unbiased
1990519476903637310,0.0007139113149605691,1.4532902241626289e-06,3.34655269398354e-05,0.00010722116712713614,0.00021092870156280696,1.8761673345579766e-05,1.5135886314965319e-05,detoxify-unbiased
1994019084200194280,0.06503219902515411,3.555849161784863e-06,0.00030442283605225384,0.0005420490633696318,0.03229811042547226,0.00011471559264464304,0.00010254323569824919,detoxify-unbiased
2007731527807824184,0.0008400023798458278,1.2032987797283567e-06,2.8359287171042524e-05,0.00012390463962219656,0.00020681963360402733,1.9990044165751897e-05,1.4766812455491163e-05,detoxify-unbiased
1998754558072271199,0.00655939057469368,2.5671438379504252e-06,0.0001464740198571235,0.0002627721696626395,0.0016635647043585777,0.00011490882752696052,4.803910996997729e-05,detoxify-unbiased
1989838895475745134,0.0014142561703920364,2.011298875004286e-06,6.134348222985864e-05,0.00015692667511757463,0.0002446614089421928,5.373172098188661e-05,2.246714757347945e-05,detoxify-unbiased
2006651253565337701,0.0004075667238794267,1.2929050399179687e-06,2.3816928660380654e-05,8.950009942054749e-05,0.00010198156087426469,1.7212800230481662e-05,1.1666181308100931e-05,detoxify-unbiased
1991824969794281898,0.0004514388565439731,1.1080700232923846e-06,2.127084371750243e-05,9.556633449392393e-05,0.00011840245861094445,1.8451035430189222e-05,9.57476640905952e-06,detoxify-unbiased
2008864835748888687,0.00047479820204898715,1.3932426554674748e-06,2.8511307391454466e-05,7.842091144993901e-05,0.00012269013677723706,1.9658054952742532e-05,1.459516442992026e-05,detoxify-unbiased
1987980067914301469,0.0021580399479717016,1.7059164747479372e-06,4.200412877253257e-05,0.00039625493809580803,0.0004749348445329815,2.512925857445225e-05,1.407466970704263e-05,detoxify-unbiased
2000196628699889919,0.0015358106466010213,9.61113164521521e-06,0.00012215990864206105,0.0003041875606868416,0.000480269780382514,5.427786891232245e-05,9.169672557618469e-05,detoxify-unbiased
1993142759897567583,0.0004602466360665858,1.2122981161155622e-06,2.6143954528379254e-05,6.436132389353588e-05,0.00011919907410629094,1.7377818949171342e-05,1.3260201740195043e-05,detoxify-unbiased
1987639874992968073,0.002094211056828499,1.26624945551157e-05,0.00015247015107888728,0.00047543650725856423,0.0005703418282791972,7.949974678922445e-05,0.00016636461077723652,detoxify-unbiased
1987199431905615874,0.00040733368950895965,1.2480685427362914e-06,2.8774595193681307e-05,6.381593266269192e-05,0.00011480695684440434,1.6321495422744192e-05,1.278921899938723e-05,detoxify-unbiased
1996046482139500671,0.00047060856013558805,1.4596406572309206e-06,3.9286085666390136e-05,7.913517765700817e-05,0.00013806938659399748,1.3991137166158296e-05,2.418792064418085e-05,detoxify-unbiased
2008443729812631980,0.00039304597885347903,1.3512492387235397e-06,2.8937061870237812e-05,6.141260382719338e-05,0.0001073131279554218,1.6479840269312263e-05,1.5227099538606126e-05,detoxify-unbiased
1986899889805303999,0.0025504017248749733,2.5341889795527095e-06,9.902158490149304e-05,0.00012633403821382672,0.0004601723048835993,5.5038493883330375e-05,5.447279181680642e-05,detoxify-unbiased
1986053317051466038,0.0005141441943123937,1.4041258964425651e-06,2.7244215743849054e-05,8.56029218994081e-05,0.0001168391972896643,2.743535333138425e-05,1.359569523629034e-05,detoxify-unbiased
1990756973071990831,0.011766497977077961,1.9075423551839776e-06,0.00012343470007181168,0.00033777827047742903,0.003681853646412492,4.017939500045031e-05,3.7419144064188004e-05,detoxify-unbiased
1992988616197386728,0.0005702925845980644,1.4008356856720638e-06,2.565465729276184e-05,9.468952339375392e-05,0.00014264076889958233,2.6990475817001425e-05,1.5195009837043472e-05,detoxify-unbiased
1998108525000556789,0.004792343825101852,8.10774236015277e-06,9.666287223808467e-05,0.0020976169034838676,0.0006538464222103357,7.023571379249915e-05,5.010170934838243e-05,detoxify-unbiased
1999229293638090807,0.0004020264314021915,1.3101878266752465e-06,2.3305505237658508e-05,7.791916868882254e-05,0.00010418153397040442,2.0424993635970168e-05,1.3871856026526075e-05,detoxify-unbiased
1991276670217601227,0.0013226558221504092,1.7701527212921064e-06,6.53718743706122e-05,0.00012245321704540402,0.000261083769146353,2.957434844574891e-05,2.8773249141522683e-05,detoxify-unbiased
2004479547631096139,0.014987037517130375,5.305303602654021e-06,0.00022242461272981018,0.002882955363020301,0.00239757914096117,0.00012826711463276297,7.699632260482758e-05,detoxify-unbiased
2008257011050574257,0.0004733378882519901,1.2514080935943639e-06,2.8302685677772388e-05,6.45834588794969e-05,0.00011815906327683479,1.7222175301867537e-05,1.4745449334441219e-05,detoxify-unbiased
2000566279649022342,0.2549670934677124,0.0011293934658169746,0.00510814506560564,0.32461369037628174,0.014071332290768623,0.005955620668828487,0.0010437469463795424,detoxify-unbiased
2003015936857837625,0.0006910355878062546,1.570048084431619e-06,2.788195342873223e-05,0.00010396281140856445,0.0001276244001928717,3.8779373426223174e-05,1.7776583263184875e-05,detoxify-unbiased
1993026447636939113,0.0003599827759899199,1.2621243286048411e-06,2.4241890059784055e-05,6.323817797238007e-05,9.855320968199521e-05,1.6304911696352065e-05,1.2618902474059723e-05,detoxify-unbiased
1987248025249435799,0.3056838810443878,1.3877267520001624e-05,0.0004661972925532609,0.027854613959789276,0.2096197009086609,0.00017962302081286907,0.00015426185564137995,detoxify-unbiased
1994180769820848558,0.00038379032048396766,1.3209084954723949e-06,2.4670760467415676e-05,6.987523374846205e-05,0.00010029107943410054,1.825314757297747e-05,1.2577909728861414e-05,detoxify-unbiased
2002886806455329248,0.0004386146611068398,1.13493035769352e-06,2.611928357509896e-05,7.875259325373918e-05,0.00012858475383836776,1.7855862097349018e-05,1.1971386811637785e-05,detoxify-unbiased
1992528187562271008,0.0006458766874857247,1.421503839083016e-06,2.653225601534359e-05,0.0002415478666080162,0.0001376783911837265,1.7793561710277572e-05,1.2779440112353768e-05,detoxify-unbiased
1993276069764337885,0.0004565654671750963,1.4585524468202493e-06,2.75358233920997e-05,0.00010665654554031789,0.0001013471555779688,1.9162420358043164e-05,1.4304111573437694e-05,detoxify-unbiased
1989343203703583032,0.0004807142831850797,1.325979724242643e-06,2.9730468668276444e-05,8.233188418671489e-05,0.00012956990394741297,1.7340818885713816e-05,1.3703528566111345e-05,detoxify-unbiased
1989788955093676514,0.004083798732608557,2.150201680706232e-06,0.0001074129540938884,0.00022442683984991163,0.0006165751256048679,4.14158494095318e-05,6.498675793409348e-05,detoxify-unbiased
1991636837975163061,0.4041600227355957,0.0003202213265467435,0.0014279349707067013,0.18415260314941406,0.23688115179538727,0.001336182584054768,0.0018177763558924198,detoxify-unbiased
1998167079367930360,0.0006096619181334972,9.297930887441908e-07,2.5405250198673457e-05,8.288464596262202e-05,0.00015707967395428568,2.27949731197441e-05,5.923522166995099e-06,detoxify-unbiased
2006168849910276173,0.001068408484570682,1.542490508654737e-06,3.230116635677405e-05,0.0001861094933701679,0.0002199634473072365,4.4985226850258186e-05,1.5481407899642363e-05,detoxify-unbiased
1986011349164679457,0.003058310830965638,3.555072544259019e-05,0.00021807834855280817,0.0021214685402810574,0.0008095059893094003,0.00012555044668260962,0.0008095503435470164,detoxify-unbiased
2000205080734093793,0.0006136271404102445,1.204542172672518e-06,3.078613372053951e-05,7.63603238738142e-05,0.00015182644710876048,2.2648753656540066e-05,1.0699641279643402e-05,detoxify-unbiased
1999220935853817920,0.0004944106913171709,1.4669334404970868e-06,2.917766869359184e-05,8.45798131194897e-05,0.00010893690341617912,2.4688484700163826e-05,1.5528547010035254e-05,detoxify-unbiased
2008838654358171759,0.0004044728702865541,1.3304892263477086e-06,2.8366725018713623e-05,6.99116280884482e-05,0.00010530106374062598,1.867203536676243e-05,1.3595642485597637e-05,detoxify-unbiased
1988710455066406972,0.00042344737448729575,1.1996413604720146e-06,2.726074671954848e-05,6.042982204235159e-05,0.00011656601418508217,1.6421401596744545e-05,1.376939417241374e-05,detoxify-unbiased
1994018420627788253,0.0004628243332263082,1.3355665942071937e-06,2.7290738216834143e-05,7.224138971650973e-05,0.00010794225090648979,1.7560589185450226e-05,1.300219173572259e-05,detoxify-unbiased
2008452942869733502,0.0003838979173451662,1.2804759990103776e-06,2.2313684894470498e-05,8.09011107776314e-05,0.00010238729737466201,1.9085293388343416e-05,1.1370101674401667e-05,detoxify-unbiased
1988161473533886890,0.00630590645596385,1.6780134046712192e-06,6.210697756614536e-05,0.00036391429603099823,0.0014433152973651886,7.791739335516468e-05,2.5580558940418996e-05,detoxify-unbiased
1984993352484343815,0.008266706019639969,1.9923913896491285e-06,5.4032880143495277e-05,0.0019007609225809574,0.001523062470369041,6.0576832765946165e-05,2.5320619897684082e-05,detoxify-unbiased
2006510490017730853,0.0006050126394256949,1.0744905694082263e-06,1.8136026483261958e-05,0.00011245627683820203,0.00014500126417260617,2.169328035961371e-05,1.0617935913614929e-05,detoxify-unbiased
1998836916792283371,0.989578902721405,8.772523142397404e-05,0.001440918305888772,0.0017365034436807036,0.9863065481185913,0.00019357644487172365,0.00020604589371941984,detoxify-unbiased
1988731701607166020,0.0008771091816015542,4.969341262039961e-06,7.696270040469244e-05,0.00020218148711137474,0.0002752568107098341,3.0809984309598804e-05,3.807564644375816e-05,detoxify-unbiased
1991554954335539652,0.0003594424924813211,1.3722992662223987e-06,2.5243780328310095e-05,6.984471838222817e-05,9.453263191971928e-05,1.7037677025655285e-05,1.2861993127444293e-05,detoxify-unbiased
1989004542118183166,0.001957162283360958,1.5716300367785152e-06,4.060866922372952e-05,0.00044053507735952735,0.0004053704906255007,2.80131607723888e-05,2.3246639102580957e-05,detoxify-unbiased
2003945511590478202,0.00040145483217202127,1.2606385553226573e-06,2.474578832334373e-05,7.06071441527456e-05,0.00010506846592761576,1.654549123486504e-05,1.3190454410505481e-05,detoxify-unbiased
1999213796263440819,0.00042378067155368626,1.3261225149108213e-06,2.378757926635444e-05,9.075063280761242e-05,0.00010431215923745185,1.7569618648849428e-05,1.238498771272134e-05,detoxify-unbiased
1984638331557462254,0.0004141125828027725,1.5342528740802663e-06,2.8186137569718994e-05,9.291093738283962e-05,0.00010673874930944294,2.27653217734769e-05,1.1900290701305494e-05,detoxify-unbiased
1991634251415187812,0.00044598468230105937,1.2303759149290272e-06,2.4025317543419078e-05,8.12352227512747e-05,0.0001188652531709522,2.1982568796374835e-05,1.0717655641201418e-05,detoxify-unbiased
1992501831151337584,0.00045286244130693376,1.6800535149741336e-06,3.54340227204375e-05,7.482353248633444e-05,9.891522495308891e-05,2.154323556169402e-05,1.6705531379557215e-05,detoxify-unbiased
1989008280417702181,0.00039129858487285674,1.3607580058305757e-06,2.202306677645538e-05,8.576348045608029e-05,0.00010205286525888368,1.9233346392866224e-05,1.306080048379954e-05,detoxify-unbiased
1997340083683524714,0.0037348114419728518,1.518531576039095e-06,7.617348455823958e-05,0.0001978603977477178,0.0012137226294726133,2.188444705097936e-05,2.4759050575084984e-05,detoxify-unbiased
1991628790540431484,0.0006877646083012223,1.267407242266927e-06,3.7297053495422006e-05,8.09838529676199e-05,0.00018946558702737093,1.3860986655345187e-05,1.328227426711237e-05,detoxify-unbiased
1991636331542507792,0.000695732538588345,1.2339376098680077e-06,3.69760200555902e-05,7.961635128594935e-05,0.0001992667093873024,1.3467592907545622e-05,1.290539057663409e-05,detoxify-unbiased
2000649076799385782,0.0003897411224897951,1.2485983234000742e-06,2.1594554709736258e-05,7.920320058474317e-05,0.0001036174944601953,1.7946547814062797e-05,9.985216820496134e-06,detoxify-unbiased
1996921144343973909,0.22352497279644012,9.336727089248598e-05,0.0007807944202795625,0.26746901869773865,0.013193809427320957,0.0007026209495961666,0.0002572489029262215,detoxify-unbiased
1997422806389141945,0.00041231297655031085,1.2700194247372565e-06,2.7814921850222163e-05,6.42974628135562e-05,0.000106169878563378,1.7885653505800292e-05,1.2064449947501998e-05,detoxify-unbiased
1988895518303355352,0.0007287799962796271,1.1679813951559481e-06,2.719614167290274e-05,0.00010359782754676417,0.0001844131766119972,1.637005334487185e-05,1.536840500193648e-05,detoxify-unbiased
1991666702170595595,0.0003730672469828278,1.4178009450915852e-06,2.7179183234693483e-05,8.865551353665069e-05,9.197433246299624e-05,1.6135147234308533e-05,1.2441169019439258e-05,detoxify-unbiased
1991836246675509649,0.0004750122898258269,1.220848844241118e-06,3.095839565503411e-05,6.769577885279432e-05,0.0001350055099464953,1.5549263480352238e-05,1.2536641406768467e-05,detoxify-unbiased
1984650674068488614,0.0003768731257878244,1.2618473874681513e-06,2.290801057824865e-05,7.059777999529615e-05,0.00010448328976053745,1.7073280105250888e-05,1.1892781003552955e-05,detoxify-unbiased
2006274992749830519,0.0003391662903595716,1.3230492186266929e-06,2.500607297406532e-05,6.512429536087438e-05,9.579490142641589e-05,1.6033345673349686e-05,1.2347201845841482e-05,detoxify-unbiased
1985833710017486882,0.000414007343351841,1.3071502280581626e-06,2.6619214622769505e-05,7.449581607943401e-05,0.00010827729420270771,1.6395692000514828e-05,1.339364916930208e-05,detoxify-unbiased
2008259795422502926,0.0004547273274511099,1.2137591056671226e-06,2.9375254598562606e-05,6.288656004471704e-05,0.0001229353656526655,1.4756900782231241e-05,1.2276073903194629e-05,detoxify-unbiased
1992347409679323162,0.0005430238088592887,1.4055272004043218e-06,3.0708022677572444e-05,8.53574019856751e-05,0.00013113630120642483,2.5809917133301497e-05,1.4161458238959312e-05,detoxify-unbiased
1995677199152672918,0.002817341824993491,4.86011458633584e-06,0.00033881529816426337,0.00010050783021142706,0.0005006867577321827,2.453627166687511e-05,0.0004606319998856634,detoxify-unbiased
1989007646616138078,0.0008319855551235378,1.2971164551345282e-06,3.839535202132538e-05,8.049326424952596e-05,0.00019204521959181875,2.737759132287465e-05,1.2192745089123491e-05,detoxify-unbiased
2001021666110185763,0.08673875033855438,5.4904521675780416e-06,0.0001920051290653646,0.01436367817223072,0.03709685429930687,0.00011317878670524806,7.457123138010502e-05,detoxify-unbiased
1998408394642772135,0.00047806708607822657,1.3393752169577056e-06,2.670398316695355e-05,0.00012234653695486486,0.00011261854524491355,1.876729220384732e-05,1.2961312677362002e-05,detoxify-unbiased
1987807242435936514,0.000981255085207522,1.6956186073002755e-06,5.548089029616676e-05,0.00014081431436352432,0.0003074761771131307,1.739118124532979e-05,5.2703362598549575e-05,detoxify-unbiased
2000645083528618119,0.0009611072018742561,1.736853846523445e-06,2.696732190088369e-05,0.0004363285843282938,0.00016289942141156644,3.12337651848793e-05,1.5055155017762445e-05,detoxify-unbiased
2005937695806079169,0.0004922391381114721,1.5226805771817453e-06,2.929616857727524e-05,8.121787686832249e-05,0.00011074129724875093,2.6796764359460212e-05,1.5913414245005697e-05,detoxify-unbiased
2009993283888439442,0.003971402067691088,1.6922342638281407e-06,0.0001326438068645075,0.00014353195729199797,0.0019103277008980513,2.140626747859642e-05,2.5840163289103657e-05,detoxify-unbiased
1994797931828789452,0.3792153298854828,0.0003087410586886108,0.24681028723716736,0.0019894540309906006,0.021355384960770607,0.0002179320144932717,0.0022772904485464096,detoxify-unbiased
1998775665135325518,0.002446615369990468,2.0571953882608796e-06,7.652420026715845e-05,0.00015408308536279947,0.00042020290857180953,5.910666368436068e-05,3.299554009572603e-05,detoxify-unbiased
1992324752812200002,0.0003826736647170037,1.3316074500835384e-06,2.5614492187742144e-05,6.725898856529966e-05,9.959754243027419e-05,1.8388307580607943e-05,1.3119949471729342e-05,detoxify-unbiased
1995685675681685671,0.0005389171419665217,1.3317737739271251e-06,2.5441911930101924e-05,8.735376468393952e-05,0.00013084811507724226,2.7233954824623652e-05,1.5247936971718445e-05,detoxify-unbiased
2001753578528968710,0.0007137698703445494,1.2877318340542843e-06,3.735667996807024e-05,7.871032721595839e-05,0.0001774179982021451,2.4308723368449137e-05,1.6155963749042712e-05,detoxify-unbiased
1984524383906377840,0.14914458990097046,3.5464447137201205e-05,0.00044494858593679965,0.0024554466363042593,0.001722965738736093,0.11159916967153549,0.00014700711471959949,detoxify-unbiased
1991593186481893880,0.04175037890672684,4.698132033809088e-05,0.00040393724339082837,0.03858456760644913,0.0036062116269022226,0.0002668974339030683,0.00029542145784944296,detoxify-unbiased
1996130253413233106,0.007269494701176882,8.398232239414938e-06,0.0008585683535784483,0.0005249565001577139,0.0007444389048032463,0.00014797145558986813,0.00012267095735296607,detoxify-unbiased
1999651325919834429,0.0013833163538947701,2.7283977033221163e-06,4.438388714333996e-05,0.00012368260649964213,0.00018483036546967924,0.00026664763572625816,2.3610456992173567e-05,detoxify-unbiased
2001256943365595424,0.00039506383473053575,1.0732278497016523e-06,2.5327335606561974e-05,6.469410436693579e-05,0.00011146415636176243,1.4106088201515377e-05,1.4458925761573482e-05,detoxify-unbiased
1997722201340903747,0.0004904830129817128,1.3244871297501959e-06,2.5868936063488945e-05,0.00010814738197950646,0.00013017051969654858,1.7509019016870297e-05,1.4606971490138676e-05,detoxify-unbiased
1997593457809125736,0.0003853130037896335,1.359582938675885e-06,3.009497231687419e-05,5.946798773948103e-05,9.975495049729943e-05,1.5652367437724024e-05,1.3322743143362459e-05,detoxify-unbiased
1996654926458687976,0.033360257744789124,2.906170266214758e-06,0.0003972642298322171,0.0002564053575042635,0.01636754348874092,5.676357977790758e-05,7.524627289967611e-05,detoxify-unbiased
2001028300794184072,0.001353541505523026,1.259770897377166e-06,3.51160233549308e-05,0.00028694598586298525,0.00038334462442435324,1.5966374121489935e-05,1.416294435330201e-05,detoxify-unbiased
2002952665584595041,0.0005298462929204106,1.1827930848085089e-06,2.7152396796736866e-05,7.61941191740334e-05,0.0001537256030132994,1.6149833754752763e-05,1.3554913493862841e-05,detoxify-unbiased
1984829574627148152,0.0009447054471820593,1.5506218460359378e-06,5.942598363617435e-05,0.00010043281508842483,0.00026403588708490133,2.2832220565760508e-05,2.3771091946400702e-05,detoxify-unbiased
1985425486819049561,0.0003863553865812719,1.3433702861220809e-06,2.6764866561279632e-05,7.097539491951466e-05,0.0001006725215120241,1.7069862224161625e-05,1.2797391718777362e-05,detoxify-unbiased
1991599510775087513,0.006176902446895838,1.4948435591577436e-06,6.349608884193003e-05,0.00027925780159421265,0.0020032846368849277,5.583575330092572e-05,2.053240496024955e-05,detoxify-unbiased
1990436435430609139,0.016723431646823883,4.704614184447564e-06,0.00014097742678131908,0.0008170132641680539,0.0026996249798685312,0.000407213723519817,0.00013795345148537308,detoxify-unbiased
1997359616758317408,0.0008552366052754223,1.7426509657525457e-06,4.2756237235153094e-05,0.00012018196866847575,0.00017260744061786681,3.524371641105972e-05,2.4862874852260575e-05,detoxify-unbiased
1986168988897059323,0.13593074679374695,4.4793578126700595e-05,0.0015760492533445358,0.0018957260763272643,0.00421510124579072,0.0011227100621908903,0.06831403076648712,detoxify-unbiased
1991215835273207986,0.0006220464129000902,1.2787334071617806e-06,3.542138438206166e-05,9.583940118318424e-05,0.000170229934155941,1.4706984075019136e-05,1.3131565538060386e-05,detoxify-unbiased
1990484271602282575,0.09413353353738785,2.184762342949398e-05,0.002022873144596815,0.0035231169313192368,0.06634130328893661,0.00016152716125361621,0.0009946555364876986,detoxify-unbiased
2005749722519162940,0.001818223623558879,1.525129391666269e-06,5.300113116391003e-05,0.000112345558591187,0.00038959606899879873,3.4649747249204665e-05,2.862998917407822e-05,detoxify-unbiased
1998418451359293753,0.0007792175747454166,1.3095796020934358e-06,3.285356069682166e-05,7.781551539665088e-05,0.00016295378736685961,2.063819920294918e-05,1.880274612631183e-05,detoxify-unbiased
1985018159494267351,0.0005119469715282321,1.2254773764652782e-06,2.4018951080506667e-05,9.50065441429615e-05,0.0001273770903935656,1.8719834770308807e-05,1.3444505384541117e-05,detoxify-unbiased
1998090926921486498,0.0004580492968671024,1.242158646164171e-06,2.7282956580165774e-05,7.446648669429123e-05,0.00012026507465634495,2.069503716484178e-05,1.2343246453383472e-05,detoxify-unbiased
1991692309772013598,0.0012014220701530576,1.7022307474690024e-06,4.8613968829158694e-05,9.701821545604616e-05,0.00022245282889343798,4.215384615235962e-05,2.489272264938336e-05,detoxify-unbiased
2000548539437580582,0.0006760419346392155,2.099495304719312e-06,7.722213922534138e-05,0.00014854966138955206,0.0001885393139673397,2.9219407224445604e-05,1.9548093405319378e-05,detoxify-unbiased
1994734244929892752,0.0008486284059472382,1.631458417250542e-06,5.499873077496886e-05,7.522058149334043e-05,0.00018119679589290172,2.352689261897467e-05,2.709438012971077e-05,detoxify-unbiased
1989771459217043904,0.0003919059527106583,1.2701987088803435e-06,2.2698031898471527e-05,7.234631630126387e-05,9.93796274997294e-05,1.9352293747942895e-05,1.2206637620693073e-05,detoxify-unbiased
2003806259074703433,0.0004187908780295402,1.3808574976792443e-06,2.7962767489952967e-05,0.00010537166963331401,9.842529107118025e-05,1.6012318155844696e-05,1.3006484550714958e-05,detoxify-unbiased
1998616285920506249,0.08171883970499039,4.559075750876218e-05,0.0019620293751358986,0.0008317806059494615,0.0022906437516212463,0.0001049774291459471,0.18857617676258087,detoxify-unbiased
2001311839636873351,0.09882836043834686,6.253871561057167e-06,0.0011707759695127606,0.0005320849595591426,0.053557608276605606,6.660686631221324e-05,0.0001550670713186264,detoxify-unbiased
2001302968910438800,0.000377248419681564,1.2203436199342832e-06,2.4717790438444354e-05,7.920818461570889e-05,0.00010400961036793888,1.396888546878472e-05,1.2411732313921675e-05,detoxify-unbiased
2006837057138647106,0.300092875957489,5.8496893871051725e-06,0.00022244754654821008,0.0033990698866546154,0.18573884665966034,0.00015547512157354504,0.00012682225496973842,detoxify-unbiased
2007599035360940529,0.0017532084602862597,1.6881801911949879e-06,4.048725531902164e-05,0.00018106555216945708,0.00031716690864413977,9.19611775316298e-05,1.861710916273296e-05,detoxify-unbiased
1985762409907470760,0.0005684174248017371,1.1152611705256277e-06,3.457660204730928e-05,6.556472362717614e-05,0.00018483336316421628,1.4117781574896071e-05,1.2861405593866948e-05,detoxify-unbiased
2008257395999600864,0.0003585220838431269,1.2684107559834956e-06,2.504296753613744e-05,6.504379416583106e-05,0.00010243583528790623,1.5157828784140293e-05,1.1890580026374664e-05,detoxify-unbiased
1991833992421576748,0.0005733105354011059,1.2741162436213926e-06,3.452016244409606e-05,7.076379552017897e-05,0.00015755565254949033,2.004376074182801e-05,1.300521853409009e-05,detoxify-unbiased
1987147811432087569,0.00043199723586440086,1.2344096376182279e-06,2.6360658011981286e-05,7.479457417502999e-05,0.00011963051656493917,1.7042633771779947e-05,1.2425683962646872e-05,detoxify-unbiased
1991660029364301884,0.0019263350404798985,1.4604328271161648e-06,5.6866087106755e-05,9.74283684627153e-05,0.00039197789737954736,2.225363095931243e-05,2.51811470661778e-05,detoxify-unbiased
2003607476877267114,0.0003840708814095706,1.2970608622708824e-06,2.7574686100706458e-05,6.807175668654963e-05,0.000101831516076345,1.549244007037487e-05,1.2477742529881652e-05,detoxify-unbiased
1997173196370415792,0.015933681279420853,6.418114026018884e-06,8.556179091101512e-05,0.0014942381531000137,0.0006886947085149586,0.0026304626371711493,0.000176309171365574,detoxify-unbiased
1987650838605824357,0.11836060136556625,0.00013122748350724578,0.0007499161292798817,0.1361711174249649,0.005620273761451244,0.0010787792271003127,0.0008191507658921182,detoxify-unbiased
1993248470338027908,0.000481949420645833,1.1545247389221913e-06,2.672589289431926e-05,6.546532677020878e-05,0.00012863773736171424,1.7597958503756672e-05,1.1844923392345663e-05,detoxify-unbiased
1995516087379890198,0.0006784661673009396,1.4515519524138654e-06,4.008111864095554e-05,8.132444054353982e-05,0.00014157163968775421,2.8341928555164486e-05,1.787627479643561e-05,detoxify-unbiased
1990478828544651766,0.0004927855916321278,1.1745089523174101e-06,3.006752194778528e-05,6.560024485224858e-05,0.0001342939503956586,1.7099548131227493e-05,1.1145380995003507e-05,detoxify-unbiased
1992352759174365600,0.020517384633421898,9.22815379453823e-05,0.0005808727000840008,0.021195463836193085,0.002059945836663246,0.00017919548554345965,0.00039708931581117213,detoxify-unbiased
1987247065051570419,0.0009516975260339677,1.04894559171953e-06,2.5394932890776545e-05,0.00011112444917671382,0.00026026161503978074,1.9591465388657525e-05,1.302910277445335e-05,detoxify-unbiased
2000180338329604320,0.00044325285125523806,1.3712461850445834e-06,2.1943693354842253e-05,0.00010134164040209725,0.00010456281597726047,2.6412746592541225e-05,1.3145924640411977e-05,detoxify-unbiased
1987327844004077678,0.002564477501437068,6.851801572338445e-06,0.00010557644418440759,0.0008467709412798285,0.00047600199468433857,4.482473013922572e-05,4.7235225792974234e-05,detoxify-unbiased
1992962173937635832,0.0005308036343194544,1.4248073512135306e-06,2.8063857826055028e-05,0.00010139808728126809,0.00012518296716734767,2.6247749701724388e-05,1.2993094060220756e-05,detoxify-unbiased
1985915347103596642,0.0003237350902054459,1.410776462762442e-06,2.6385330784250982e-05,6.435764953494072e-05,9.133508137892932e-05,1.6604657503194176e-05,1.2745628737320658e-05,detoxify-unbiased
1992322230236368933,0.0015656189061701298,1.0416631084808614e-05,0.00015087150677572936,0.0008636690909042954,0.00020959851099178195,3.062324321945198e-05,6.415366078726947e-05,detoxify-unbiased
1989332825183555988,0.009924609214067459,3.5611938073998317e-06,0.00024219426268246025,0.00035395199665799737,0.0015062949387356639,0.0002242531772935763,6.821334682172164e-05,detoxify-unbiased
1991628570846982531,0.0015164540382102132,2.4945024961198214e-06,4.2578383727231994e-05,0.000463041418697685,0.0002370930160395801,2.608612339827232e-05,1.917673580464907e-05,detoxify-unbiased
2006125398179078509,0.00040995809831656516,1.1100023584731389e-06,1.9450448235147633e-05,7.957460184115916e-05,0.000111178815132007,1.8961061869049445e-05,9.389951628691051e-06,detoxify-unbiased
2009452435882827992,0.010264663025736809,1.0400342944194563e-05,4.7597099182894453e-05,0.008860799483954906,0.0007497735787183046,0.000188230347703211,4.426337909535505e-05,detoxify-unbiased
2003046199599727064,0.0003813351795542985,1.2314042123762192e-06,2.385352308920119e-05,6.94059781380929e-05,0.00010369014489697292,1.729111318127252e-05,1.1732836355804466e-05,detoxify-unbiased
2002557059863130456,0.003655544016510248,1.4125361076366971e-06,5.625063931802288e-05,0.0001949815050465986,0.000991045031696558,2.906574991357047e-05,2.293868237757124e-05,detoxify-unbiased
1992516855571906713,0.13722626864910126,4.491183517529862e-06,0.00044964582775719464,0.0006528448429889977,0.08934583514928818,9.240729559678584e-05,0.00013958920317236334,detoxify-unbiased
1990536419069067551,0.8380847573280334,0.013148344121873379,0.031371306627988815,0.5687018632888794,0.04432982951402664,0.042285528033971786,0.8204537630081177,detoxify-unbiased
1992684205008978397,0.0005906606093049049,1.429734766134061e-06,3.571982597350143e-05,0.00011393210297683254,0.0001498089695814997,1.9491484636091627e-05,1.7042908439179882e-05,detoxify-unbiased
1985135898942488943,0.0012025021715089679,2.1296793875080766e-06,5.1715149311348796e-05,0.0001647652534302324,0.0003183137741871178,3.0742921808268875e-05,3.886044942191802e-05,detoxify-unbiased
1988331097122320428,0.000672641210258007,1.3973290151625406e-06,3.0123572287266143e-05,0.00015748672012705356,0.00015671060828026384,1.797467120923102e-05,1.159545990958577e-05,detoxify-unbiased
1990843699706601589,0.10825396329164505,0.0001723822788335383,0.0008153492817655206,0.13130247592926025,0.007571452297270298,0.002786344150081277,0.0005047553568147123,detoxify-unbiased
1999500869608321393,0.0004471497959457338,1.4212259884516243e-06,3.0858765967423096e-05,7.845681830076501e-05,0.00011349900887580588,2.2948308469494805e-05,1.3682712960871868e-05,detoxify-unbiased
1989753764207878209,0.0010614783968776464,3.854462192975916e-06,5.356136534828693e-05,0.00041009101551026106,0.0003131548292003572,2.6244822947774082e-05,0.0001127024443121627,detoxify-unbiased
1995722710886830239,0.00045751125435344875,1.1398461765566026e-06,2.733248948061373e-05,6.471162487287074e-05,0.0001323610485997051,1.7107638996094465e-05,1.2013245395792183e-05,detoxify-unbiased
1984475851128250863,0.003013831563293934,1.2336905683696386e-06,4.877222090726718e-05,0.0001268532214453444,0.000939927704166621,2.2664526113658212e-05,2.1948675566818565e-05,detoxify-unbiased
2005359512367112568,0.0005272103007882833,1.052369498211192e-06,2.400292214588262e-05,7.975297921802849e-05,0.00015015834651421756,1.5519961380050518e-05,1.1518618521222379e-05,detoxify-unbiased
2006340166554894446,0.00048390691517852247,1.3519762660507695e-06,2.455628418829292e-05,7.671825733268633e-05,0.00010892484715441242,2.5936471502063796e-05,1.2855372006015386e-05,detoxify-unbiased
1990518676424921095,0.0007407892844639719,1.8148684830521233e-06,3.669975558295846e-05,0.00013818411389365792,0.00016985717229545116,3.799994010478258e-05,1.861462624219712e-05,detoxify-unbiased
1998807257140629833,0.0006568374810740352,1.6737764099161723e-06,4.165422069490887e-05,9.659837087383494e-05,0.0001309846993535757,2.1629512048093602e-05,1.8884293240262195e-05,detoxify-unbiased
1996988989035720766,0.0006496604764834046,1.2542792546810233e-06,3.30805778503418e-05,7.870147237554193e-05,0.0001583831908646971,1.5257071936503053e-05,1.3541915905079804e-05,detoxify-unbiased
1995186087254532262,0.0005263975472189486,2.0887646314804442e-06,4.755186819238588e-05,8.467817679047585e-05,8.857371722115204e-05,2.16194057429675e-05,2.2839101802674122e-05,detoxify-unbiased
1986583829734138226,0.008675037883222103,0.0007869891705922782,0.0023618482518941164,0.016245653852820396,0.0017981574637815356,0.0012786417501047254,0.0009983786148950458,detoxify-unbiased
2006220778493137021,0.22087889909744263,1.1383501259842888e-05,0.0004926620749756694,0.020472172647714615,0.14219148457050323,0.00014084238500799984,0.00017294417193625122,detoxify-unbiased
1998841279631773889,0.00036543127498589456,1.2509356110967929e-06,2.6331361368647777e-05,6.954630225664005e-05,0.00010366729839006439,1.6478928955621086e-05,1.2433033589331899e-05,detoxify-unbiased
1988984451641008539,0.0006563493516296148,1.1976728728768649e-06,2.80360400211066e-05,8.561712456867099e-05,0.0001809644018067047,2.1478082999237813e-05,1.3471047168422956e-05,detoxify-unbiased
1997944219424407761,0.0007966213743202388,1.1454778814368183e-06,2.938750185421668e-05,8.024808630580083e-05,0.00020819988276343793,2.2857797375763766e-05,1.361723570880713e-05,detoxify-unbiased
2003011724207939805,0.0003753835044335574,1.3850844879925717e-06,2.6309347958886065e-05,6.75595729262568e-05,9.56631702138111e-05,1.7353673683828674e-05,1.4870227460050955e-05,detoxify-unbiased
1999649079773843615,0.0003988142707385123,1.406043338647578e-06,2.908205169660505e-05,7.979177462402731e-05,0.0001019524788716808,1.8033735614153557e-05,1.367731238133274e-05,detoxify-unbiased
1994808291713515624,0.0009347933810204268,1.4585498320229817e-06,4.3937285227002576e-05,9.778028470464051e-05,0.0002188394428230822,2.278347710671369e-05,2.021747968683485e-05,detoxify-unbiased
1999226805514080386,0.0003987122036051005,1.3274891443870729e-06,2.329646304133348e-05,7.762940367683768e-05,0.00010290116188116372,2.0637016859836876e-05,1.42911867442308e-05,detoxify-unbiased
1998815155304493286,0.0004338874132372439,1.48675826494582e-06,2.4240111088147387e-05,0.00010692313662730157,0.00010621929686749354,2.0775856683030725e-05,1.3146000128472224e-05,detoxify-unbiased
2010580995519500474,0.009688938967883587,6.595022568944842e-06,0.0007506433175876737,0.00023967796005308628,0.001786023611202836,7.994485349627212e-05,0.000331061368342489,detoxify-unbiased
1992861512470306824,0.0012946540955454111,2.146108499800903e-06,3.144002766930498e-05,0.0008880469249561429,0.000173954336787574,4.016587263322435e-05,1.3930850400356576e-05,detoxify-unbiased
1989398316983968046,0.10722602158784866,0.000295076344627887,0.09346004575490952,0.0014590464998036623,0.011574115604162216,0.0004336608399171382,0.01972508616745472,detoxify-unbiased
1992143276875403535,0.012065271846950054,3.385894387974986e-06,0.0003179397899657488,0.0003686498966999352,0.004358378238976002,5.661275645252317e-05,7.567673310404643e-05,detoxify-unbiased
2008070109059809334,0.0021742614917457104,1.459629515920824e-06,5.3132047469262034e-05,0.00013960598153062165,0.0005048347520641983,3.679855217342265e-05,1.984657319553662e-05,detoxify-unbiased
1995920178513895516,0.0006391688948497176,1.7882673546409933e-06,3.409299097256735e-05,0.00011010783782694489,0.0001532305177533999,3.257595744798891e-05,2.470659455866553e-05,detoxify-unbiased
2005423371224588494,0.0012188194086775184,2.0451104774110718e-06,4.365103814052418e-05,0.00012890850484836847,0.00019415114365983754,0.0001097506974474527,2.343244523217436e-05,detoxify-unbiased
1990247109262536737,0.0004353569820523262,1.5462462670257082e-06,3.600415584514849e-05,7.328999345190823e-05,0.00010244824079563841,1.5981517208274454e-05,1.3927529835200403e-05,detoxify-unbiased
1998430695547613459,0.0003257726493757218,1.2975011713933782e-06,2.244006100227125e-05,6.952793773962185e-05,9.319328819401562e-05,1.5442170479218476e-05,1.181523020932218e-05,detoxify-unbiased
2008743503732277742,0.0003844253078568727,1.270438588107936e-06,2.431802022329066e-05,7.704303425271064e-05,0.00010364823538111523,1.69837694556918e-05,1.2517670256784186e-05,detoxify-unbiased
1998339990774816896,0.0009296041680499911,1.96115615835879e-06,4.073966192663647e-05,0.00012209761189296842,0.00017439029761590064,3.4864664485212415e-05,7.520121289417148e-05,detoxify-unbiased
1999571733062517199,0.6474474668502808,0.000523161725141108,0.0025114358868449926,0.6977736949920654,0.04741554334759712,0.0037980403285473585,0.0006673650350421667,detoxify-unbiased
1991661551321796704,0.0009537838632240891,1.153891844296595e-06,3.367994213476777e-05,7.793492841301486e-05,0.000281066371826455,1.900586903502699e-05,1.4881435163260903e-05,detoxify-unbiased
2002656678357958966,0.0006223141681402922,1.1578601970541058e-06,2.5213730623363517e-05,0.00011019407247658819,0.00015402212738990784,1.9857459847116843e-05,1.1415996596042532e-05,detoxify-unbiased
2001029128498372845,0.001189426053315401,2.9910304419900058e-06,9.83811987680383e-05,0.00014916241343598813,0.0002366077242186293,6.345643487293273e-05,6.170354026835412e-05,detoxify-unbiased
1999626865586372775,0.00041332555701956153,1.3441123201118899e-06,2.7473839509184472e-05,7.710367208346725e-05,0.00010915401071542874,1.9143004465149716e-05,1.3577476238424424e-05,detoxify-unbiased
1990974295967744223,0.00252103921957314,2.4648861653986387e-06,9.293317270930856e-05,0.0001576913782628253,0.0004888034309260547,3.298314550193027e-05,0.00010060093336505815,detoxify-unbiased
1992641456318603725,0.0004670269845519215,1.4229389080355759e-06,2.6403378797112964e-05,0.0001344334741588682,0.00010797622962854803,2.0967534510418773e-05,1.2003190022369381e-05,detoxify-unbiased
1993107967118655703,0.0005599403521046042,1.4538364894178812e-06,2.242489244963508e-05,9.663670061854646e-05,0.00013154870248399675,3.5553537600208074e-05,1.568978768773377e-05,detoxify-unbiased
2017442756226895941,0.0003464249602984637,1.2800816193703213e-06,2.351637158426456e-05,7.7104261436034e-05,9.73811766016297e-05,1.5869480193941854e-05,1.1569347407203168e-05,detoxify-unbiased
1986027932192768036,0.0004513644380494952,1.269863219022227e-06,2.4915047106333077e-05,8.596129191573709e-05,0.00011177462874911726,1.901642099255696e-05,1.2709168004221283e-05,detoxify-unbiased
1991725551858401764,0.000434290268458426,1.5436502280863351e-06,2.9024035029578954e-05,7.530923176091164e-05,9.355416113976389e-05,2.1300742446328513e-05,1.5499075743719004e-05,detoxify-unbiased
1993043244872012171,0.0004751311207655817,1.4106487924436806e-06,2.9249380531837232e-05,8.120378333842382e-05,0.00011466921569081023,2.135295289917849e-05,1.4497338270302862e-05,detoxify-unbiased
1991544276463866117,0.002292188350111246,1.4469272855421877e-06,7.172696496127173e-05,0.00011477544467197731,0.0006687660934403539,2.6036492272396572e-05,3.708337317220867e-05,detoxify-unbiased
1996610139344805987,0.013333714567124844,9.074396803043783e-05,0.0005413902108557522,0.010986450128257275,0.0016202989500015974,0.0004977759090252221,0.0002816718479152769,detoxify-unbiased
2012562764309368998,0.0004085261607542634,1.458809833820851e-06,2.955678428406827e-05,7.671181811019778e-05,0.0001071333754225634,1.9808358047157526e-05,1.526682171970606e-05,detoxify-unbiased
2008720802221617548,0.00040011436794884503,1.4398095800061128e-06,2.6670186343835667e-05,7.448672840837389e-05,9.227221744367853e-05,2.0959078028681688e-05,1.6141335436259396e-05,detoxify-unbiased
1989205087412002956,0.030327163636684418,6.339099491015077e-05,0.00018585749785415828,0.09166772663593292,0.003363625146448612,0.0003450036165304482,0.0020339456386864185,detoxify-unbiased
1990207644041171297,0.000373950635548681,1.403501983077149e-06,2.7810465326183476e-05,6.99225565767847e-05,9.71426343312487e-05,1.870110099844169e-05,1.3018098798056599e-05,detoxify-unbiased
1996994508890820835,0.0006369274342432618,1.6046234350142186e-06,3.352685962454416e-05,0.00013524929818231612,0.00012197425530757755,2.5031362383742817e-05,1.4182865925249644e-05,detoxify-unbiased
2005527226356490325,0.0004865252412855625,1.1363327985236538e-06,2.6317680749343708e-05,8.056959632085636e-05,0.00014317588647827506,1.617964699107688e-05,1.5338418961619027e-05,detoxify-unbiased
2007450151670231321,0.0003829240158665925,1.3003281083001639e-06,2.156885057047475e-05,7.994714542292058e-05,0.00010342449968447909,1.9757986592594534e-05,1.1923965757887345e-05,detoxify-unbiased
1987955064317628733,0.000895243720151484,1.3748641549682361e-06,4.03166122850962e-05,9.594565199222416e-05,0.000251489196671173,1.944633186212741e-05,2.2052698113839142e-05,detoxify-unbiased
1998705130250629498,0.0004902396467514336,1.2659202184295282e-06,3.330122126499191e-05,6.950148963369429e-05,0.0001367344375466928,1.5829893527552485e-05,1.311814776272513e-05,detoxify-unbiased
1995078476810904004,0.018545258790254593,2.848354142770404e-06,0.0003213446179870516,0.0002576487313490361,0.009133643470704556,3.9783972169971094e-05,9.719118679640815e-05,detoxify-unbiased
1987212587722019282,0.003302726661786437,1.440309347344737e-06,5.401556700235233e-05,0.00018695752078201622,0.0007678380934521556,3.0703569791512564e-05,2.627051253512036e-05,detoxify-unbiased
2004186968809201823,0.5702118873596191,1.9858727682731114e-05,0.0017640539444983006,0.0022000723984092474,0.526872456073761,0.00011246550275245681,0.0002445930731482804,detoxify-unbiased
1988729337416229244,0.00034611334558576345,1.2839487908422598e-06,2.389033579675015e-05,6.804930308135226e-05,9.801917622098699e-05,1.63461227202788e-05,1.1690036444633733e-05,detoxify-unbiased
1990478376772252104,0.02803128957748413,4.9813053919933736e-05,0.00036152679240331054,0.022926298901438713,0.003726159455254674,0.00014915033534634858,0.0002731444837991148,detoxify-unbiased
1984609014450188796,0.0004812933620996773,1.2847584685005131e-06,2.412344292679336e-05,9.317418152932078e-05,0.00011912180343642831,2.2473512217402458e-05,1.243452697963221e-05,detoxify-unbiased
1985946629942481136,0.001054701628163457,1.8264981918036938e-06,0.00010377719445386901,8.077391976257786e-05,0.0002827704302035272,2.0012836102978326e-05,2.8591193768079393e-05,detoxify-unbiased
1986707135741542678,0.00036421697586774826,1.4232767853172845e-06,2.903267159126699e-05,6.824002048233524e-05,9.618767944630235e-05,1.7635993572184816e-05,1.3465962183545344e-05,detoxify-unbiased
2000276684621111643,0.10173147171735764,1.467039419367211e-05,0.0041937860660254955,0.0005304885562509298,0.060300588607788086,0.00012152206909377128,0.00037250982131808996,detoxify-unbiased
2008363487689322620,0.0008643133332952857,1.703494035609765e-06,4.945715409121476e-05,9.544531349092722e-05,0.00017465722339693457,2.5533547159284353e-05,2.144527570635546e-05,detoxify-unbiased
1986489648164565084,0.0004848989483434707,1.531308953417465e-06,2.937477984232828e-05,7.864910003263503e-05,9.447045158594847e-05,1.9414477719692513e-05,1.805252395570278e-05,detoxify-unbiased
2006503523773563021,0.00041704592877067626,1.3348586662687012e-06,2.7417072487878613e-05,6.895862316014245e-05,0.00010201763507211581,1.8962868125527166e-05,1.3049646440776996e-05,detoxify-unbiased
2001406358772740423,0.0005868356092832983,1.1539623301359825e-06,2.0109817342017777e-05,9.813206270337105e-05,0.0001422650384483859,2.7452129870653152e-05,1.2889007848571055e-05,detoxify-unbiased
1987873559923007701,0.0004067555128131062,1.29036516227643e-06,2.3560727640870027e-05,0.00011271888070041314,0.00010581572860246524,1.3305487300385721e-05,1.2672956472670194e-05,detoxify-unbiased
1988071834521325855,0.0014253577683120966,1.3994495020597242e-06,6.0301510529825464e-05,8.611332305008546e-05,0.0004039385530631989,2.211948776675854e-05,2.227318509540055e-05,detoxify-unbiased
1992061486353551365,0.0005751040298491716,1.2171020671303268e-06,2.6116991648450494e-05,8.559688285458833e-05,0.0001352676044916734,2.082612263620831e-05,1.3396025678957812e-05,detoxify-unbiased
1993966778985132247,0.004032761324197054,1.5507621355936863e-05,7.675579399801791e-05,0.001888495753519237,0.0007265989552251995,0.00032158431713469326,0.0005864070844836533,detoxify-unbiased
2001264079667966038,0.003471813863143325,1.6423516626673518e-06,7.246431050589308e-05,0.0001653590879868716,0.0008385885157622397,4.0664242987986654e-05,3.1873962143436074e-05,detoxify-unbiased
1995512978133712925,0.000784514588303864,1.2000257356703514e-06,3.2014675525715575e-05,7.737980922684073e-05,0.00019859675376210362,2.2913538487046026e-05,1.4353605365613475e-05,detoxify-unbiased
1997605450628452645,0.0009204973466694355,1.3792925983580062e-06,3.942502735299058e-05,0.0001349630329059437,0.00020830014545936137,1.9866229195031337e-05,1.585914651514031e-05,detoxify-unbiased
1997025173648691231,0.002125728642567992,3.3049411740648793e-06,5.9371039242250845e-05,0.00017452120664529502,0.0002048490132438019,0.00034403830068185925,3.89630877180025e-05,detoxify-unbiased
1992046786077159635,0.014253995381295681,1.8458322301739827e-05,0.0009026379557326436,0.0009221810614690185,0.00048101815627887845,0.00016812162357382476,0.0007086810073815286,detoxify-unbiased
1996275923616739706,0.0005698557943105698,1.0065538162962184e-06,2.1762778487754986e-05,7.032605935819447e-05,0.00016303040320053697,1.431695454812143e-05,1.2436781616997905e-05,detoxify-unbiased
2000634470660292998,0.0074004256166517735,5.195327503315639e-06,0.0004059431958012283,0.0002467291778884828,0.0014353516744449735,0.00016178860096260905,0.00010797911090776324,detoxify-unbiased
1991167151076462966,0.0003734713245648891,1.326252913713688e-06,2.3776397938490845e-05,7.438593456754461e-05,9.907031926559284e-05,1.7817063053371385e-05,1.2502066056185868e-05,detoxify-unbiased
1988993588416368906,0.0014527065213769674,2.4949856651801383e-06,6.630881398450583e-05,0.00019337866979185492,0.00041706522461026907,3.893965185852721e-05,6.488978397101164e-05,detoxify-unbiased
1990444398102925340,0.004639339167624712,3.6592364267562516e-06,0.00010031546116806567,0.0003624093078542501,0.0007466409588232636,0.0001431189593859017,7.074591849232092e-05,detoxify-unbiased
1999471378701930606,0.0013165220152586699,1.5984728634066414e-06,5.024347410653718e-05,0.00010072370787383988,0.0003004046157002449,3.3718475606292486e-05,2.8047777959727682e-05,detoxify-unbiased
2000257562164212109,0.01905645616352558,3.262106838519685e-05,0.0002683689526747912,0.016655337065458298,0.0014543633442372084,0.0002429746527923271,0.0002315327146789059,detoxify-unbiased
2001098608876179793,0.01052066870033741,8.996207179734483e-05,0.0006941983010619879,0.010464360006153584,0.0013786560157313943,0.0002846185816451907,6.420788849936798e-05,detoxify-unbiased
2005681704447389992,0.00043135223677381873,1.2255756018930697e-06,2.6368099497631192e-05,6.704664701828733e-05,0.00011312839342281222,1.660057205299381e-05,1.3232991477707401e-05,detoxify-unbiased
2005966121787154674,0.001345135155133903,1.4387389910552884e-06,3.59072582796216e-05,0.00017763450159691274,0.00030698117916472256,4.340054147178307e-05,1.554022128402721e-05,detoxify-unbiased
1989376073662877958,0.01194094680249691,6.270659014262492e-06,9.019132994581014e-05,0.004937350284308195,0.002590287011116743,7.820113387424499e-05,0.00014114529767539352,detoxify-unbiased
1985035366068273503,0.00036760864895768464,1.2784420277967001e-06,2.8184225811855868e-05,6.210662104422227e-05,0.00010433792340336367,1.3927689906267915e-05,1.2755526768160053e-05,detoxify-unbiased
1994056821187793302,0.0013542770175263286,2.5891959012369625e-06,4.611129406839609e-05,0.00022311003704089671,0.00022508173424284905,3.457468847045675e-05,5.853457696503028e-05,detoxify-unbiased
1995375612341498059,0.0007638925453647971,1.3101592912789783e-06,4.6375404053833336e-05,8.49734278745018e-05,0.00023684358166065067,1.9630628230515867e-05,1.7562852008268237e-05,detoxify-unbiased
2001046212536115278,0.00046387530164793134,1.1730816140698153e-06,2.487985693733208e-05,7.070329593261704e-05,0.0001227995817316696,1.7827123883762397e-05,1.1642840945569333e-05,detoxify-unbiased
1991197149963727209,0.001040504314005375,2.7830835733766435e-06,8.11229765531607e-05,0.00016537027840968221,0.00028903133352287114,6.449637294281274e-05,1.9878585590049624e-05,detoxify-unbiased
1985790158168342747,0.0004565149429254234,1.3058345302852103e-06,2.3355900339083746e-05,8.54557947604917e-05,0.00011572727817110717,1.9952465663664043e-05,1.4965801710786764e-05,detoxify-unbiased
1990619811139768383,0.00038508459692820907,1.3024813370066113e-06,2.626412606332451e-05,6.309097079792991e-05,0.0001026463505695574,1.533268550701905e-05,1.3333902643353213e-05,detoxify-unbiased
2005068846676279373,0.0004878680338151753,1.6959273807515274e-06,3.517611912684515e-05,7.149267185013741e-05,9.386012970935553e-05,2.0883242541458458e-05,1.666193566052243e-05,detoxify-unbiased
2005975383590486232,0.006594892591238022,2.4694340936548542e-06,0.00010346081398893148,0.00033708452247083187,0.0008901808760128915,0.00010434797877678648,4.570663804770447e-05,detoxify-unbiased
1984674683799863741,0.037094879895448685,2.3520409740740433e-05,0.00016355278785340488,0.0427117757499218,0.0026098445523530245,0.0002529459889046848,8.47329429234378e-05,detoxify-unbiased
1998426635712786681,0.00045502258581109345,1.5650145996914944e-06,3.741639739018865e-05,6.635967292822897e-05,0.00010001992632169276,1.9610344679676928e-05,1.6097770640044473e-05,detoxify-unbiased
2007741401539240167,0.0021201949566602707,8.68182451085886e-06,8.406951383221895e-05,0.0008170798537321389,0.0006030086660757661,7.278232806129381e-05,0.0002148879284504801,detoxify-unbiased
2012101510688346448,0.004051393363624811,2.7844002943311352e-06,6.113849667599425e-05,0.00026865952531807125,0.0008942516869865358,0.00013940910866949707,5.621321179205552e-05,detoxify-unbiased
2008769607147135255,0.08243530988693237,1.735072692099493e-05,0.0004188985039945692,0.0021967669017612934,0.002972383052110672,0.02038879133760929,0.00022581880330108106,detoxify-unbiased
1990618874115747867,0.000508229190018028,1.3523540474125184e-06,2.5139828721876256e-05,9.570551628712565e-05,0.00011970652121817693,2.1505918994080275e-05,1.4456306416832376e-05,detoxify-unbiased
1995959995897106870,0.0009973362321034074,1.6430691403002129e-06,3.147242750856094e-05,0.00015131611144170165,0.00018796705990098417,4.772623287863098e-05,2.0917006622767076e-05,detoxify-unbiased
2007849548505559448,0.0006022760062478483,1.237029323419847e-06,2.4979401132441126e-05,0.00015357982192654163,0.0001386188087053597,2.2213429474504665e-05,1.1308894499961752e-05,detoxify-unbiased
1998800071698117058,0.0017923281993716955,1.1795332284236792e-06,3.8059490179875866e-05,0.00011571271170396358,0.0004952214658260345,2.6915420676232316e-05,1.8151789845433086e-05,detoxify-unbiased
1989000978905899144,0.0004311793309170753,1.3559933904616628e-06,2.853127080015838e-05,7.782063039485365e-05,0.00010973781900247559,1.7138387192972004e-05,1.2961040738446172e-05,detoxify-unbiased
1991841923837898822,0.0005586438928730786,1.210339974022645e-06,2.789325480989646e-05,8.597654232289642e-05,0.0001426349044777453,1.9744275050470605e-05,1.3261592357594054e-05,detoxify-unbiased
1992056065802858751,0.0007639570394530892,1.877184331533499e-06,7.007374370004982e-05,8.227185026044026e-05,0.00018223274673800915,1.4295030268840492e-05,2.14833089557942e-05,detoxify-unbiased
1992707072685978015,0.0014867830323055387,1.704355327092344e-06,9.151424455922097e-05,0.0001030062121571973,0.0004943275707773864,1.4586148608941585e-05,2.2499994884128682e-05,detoxify-unbiased
1991702499548361183,0.0005033639026805758,1.17792797027505e-06,2.830913581419736e-05,6.352564378175884e-05,0.00014735263539478183,1.5798297681612894e-05,1.2695334589807317e-05,detoxify-unbiased
1991100114790732144,0.00041291594970971346,1.5392944305858691e-06,3.288380685262382e-05,6.565963849425316e-05,9.412202780367807e-05,1.681562753219623e-05,1.6166508430615067e-05,detoxify-unbiased
1991235134444744825,0.00223318999633193,2.144087920896709e-05,0.00015012183575890958,0.0013927440159022808,0.0007020656485110521,9.698140638647601e-05,0.00038056966150179505,detoxify-unbiased
2002182066377797695,0.0003679636574815959,1.3345137404030538e-06,2.6516549041843973e-05,6.846385804237798e-05,9.668739949120209e-05,1.5758332665427588e-05,1.271130076929694e-05,detoxify-unbiased
1987870758941475175,0.0004533377941697836,1.219139790009649e-06,2.943970321211964e-05,7.12654655217193e-05,0.00012865148892160505,1.5318772057071328e-05,1.2185585546831135e-05,detoxify-unbiased
2008802767402353011,0.0014407680137082934,1.5792669501024648e-06,4.518303830991499e-05,0.00014117584214545786,0.00027477042749524117,4.2146733903791755e-05,1.9096763935522176e-05,detoxify-unbiased
2002708030790492215,0.008809472434222698,1.2793243513442576e-05,0.00012326428259257227,0.005151266232132912,0.0010339573491364717,0.00013407476944848895,7.385546632576734e-05,detoxify-unbiased
2006194293434654849,0.00038244191091507673,1.711675508886401e-06,3.2018400816014037e-05,7.208098395494744e-05,8.259326568804681e-05,1.7717737136990763e-05,1.6107904230011627e-05,detoxify-unbiased
1997116822051570171,0.04411610960960388,6.770974778191885e-06,0.00047603331040591,0.0006364710861817002,0.012320161797106266,0.000975807779468596,0.00015886402979958802,detoxify-unbiased
1993281527526969646,0.0021410048939287663,4.289578555471962e-06,0.00012240279465913773,0.0005263488856144249,0.00045287475222721696,3.979000393883325e-05,0.00015186973905656487,detoxify-unbiased
1999190598855676028,0.0004385419306345284,1.434517685083847e-06,2.8560723876580596e-05,7.12057517375797e-05,0.00010689847113098949,2.327085894648917e-05,1.6115864127641544e-05,detoxify-unbiased
2005503299307597988,0.01946105621755123,1.8445354044160922e-06,0.00012802892888430506,0.0002866588765755296,0.010148247703909874,4.442805948201567e-05,4.1817445890046656e-05,detoxify-unbiased
1988295829170647347,0.0006750269094482064,1.22374433431105e-06,2.750438216025941e-05,7.779539737384766e-05,0.00016354763647541404,2.4392786144744605e-05,1.4526704944728408e-05,detoxify-unbiased
2003514900790837472,0.000815279723610729,1.8096110352416872e-06,5.940768096479587e-05,0.00011870815069414675,0.0001728524948703125,1.8043230738840066e-05,1.8282955352333374e-05,detoxify-unbiased
2001952613365850121,0.0004362430772744119,1.2780628821928985e-06,2.394528200966306e-05,8.12352227512747e-05,0.00010489207488717511,2.011795004364103e-05,1.1926967090403195e-05,detoxify-unbiased
2005719352931410201,0.0003579802578315139,1.405696139045176e-06,2.5660501705715433e-05,6.405884050764143e-05,8.992125367512926e-05,1.765194429026451e-05,1.330874965788098e-05,detoxify-unbiased
1997476843985805616,0.00037241820245981216,1.296647724302602e-06,2.477145244483836e-05,7.175426435424015e-05,9.997559391194955e-05,1.7851760276244022e-05,1.2069996955688111e-05,detoxify-unbiased
1997859472958460309,0.0005029363092035055,1.1026222637156025e-06,2.5025277864187956e-05,7.393178384518251e-05,0.00013585407577920705,1.7936006770469248e-05,1.0607875992718618e-05,detoxify-unbiased
1998097900782412157,0.0006940736202523112,1.3846117781213252e-06,4.4274693209445104e-05,8.752803114475682e-05,0.0001880717754829675,2.0823043087148108e-05,1.6131116353790276e-05,detoxify-unbiased
1988511930798215394,0.026923885568976402,4.4978746700508054e-06,0.00046381406718865037,0.00027308560675010085,0.01079269964247942,0.00011087422899436206,0.0001860385382315144,detoxify-unbiased
2005043989939192028,0.009314469061791897,1.0562450370343868e-05,0.0010306646581739187,0.0007119702058844268,0.0016584236873313785,0.0002150340733351186,0.00017532512720208615,detoxify-unbiased
2001935356799697043,0.000676257477607578,1.3257874798000557e-06,2.339305865461938e-05,0.000176608344190754,0.00014188313798513263,2.2504525986732915e-05,1.2930620869155973e-05,detoxify-unbiased
2002839093441667269,0.0005558774573728442,1.1171090363859548e-06,2.8698270398308523e-05,6.804364966228604e-05,0.00017481700342614204,1.4674255908175837e-05,1.2687997696048114e-05,detoxify-unbiased
2005951650989576288,0.00044223954319022596,1.2834236713388236e-06,2.413324727967847e-05,7.771413947921246e-05,0.0001091491139959544,2.2121259462437592e-05,1.2515974958660081e-05,detoxify-unbiased
1988678896553021745,0.00043460915912874043,1.3453768588078674e-06,3.377849861863069e-05,6.831040082033724e-05,0.00011552275100257248,1.6985373804345727e-05,1.4363902664626949e-05,detoxify-unbiased
1988987592600068098,0.9157074093818665,0.001696413615718484,0.010968025773763657,0.028104247525334358,0.057256508618593216,0.8034776449203491,0.0010517286136746407,detoxify-unbiased
1990876579346723254,0.1276429295539856,8.493030691170134e-06,0.0022662521805614233,0.000343389343470335,0.10234853625297546,8.637196879135445e-05,0.00020339051843620837,detoxify-unbiased
2008157486637846581,0.00047167009324766695,1.251331696039415e-06,2.8072850909666158e-05,7.316359551623464e-05,0.0001236224634340033,1.7438595023122616e-05,1.4193041351973079e-05,detoxify-unbiased
1987136167066620281,0.0035088565200567245,1.290298655476363e-06,4.8751666327007115e-05,0.00015252191224135458,0.001056272187270224,3.187417678418569e-05,2.242284062958788e-05,detoxify-unbiased
1988683496660038074,0.0005434836493805051,1.0097313634105376e-06,2.4457565814373083e-05,6.100437167333439e-05,0.000156981754116714,1.3883516658097506e-05,1.1433646250225138e-05,detoxify-unbiased
1986464361280311712,0.0046213665045797825,1.6591076928307302e-05,0.00011727889068424702,0.001870376872830093,0.0009361382690258324,0.00023909867741167545,0.00043009125511161983,detoxify-unbiased
1996060176139342123,0.0003291071916464716,1.3497656254912727e-06,2.2845943021820858e-05,7.133672625059262e-05,8.989527850644663e-05,1.698478990874719e-05,1.2322006114118267e-05,detoxify-unbiased
1986423898552795614,0.0006086232606321573,1.5676228031225037e-06,4.0680341044208035e-05,0.00010199118696618825,0.0001350918028037995,1.5027241715870332e-05,1.563616569910664e-05,detoxify-unbiased
1989674640067666322,0.010185735300183296,1.2874670574092306e-05,0.0002615309495013207,0.0004553858016151935,0.000424260477302596,6.847691111033782e-05,0.017299512401223183,detoxify-unbiased
1991056826972983314,0.0010343504836782813,3.107288421233534e-06,5.3490253776544705e-05,0.0002147310588043183,0.0002195242850575596,2.6883944883593358e-05,3.0439287002081983e-05,detoxify-unbiased
1994180914524639471,0.006709383800625801,5.373941348807421e-06,9.76841984083876e-05,0.0004369127273093909,0.0004327655187807977,0.002178726950660348,4.164885467616841e-05,detoxify-unbiased
1986467806976876846,0.0003963361377827823,1.185609676213062e-06,2.3794587832526304e-05,7.18806913937442e-05,0.00011130600614706054,1.4861040654068347e-05,1.1201815141248517e-05,detoxify-unbiased
1995883439858614490,0.0005128197371959686,2.0059660528204404e-06,3.728546289494261e-05,8.414732292294502e-05,8.27094481792301e-05,2.0969135221093893e-05,2.375260191911366e-05,detoxify-unbiased
2007456091467378957,0.0003387616598047316,1.4516086821458885e-06,2.656466676853597e-05,7.700696733081713e-05,9.002291335491464e-05,1.75874556589406e-05,1.256016821571393e-05,detoxify-unbiased
1991184636551074231,0.0007305252365767956,1.058831344380451e-06,2.4508954084012657e-05,8.961171988630667e-05,0.00020287319784983993,1.6656582374707796e-05,1.2618662367458455e-05,detoxify-unbiased
1985741444812853258,0.0007874903385527432,2.0217257770127617e-06,3.873963942169212e-05,0.0002079649711959064,0.00017513566126581281,3.7442809116328135e-05,1.4790065506531391e-05,detoxify-unbiased
1989806497241468976,0.0005493943463079631,1.2640491604543058e-06,2.2001822799211368e-05,0.00018100530724041164,0.0001183034764835611,2.018176564888563e-05,1.0956111509585753e-05,detoxify-unbiased
1992013242785292341,0.0004934013122692704,1.325968241872033e-06,2.7050697099184617e-05,9.657755435910076e-05,0.00011999496928183362,2.0108107491978444e-05,1.252199217560701e-05,detoxify-unbiased
1998387294730858751,0.009019026532769203,3.0506253096973523e-06,2.942291939689312e-05,0.013496078550815582,0.000949038949329406,5.6948305427795276e-05,3.314692366984673e-05,detoxify-unbiased
1989800135627567513,0.0005728405085392296,1.3176347692933632e-06,3.4489756217226386e-05,7.164951239246875e-05,0.0001341692841378972,1.8753658878267743e-05,2.7158224838785827e-05,detoxify-unbiased
1991748036825878738,0.0003596848400775343,1.2884063380624866e-06,2.442458389850799e-05,7.03302794136107e-05,0.00010108510468853638,1.625330696697347e-05,1.1689346138155088e-05,detoxify-unbiased
1995891223068840432,0.0007045230595394969,1.1396776926630992e-06,2.8703499992843717e-05,7.512660522479564e-05,0.00019236831576563418,2.169367508031428e-05,1.233049260918051e-05,detoxify-unbiased
2002097048535896421,0.0007308967760764062,2.0801512619073037e-06,3.570153785403818e-05,0.00015459669521078467,0.00013070509885437787,4.622590495273471e-05,2.293618854309898e-05,detoxify-unbiased
2009643396353163639,0.0004898335901089013,1.4538031791744288e-06,3.0497429179376923e-05,7.02355828252621e-05,0.00010562992974882945,1.9646584405563772e-05,1.7053544070222415e-05,detoxify-unbiased
1995660483169583558,0.18830476701259613,4.3710144382203e-05,0.0004619802348315716,0.09883119910955429,0.10734468698501587,0.000517766980919987,0.0010193430352956057,detoxify-unbiased
2008006722028183913,0.0004014447040390223,1.3455744465318276e-06,2.6511364922043867e-05,6.434536771848798e-05,0.00010379748709965497,1.84036744030891e-05,1.4118306353338994e-05,detoxify-unbiased
1991073094849421640,0.0003825576859526336,1.618589521967806e-06,2.9367609386099502e-05,7.346799975493923e-05,8.747321408009157e-05,1.9978360796812922e-05,1.5855486708460376e-05,detoxify-unbiased
1991876101480591607,0.00040430802619084716,1.2340834700808045e-06,2.6656149202608503e-05,7.557231583632529e-05,0.00010840157483471557,1.8336300854571164e-05,9.943747500074096e-06,detoxify-unbiased
1991473633248629013,0.00038710745866410434,1.4299815802587545e-06,2.729419975366909e-05,7.07745275576599e-05,9.402845898875967e-05,1.583824268891476e-05,1.2752193470078055e-05,detoxify-unbiased
2000570117009334411,0.002319260034710169,9.90747594187269e-06,7.039147021714598e-05,0.00320174521766603,0.0003766515292227268,4.669701593229547e-05,0.00025133052258752286,detoxify-unbiased
1986593342638190599,0.0006070631206966937,1.818092414396233e-06,5.773781595053151e-05,7.897053001215681e-05,0.000139209718327038,2.5098146579694003e-05,2.440921525703743e-05,detoxify-unbiased
1997011664290660811,0.0009184735827147961,2.4673483949300135e-06,4.6523262426489964e-05,0.0001093390237656422,0.00016167569265235215,6.894824036862701e-05,3.554733484634198e-05,detoxify-unbiased
2005080997868478832,0.0004078451602254063,1.3020976439293008e-06,2.802438393700868e-05,6.864671013318002e-05,0.00010606918658595532,1.676299871178344e-05,1.2920538210892119e-05,detoxify-unbiased
2003837159967768792,0.0029012744780629873,1.8846051261789398e-06,6.536570435855538e-05,0.00018668764096219093,0.0004986830172128975,7.071643631206825e-05,3.8142225093906745e-05,detoxify-unbiased
2001028868870910323,0.04330148547887802,1.3389679224928841e-05,0.00019419407180976123,0.0009947346989065409,0.0008724959916435182,0.02696753293275833,0.00011067215382354334,detoxify-unbiased
1993078364090122334,0.0031773624941706657,3.38082554662833e-06,7.136842759791762e-05,0.0018466173205524683,0.0003247437416575849,3.349617691128515e-05,4.502321098698303e-05,detoxify-unbiased
1990071680446685185,0.0008603561436757445,1.376063210045686e-06,3.608669067034498e-05,0.00011164914758410305,0.00020569826301652938,2.54429778578924e-05,1.762893225532025e-05,detoxify-unbiased
1987884893586776074,0.0016849000239744782,3.7557279028987978e-06,4.659936894313432e-05,0.0006725111161358654,0.00022447585070040077,5.627671635011211e-05,2.5656639991211705e-05,detoxify-unbiased
2001639154841514283,0.0005384601536206901,1.2332847063589725e-06,2.7683110602083616e-05,9.031008812598884e-05,0.00014734786236658692,2.0486089852056466e-05,1.2187259017082397e-05,detoxify-unbiased
1984540696641208634,0.00045182049507275224,1.5122582226467784e-06,3.0513372621499002e-05,8.216764399548993e-05,0.00010884893708862364,2.8241185646038502e-05,1.6487463653902523e-05,detoxify-unbiased
1984645638416486506,0.000389863591408357,1.3713718090002658e-06,2.7246269382885657e-05,7.443183858413249e-05,0.00010259204282192513,2.0859377400483936e-05,1.3822179425915238e-05,detoxify-unbiased
1984658076322893923,0.0004067989357281476,1.650168428568577e-06,3.87507607229054e-05,7.235928933368996e-05,9.969341044779867e-05,1.9284276277176104e-05,1.5046946828078944e-05,detoxify-unbiased
1985409172821733781,0.00043923076009377837,1.4842606788079138e-06,2.5908164388965815e-05,8.177688141586259e-05,0.00010512669541640207,2.0814368326682597e-05,1.567528124724049e-05,detoxify-unbiased
1990016800738644393,0.000676621391903609,1.350026877844357e-06,2.7401441911933944e-05,9.128275269176811e-05,0.00015359754615928978,3.0928029445931315e-05,1.7234597180504352e-05,detoxify-unbiased
1999525999298347399,0.0010277070105075836,2.2414387785829604e-06,5.841501842951402e-05,0.00015343872655648738,0.0002099747653119266,2.9515294954762794e-05,4.521821392700076e-05,detoxify-unbiased
1997350138549776825,0.45682334899902344,0.0012292577885091305,0.004131165333092213,0.5724087357521057,0.023293839767575264,0.01496144849807024,0.002284218790009618,detoxify-unbiased
2005606418481651736,0.00845695473253727,8.409197471337393e-05,0.0006280170637182891,0.009000111371278763,0.001063709962181747,0.0002999907883349806,6.642266816925257e-05,detoxify-unbiased
1992464167782281473,0.0006725024431943893,4.64501272290363e-06,7.356874266406521e-05,0.0002472352352924645,0.00012192110443720594,2.4498627681168728e-05,2.3091970433597453e-05,detoxify-unbiased
2008727678594003169,0.0010601943358778954,1.2988469961783267e-06,2.2261399863054976e-05,0.0002679315221030265,0.00023624461027793586,2.9928456569905393e-05,1.2604830772033893e-05,detoxify-unbiased
2005990846055829750,0.0018380789551883936,2.058681275229901e-06,3.36030097969342e-05,0.00037025701021775603,0.00026552885537967086,0.00013512618897948414,3.0374047128134407e-05,detoxify-unbiased
1999891879983227158,0.0019911115523427725,2.279599357279949e-06,4.273707600077614e-05,0.0005325050442479551,0.0003256328927818686,7.924293458927423e-05,2.033256350841839e-05,detoxify-unbiased
2004993575218807259,0.0057168276980519295,2.0311954358476214e-06,0.00017952609050553292,0.00012689702271018177,0.0015227579278871417,3.4998913179151714e-05,4.521553637459874e-05,detoxify-unbiased
1990135905252741132,0.00047766006900928915,1.3386422779149143e-06,2.8039139579050243e-05,8.985567546915263e-05,0.0001232459326274693,2.126291292370297e-05,1.3697386748390272e-05,detoxify-unbiased
2008895203826913464,0.0003919388400390744,1.284909217247332e-06,2.4657940230099484e-05,7.793804252287373e-05,0.00010283406300004572,1.7284717614529654e-05,1.2372827768558636e-05,detoxify-unbiased
2007435637927071982,0.0009076945134438574,1.3700528143090196e-06,4.0284405258717015e-05,8.052957855397835e-05,0.00019603325927164406,2.4388880774495192e-05,2.062468047370203e-05,detoxify-unbiased
1998752891591602626,0.003741971915587783,1.3874114301870577e-06,7.955055480124429e-05,0.00013785639021079987,0.001297307899221778,2.2445197828346863e-05,2.4358385417144746e-05,detoxify-unbiased
1996729735980679589,0.0021347447764128447,1.583698235663178e-06,7.585374260088429e-05,0.00012265166151337326,0.0006680710939690471,2.0781126295332797e-05,2.2966743927099742e-05,detoxify-unbiased
1991718943736668481,0.00866635236889124,1.9793537830992136e-06,0.00012199101183796301,0.00026091779000125825,0.0037238148506730795,5.2192655857652426e-05,7.115063635865226e-05,detoxify-unbiased
1999897674699464803,0.0005420103552751243,1.513537881692173e-06,2.7854313884745352e-05,8.805259858490899e-05,0.00011487672600196674,2.4283699531224556e-05,1.8559781892690808e-05,detoxify-unbiased
1986549382368702507,0.0007529430440627038,1.3071065723124775e-06,4.309814175940119e-05,8.773343142820522e-05,0.00019297326798550785,1.9572007659007795e-05,1.602165139047429e-05,detoxify-unbiased
2008448542659191087,0.0004366125212982297,1.4014970020070905e-06,3.163910878356546e-05,8.43493762658909e-05,0.00010976168414345011,1.7217314962181263e-05,1.3522739209292922e-05,detoxify-unbiased
1985356966131028385,0.00044401007471606135,1.1940780950681074e-06,2.0593217413988896e-05,8.313819125760347e-05,0.00011675267160171643,1.763853470038157e-05,1.1483475645945873e-05,detoxify-unbiased
2000585952373211369,0.04046814888715744,0.00041830269037745893,0.0015862248837947845,0.005547794047743082,0.007891140878200531,0.0030391498003154993,0.0005818470381200314,detoxify-unbiased
1989974020960268585,0.006626620888710022,1.274299847864313e-06,2.6830161004909314e-05,0.0006886383052915335,0.001876904396340251,4.786214776686393e-05,2.3119513571145944e-05,detoxify-unbiased
1996874756289626421,0.0005593421519733965,1.2156450566180865e-06,2.3184493329608813e-05,0.00011811648437287658,0.0001304645265918225,1.8221719074063003e-05,1.3044271327089518e-05,detoxify-unbiased
1998183384623796250,0.00038288807263597846,1.3666441418536124e-06,2.64797308773268e-05,6.372805364662781e-05,9.693767060525715e-05,1.9208142475690693e-05,1.336063360213302e-05,detoxify-unbiased
2007899571687473381,0.0009075491689145565,1.2334280654613394e-06,2.2741927750757895e-05,0.00021103974722791463,0.00018161037587560713,2.1442474462674e-05,1.631146005820483e-05,detoxify-unbiased
1997949984348750305,0.000384080020012334,1.312377776230278e-06,2.4753999241511337e-05,8.229185186792165e-05,0.00010064151865663007,1.888796941784676e-05,1.2183400940557476e-05,detoxify-unbiased
1998893632112214297,0.00036961003206670284,1.251255298484466e-06,2.1421892597572878e-05,9.059887088369578e-05,0.00010174191993428394,1.5219418855849653e-05,1.1361451470293105e-05,detoxify-unbiased
1998666037613748602,0.0003862907469738275,1.4726342669746373e-06,2.9427408662741072e-05,6.519669113913551e-05,9.155918814940378e-05,1.753391552483663e-05,1.5271920347004198e-05,detoxify-unbiased
2006355653020028995,0.0004491482104640454,1.4615852705901489e-06,2.8430342354113236e-05,8.064608118729666e-05,0.00010152473259950057,2.1570969693129882e-05,1.4047556760488078e-05,detoxify-unbiased
1984875623358349319,0.00035898893838748336,1.3415932471616543e-06,2.4239418053184636e-05,6.675719487247989e-05,9.57370939431712e-05,1.7549071344546974e-05,1.3380474229052197e-05,detoxify-unbiased
1998450328451322303,0.00035490348818711936,1.3162858749637962e-06,2.2495383745990694e-05,7.380041643045843e-05,9.637718903832138e-05,1.8167305825045332e-05,1.2582179806486238e-05,detoxify-unbiased
2000541288371040685,0.020836101844906807,8.52450557431439e-06,0.00014847249258309603,0.01414171326905489,0.0020203874446451664,0.0002325009845662862,8.967342728283256e-05,detoxify-unbiased
2000107293711438098,0.00046716214274056256,1.171534336208424e-06,2.0264442355255596e-05,0.00011277284647803754,0.00012242801312822849,1.6660394976497628e-05,1.1849103429995012e-05,detoxify-unbiased
1996297785717711025,0.0005406347336247563,1.2547577625809936e-06,2.8878370358143002e-05,7.236073724925518e-05,0.00013144576223567128,1.8845901649910957e-05,1.4308150639408268e-05,detoxify-unbiased
1994040982195868152,0.0003713399637490511,1.1995326758551528e-06,2.6635287213139236e-05,5.7248922530561686e-05,0.00010568361904006451,1.5424655430251732e-05,1.2258877177373506e-05,detoxify-unbiased
1992388580199522765,0.0006676481571048498,1.7359167259201058e-06,3.111220939899795e-05,0.00010671014752006158,0.00011999944399576634,4.543862451100722e-05,2.1127789295860566e-05,detoxify-unbiased
1990931526008135713,0.0008173002861440182,1.3240932048574905e-06,3.246524283895269e-05,8.50739743327722e-05,0.00019166033598594368,2.191207568102982e-05,1.710090145934373e-05,detoxify-unbiased
1989346989155225925,0.01147152204066515,2.029272991421749e-06,0.0001952957536559552,0.0002024596615228802,0.0046704974956810474,4.7573692427249625e-05,4.2868305172305554e-05,detoxify-unbiased
1986271772052803922,0.0011381431249901652,1.8102720105162007e-06,6.473254325101152e-05,0.00011494039063109085,0.0002457333030179143,2.4178832973120734e-05,2.8368483981466852e-05,detoxify-unbiased
1985833880012923032,0.0007310605142265558,2.7344542559148977e-06,6.062757529434748e-05,9.31668037083e-05,8.197042916435748e-05,3.030685729754623e-05,3.2761450711404905e-05,detoxify-unbiased
1992695529659089304,0.0015398220857605338,2.3979039269761415e-06,4.175428330199793e-05,0.0005186961498111486,0.00021663120423909277,4.456469105207361e-05,2.056980156339705e-05,detoxify-unbiased
2005763591908000205,0.0004799844464287162,1.2275759218027815e-06,2.9945585993118584e-05,7.404664938803762e-05,0.00013565925473812968,1.789860471035354e-05,1.2804912330466323e-05,detoxify-unbiased
1997257544633294979,0.0006329809548333287,3.1709016639069887e-06,5.660460010403767e-05,0.00013001718616578728,7.168183947214857e-05,2.6335730581195094e-05,3.071964965783991e-05,detoxify-unbiased
2011848560321417453,0.00040454225381836295,1.524052095192019e-06,3.122578709735535e-05,7.360874587902799e-05,9.550092363497242e-05,1.7580010535311885e-05,1.5208434888336342e-05,detoxify-unbiased
1985809601938231469,0.002072515431791544,1.3030156651439029e-06,4.95117565151304e-05,9.269094152841717e-05,0.0006157300667837262,2.086415042867884e-05,2.1345744244172238e-05,detoxify-unbiased
2000561179572248711,0.017512183636426926,5.7948086578107905e-06,0.0002102113503497094,0.00525760930031538,0.0038547867443412542,0.00016322765441145748,5.650536695611663e-05,detoxify-unbiased
1984548878792687745,0.0005228780792094767,1.8839691620087251e-06,5.245101419859566e-05,7.838420424377546e-05,0.00011038253433071077,2.0130366465309635e-05,1.8197615645476617e-05,detoxify-unbiased
1993362012185747931,0.019895372912287712,6.984028004808351e-06,0.0005245833308435977,0.0005461259861476719,0.0020089191384613514,8.354493911610916e-05,0.00018914646352641284,detoxify-unbiased
2008063285976092689,0.003415812738239765,7.147726591938408e-06,0.000718685972969979,0.00011524120054673404,0.00036049826303496957,5.506952584255487e-05,0.00018468854250386357,detoxify-unbiased
2007952103810224480,0.0005826567648909986,1.5007886986495578e-06,4.5337947085499763e-05,8.135678217513487e-05,0.00014241528697311878,1.7985061276704073e-05,1.511543359811185e-05,detoxify-unbiased
1987234889062596680,0.009252425283193588,7.15193382347934e-05,0.000583613000344485,0.009787918999791145,0.0011950032785534859,0.00022503903892356902,6.150919944047928e-05,detoxify-unbiased
1995080796722663470,0.00044573264312930405,1.2185038258394343e-06,2.749759005382657e-05,7.994280167622492e-05,0.00012050258374074474,1.7280019164900295e-05,1.2291912753426004e-05,detoxify-unbiased
2004683911465513459,0.0003441988956183195,1.2302925824769773e-06,2.0546920495689847e-05,7.820368045940995e-05,9.554784628562629e-05,1.7417356502846815e-05,1.1250226634729188e-05,detoxify-unbiased
1992412018167419315,0.026104750111699104,1.5068527318362612e-05,0.0017065826104953885,0.0006872365484014153,0.0036435937508940697,0.0011549823684617877,0.0003911484673153609,detoxify-unbiased
2007578775345942928,0.008836093358695507,2.284973561472725e-06,0.00022592520690523088,0.00013100268552079797,0.0037999029736965895,4.130344314035028e-05,5.0857859605457634e-05,detoxify-unbiased
1991560713060622577,0.0003925060445908457,1.4263395087255049e-06,2.6797632017405704e-05,7.631824701093137e-05,9.791949560167268e-05,1.8080007066600956e-05,1.2984819477424026e-05,detoxify-unbiased
1986533038478770379,0.0010544469114392996,1.3514516012946842e-06,4.0920676838140935e-05,9.331056935479864e-05,0.000247274583671242,2.448122904752381e-05,2.1309786461642943e-05,detoxify-unbiased
1991223231936684280,0.00413485337048769,2.0217451037751744e-06,0.0001075561303878203,0.0001630856131669134,0.0009039479191415012,5.2400719141587615e-05,5.350234641809948e-05,detoxify-unbiased
1990893250446606459,0.0010980048682540655,1.006085540211643e-06,3.009537613252178e-05,8.38691703393124e-05,0.000322764361044392,1.844950566010084e-05,1.407797299179947e-05,detoxify-unbiased
1987991105162670220,0.0022646086290478706,1.220212197949877e-06,3.537166048772633e-05,0.00020330134429968894,0.0005371624138206244,2.7523274184204638e-05,1.8211574570159428e-05,detoxify-unbiased
1989039171453771844,0.00047672330401837826,1.1991071460215608e-06,2.588423558336217e-05,6.981188926147297e-05,0.00012513139517977834,1.970901939785108e-05,1.1358505616954062e-05,detoxify-unbiased
1986922126495134153,0.0003659416688606143,1.2968134797120001e-06,2.1012954675825313e-05,8.63391105667688e-05,9.818616672419012e-05,1.7045560525730252e-05,1.2378634892229456e-05,detoxify-unbiased
1988672487308005594,0.0005876684444956481,1.306069862039294e-06,2.0750054318341427e-05,0.00023856446205172688,0.00012607361713889986,1.8008284314419143e-05,1.2443661944416817e-05,detoxify-unbiased
2000657968485056516,0.02838507480919361,5.039347797719529e-06,0.00018429277406539768,0.00152579287532717,0.004211748484522104,0.0006760670221410692,0.00011388062557671219,detoxify-unbiased
2006210618685284581,0.009312668815255165,1.9542463633115403e-05,0.0004468359693419188,0.0005751484422944486,0.0005811024457216263,9.461470472160727e-05,0.01637418381869793,detoxify-unbiased
1991431695984148841,0.0004583668487612158,2.285572691107518e-06,4.214488581055775e-05,9.610068082110956e-05,7.580464443890378e-05,2.110089008056093e-05,1.8185230146627873e-05,detoxify-unbiased
2008473625415086310,0.0008133422234095633,2.002653445742908e-06,5.838350625708699e-05,0.00011873667244799435,0.00014503458805847913,2.533267434046138e-05,2.0187848349451087e-05,detoxify-unbiased
2004607277802946583,0.00042846097494475543,1.3498350881491206e-06,2.2466632799478248e-05,9.895050607156008e-05,0.00011216434359084815,2.340680657653138e-05,1.3078474694339093e-05,detoxify-unbiased
2003234325891051988,0.00038937589852139354,1.3929703754911316e-06,2.7751890229410492e-05,6.642349762842059e-05,9.712485189083964e-05,1.7610886061447673e-05,1.3949410458735656e-05,detoxify-unbiased
2007771293194887652,0.0004907692200504243,1.2790114851668477e-06,2.8837999707320705e-05,6.805883458582684e-05,0.00012402581342030317,1.9115057511953637e-05,1.269564927497413e-05,detoxify-unbiased
1990559638773715291,0.002512893872335553,2.901609150285367e-06,6.458715506596491e-05,0.0002905267756432295,0.0003519080055411905,0.00012551368854474276,5.370528015191667e-05,detoxify-unbiased
1993975229417242833,0.00039085402386263013,1.332210786131327e-06,2.6598352633300237e-05,8.288329991046339e-05,0.00010319358989363536,1.8409695258014835e-05,1.339617847406771e-05,detoxify-unbiased
1989932643262046403,0.0007222772692330182,1.8197958979726536e-06,6.784836295992136e-05,7.814120908733457e-05,0.00017846042464952916,1.8032220395980403e-05,2.1998546799295582e-05,detoxify-unbiased
1991751600218493120,0.0003599447081796825,1.116796966016409e-06,2.039916034846101e-05,6.693861359963194e-05,0.00010119118815055117,1.5820927728782408e-05,1.0099720384459943e-05,detoxify-unbiased
1992454680744788308,0.006410557311028242,2.1016746813984355e-06,9.283450344810262e-05,0.00030388840241357684,0.0014051374746486545,6.084291453589685e-05,4.8175177653320134e-05,detoxify-unbiased
1994774095523721413,0.003050696337595582,1.6163420468728873e-06,8.009426528587937e-05,0.00017746604862622917,0.0009691372397355735,3.34792239300441e-05,3.082799958065152e-05,detoxify-unbiased
1992238776744362488,0.0018400974804535508,1.1931799690501066e-06,3.1022675102576613e-05,0.0001923565723700449,0.000428305211244151,2.9461354642990045e-05,1.7834998288890347e-05,detoxify-unbiased
1989675677579182406,0.0004100081278011203,1.278088461731386e-06,2.4616048904135823e-05,7.818100857548416e-05,0.00010535870387684554,2.2349613573169336e-05,1.2897565284220036e-05,detoxify-unbiased
1992878713235505487,0.0004449214320629835,1.9929859718104126e-06,4.080731378053315e-05,7.815089338691905e-05,8.097929821815342e-05,1.83874126378214e-05,1.895393870654516e-05,detoxify-unbiased
1994380445874553231,0.0004497299960348755,1.1590146868911688e-06,2.4398512323386967e-05,7.655697118025273e-05,0.00011168375931447372,1.853349749580957e-05,1.1448551049397793e-05,detoxify-unbiased
2003019263733289095,0.00037406745832413435,1.3257217688078526e-06,2.3066284484229982e-05,7.343984907492995e-05,9.85649530775845e-05,1.8711732991505414e-05,1.2453489944164176e-05,detoxify-unbiased
1991161036721045949,0.04673045873641968,2.42742316913791e-05,0.0005325195379555225,0.0033054936211556196,0.0014584179734811187,0.00018453452503308654,0.03364728018641472,detoxify-unbiased
1986879088456581539,0.0022620027884840965,1.4857191672490444e-06,4.465155507205054e-05,0.00015057258133310825,0.0005454834899865091,3.876588016282767e-05,3.1327792385127395e-05,detoxify-unbiased
2008829029172805661,0.0003719549858942628,1.361104636998789e-06,2.3485152269131504e-05,7.18360097380355e-05,9.174422302749008e-05,1.7863407265394926e-05,1.3612690054287668e-05,detoxify-unbiased
1985289768553337282,0.00039029939216561615,1.2753124565278995e-06,2.4172863049898297e-05,6.774840585421771e-05,0.00010290430509485304,1.739710205583833e-05,1.290723685087869e-05,detoxify-unbiased
2003815646488846576,0.1852792352437973,0.00020817804033868015,0.07324537634849548,0.008693067356944084,0.04070782661437988,0.0004975441843271255,0.0022339264396578074,detoxify-unbiased
2003793207683920186,0.0018373066559433937,1.164346826953988e-06,4.380913378554396e-05,9.33353221626021e-05,0.0005300341872498393,2.5552668375894427e-05,1.8553020709077828e-05,detoxify-unbiased
1998019782109745351,0.0005632996326312423,1.3216658771852963e-06,2.6607563995639794e-05,8.015233470359817e-05,0.0001309182698605582,2.161798329325393e-05,1.6551679436815903e-05,detoxify-unbiased
2006906629296382078,0.0005124725867062807,1.32298100652406e-06,2.9692899261135608e-05,6.90200031385757e-05,0.00013808425865136087,1.8165850633522496e-05,1.5476831322303042e-05,detoxify-unbiased
1984623298341146868,0.00036435434594750404,1.3314055422597448e-06,2.3071212126524188e-05,8.409702422795817e-05,9.691937157185748e-05,1.6394003978348337e-05,1.2182773389213253e-05,detoxify-unbiased
1990885222674501883,0.00067134975688532,1.628245627216529e-06,3.7519050238188356e-05,0.00011401057417970151,0.00013030090485699475,2.946082349808421e-05,1.9563349269446917e-05,detoxify-unbiased
2003341572683735061,0.013208885677158833,4.160819571552565e-06,0.00041916529880836606,0.0003911272215191275,0.0068348771892488,5.659581074723974e-05,0.0001660701382206753,detoxify-unbiased
1991195568152940906,0.002481072675436735,1.3344156286621e-06,4.913940210826695e-05,0.00016207547741942108,0.0006195055320858955,3.3210773835889995e-05,2.3813656298443675e-05,detoxify-unbiased
1986678719830716875,0.00035295405541546643,1.3489665207089274e-06,2.8253036362002604e-05,6.16214529145509e-05,9.929645602824166e-05,1.5812873243703507e-05,1.2313525076024234e-05,detoxify-unbiased
1989190408966902215,0.0038577006198465824,1.384742517984705e-06,4.533418541541323e-05,0.0002092720242217183,0.0009075186098925769,4.653382711694576e-05,2.569047501310706e-05,detoxify-unbiased
2000138468618273249,0.000535638362634927,1.4791058902119403e-06,2.8260259568924084e-05,0.00010005350486608222,0.00012545792560558766,2.946262429759372e-05,1.4966144590289332e-05,detoxify-unbiased
1996974793195696448,0.0003930263046640903,1.335348770226119e-06,2.655830940057058e-05,7.29904932086356e-05,0.00010627349547576159,1.7256832506973296e-05,1.355085532850353e-05,detoxify-unbiased
1985700431121563839,0.13393008708953857,0.00024814161588437855,0.0017505742143839598,0.10814978927373886,0.006702770944684744,0.005740857217460871,0.00019304154557175934,detoxify-unbiased
1998755731969815023,0.0009112543775700033,1.7085213812606526e-06,3.546292646205984e-05,0.00011633337999228388,0.0001872661814559251,5.014367707190104e-05,2.5588513381080702e-05,detoxify-unbiased
1991151194631532957,0.0049513960257172585,5.443072495836532e-06,0.00016951673023868352,0.0005588753265328705,0.0016386180650442839,4.0437476855004206e-05,7.989547157194465e-05,detoxify-unbiased
1995493219094655117,0.002466994570568204,1.717029817882576e-06,8.937736856751144e-05,0.00010237109381705523,0.0005797772319056094,3.640805880422704e-05,3.784894943237305e-05,detoxify-unbiased
2002828396334870857,0.00036444273428060114,1.3230429658506182e-06,2.661111648194492e-05,7.921626820461825e-05,9.661651711212471e-05,1.6911526472540572e-05,1.2067280295013916e-05,detoxify-unbiased
2006913967319339359,0.008931444026529789,5.9232788771623746e-06,0.0006980145117267966,0.00019969542336184531,0.0013289542403072119,0.00013873186253476888,0.00019566219998523593,detoxify-unbiased
2004137489045573877,0.002828134223818779,2.634531028888887e-06,0.00011257644655415788,0.0001782084145816043,0.0004823781782761216,9.637065522838384e-05,4.0594190068077296e-05,detoxify-unbiased
1998957911498961301,0.04873785004019737,9.451650112168863e-05,0.0005692070699296892,0.05280790105462074,0.006467622239142656,0.00041778822196647525,0.00019035795412492007,detoxify-unbiased
2003246533844594960,0.0006380243576131761,1.283989149669651e-06,3.5633882362162694e-05,7.945465040393174e-05,0.00017725853831507266,2.3739761672914028e-05,1.7887154172058217e-05,detoxify-unbiased
1998661149554884872,0.003025153186172247,2.0959041648893617e-06,0.0001220967824338004,0.0001086322299670428,0.0005960484268143773,4.2361989471828565e-05,3.6590234230970964e-05,detoxify-unbiased
1992931671964815640,0.0024780097883194685,1.16233434255264e-06,4.5957342081237584e-05,8.657754369778559e-05,0.0008280096808448434,2.4952805688371882e-05,2.1249068595352583e-05,detoxify-unbiased
1997040981623832909,0.11681004613637924,4.3712938349926844e-05,0.004558301065117121,0.0023050429299473763,0.01471733208745718,0.005495760124176741,0.0016964733367785811,detoxify-unbiased
1991605740482793885,0.00230346224270761,5.5672262533335015e-06,0.00043925040517933667,9.186905663227662e-05,0.0002772423904389143,4.4676431571133435e-05,0.0001330492814304307,detoxify-unbiased
2003105922428592160,0.00564220268279314,2.2663982690573903e-06,0.0001120140659622848,0.0006217589252628386,0.0017595490207895637,6.235354521777481e-05,4.054142118548043e-05,detoxify-unbiased
2008115668429013219,0.0010385593632236123,1.7938134533324046e-06,6.106216460466385e-05,0.00014251934771891683,0.00023804913507774472,2.125865466950927e-05,3.4691540349740535e-05,detoxify-unbiased
1989151783495594385,0.10405655950307846,0.0001284727331949398,0.00036075233947485685,0.16622227430343628,0.00829331949353218,0.0011054023634642363,0.012924383394420147,detoxify-unbiased
1991547843660632090,0.0018515157280489802,1.216759756061947e-06,3.863331221509725e-05,0.00014731934061273932,0.0005869955639354885,2.2577674826607108e-05,1.7732394553604536e-05,detoxify-unbiased
1991599027444449423,0.004175534937530756,1.5281927971955156e-06,8.369158604182303e-05,0.00014443315740209073,0.0011936682276427746,3.0036195312277414e-05,3.2065061532193795e-05,detoxify-unbiased
1994936276919726089,0.0004443322541192174,1.3197123962527257e-06,2.6966858058585785e-05,7.429880497511476e-05,0.00010425418440718204,1.9178363800165243e-05,1.3455794032779522e-05,detoxify-unbiased
1991586772267200617,0.0007105647237040102,1.1363783869455801e-06,2.8572876544785686e-05,7.236308010760695e-05,0.00019363533647265285,1.8653987353900447e-05,1.3512941222870722e-05,detoxify-unbiased
1996993279490248831,0.0017463022377341986,3.900510819221381e-06,7.777173595968634e-05,0.00025980963255278766,0.0003423425368964672,7.020625344011933e-05,7.435692532453686e-05,detoxify-unbiased
2011108613935251941,0.00910091307014227,2.53614634857513e-05,0.00013265316374599934,0.006482782308012247,0.0011969825718551874,0.0005442423280328512,0.0004584041889756918,detoxify-unbiased
1998123741650526598,0.00045936982496641576,1.7218674202013062e-06,3.0825882276985794e-05,9.127683006227016e-05,8.657465514261276e-05,1.9251605408499017e-05,1.829003667808138e-05,detoxify-unbiased
1990818651650273499,0.0005108409095555544,1.3616095202451106e-06,3.295054193586111e-05,0.00010147189459530637,0.00012710591545328498,2.177064561692532e-05,1.3113445675116964e-05,detoxify-unbiased
2002911179560141208,0.0027784225530922413,5.783005235571181e-06,0.00033940302091650665,0.00011215481936233118,0.00027477749972604215,0.00014542773715220392,0.00019790814258158207,detoxify-unbiased
1987297593353781707,0.0004191099724266678,1.2757151353071094e-06,2.374306677666027e-05,7.600050594191998e-05,0.00010958065831800923,1.7533682694192976e-05,1.2786729712388478e-05,detoxify-unbiased
1985822323828801864,0.0565202422440052,5.2107648116361815e-06,0.0006127893575467169,0.00046407897025346756,0.035593707114458084,8.961009734775871e-05,0.00022136804182082415,detoxify-unbiased
2004137684076470414,0.0006535479915328324,1.5883568948993343e-06,4.5732103899354115e-05,8.528320904588327e-05,0.00014674886188004166,2.8895919967908412e-05,1.8797079974319786e-05,detoxify-unbiased
1991758584728760774,0.0011678598821163177,4.556739440886304e-06,9.374696674058214e-05,0.00025756991817615926,0.00029762485064566135,2.9188022381276824e-05,0.00014932038902770728,detoxify-unbiased
1986295005904797953,0.008161388337612152,5.787871941720368e-06,0.0002606375783216208,0.0003912211686838418,0.0028710628394037485,6.208245758898556e-05,0.00011920417455257848,detoxify-unbiased
1989394671437595057,0.0003932500258088112,1.3580912536781398e-06,2.3774970031809062e-05,7.885585364419967e-05,0.00011120650015072897,1.9066173990722746e-05,1.2519054507720284e-05,detoxify-unbiased
2003349627148599794,0.0005345753743313253,1.196274524772889e-06,2.2778589482186362e-05,0.0001412521960446611,0.00013585291162598878,1.875262205430772e-05,1.0915042366832495e-05,detoxify-unbiased
1995921569445523645,0.0007257995894178748,1.2136734994783183e-06,3.4136064641643316e-05,7.381921022897586e-05,0.00020470043818932027,2.039099308603909e-05,1.1532247299328446e-05,detoxify-unbiased
2007456924225184083,0.0006392885698005557,1.3482758731697686e-06,3.204995664418675e-05,8.601713489042595e-05,0.00014213487156666815,2.1143290723557584e-05,1.589545536262449e-05,detoxify-unbiased
2000680207901143518,0.0004143462865613401,1.2305295058467891e-06,2.7428866815171205e-05,5.963784860796295e-05,0.00011454365449026227,1.796505785023328e-05,1.2507718565757386e-05,detoxify-unbiased
1993161262889681161,0.0007805177592672408,1.7232653135579312e-06,5.794327080366202e-05,0.00011687730875564739,0.00018204693333245814,2.523716102587059e-05,2.1582492991001345e-05,detoxify-unbiased
2005608341746188427,0.0003601684875320643,1.3027944305576966e-06,2.6575256924843416e-05,7.386673678411171e-05,9.99415569822304e-05,1.6857149603310972e-05,1.222460105054779e-05,detoxify-unbiased
1990472587919692272,0.0016384365735575557,1.2750959967888775e-06,3.067375291720964e-05,0.000161293224664405,0.0003600337659008801,4.056686884723604e-05,1.5482677554246038e-05,detoxify-unbiased
1999144059571720420,0.0007085614488460124,1.4743555993845803e-06,3.93649133911822e-05,8.621381130069494e-05,0.00014197042037267238,1.8717068087426014e-05,1.642791903577745e-05,detoxify-unbiased
1991552555306893700,0.0035836840979754925,2.1026410195190692e-06,5.569892528001219e-05,0.00024241534993052483,0.0005978363333269954,0.00012489942309912294,2.4556635253247805e-05,detoxify-unbiased
1996874843690504404,0.0004103956453036517,1.242161033587763e-06,2.74194771918701e-05,6.0188565839780495e-05,0.00011194412218173966,1.547829197079409e-05,1.364088984701084e-05,detoxify-unbiased
1987518975412994265,0.0005590314394794405,1.2257345360922045e-06,3.0383747798623517e-05,8.283865463454276e-05,0.00015065629850141704,1.7396474504494108e-05,1.299596897297306e-05,detoxify-unbiased
1991865642627006614,0.0004596937505993992,1.944174755408312e-06,4.401872865855694e-05,6.843663868494332e-05,8.48677518661134e-05,2.1367048248066567e-05,2.030651921813842e-05,detoxify-unbiased
2001281610348409022,0.0003516103606671095,1.331203748122789e-06,2.493196734576486e-05,7.057510083541274e-05,9.522421896690503e-05,1.6037198292906396e-05,1.248998160008341e-05,detoxify-unbiased
1985259146262843608,0.0006505188648588955,1.6223216334765311e-06,3.188755363225937e-05,0.00013404958008322865,0.00012335374776739627,2.3211636289488524e-05,1.831080408010166e-05,detoxify-unbiased
1988283497598120099,0.00037005270132794976,1.3733401829085778e-06,2.6581592464935966e-05,7.116984488675371e-05,9.127370140049607e-05,1.884072662505787e-05,1.2199096090625972e-05,detoxify-unbiased
1992355764783251524,0.0018142927438020706,2.8935180580447195e-06,5.6414159189444035e-05,0.0001832403795560822,0.00021574506536126137,3.197665500920266e-05,0.00041958747897297144,detoxify-unbiased
2003835302817702053,0.00048781666555441916,1.2248897292010952e-06,2.8434082196326926e-05,6.146803207229823e-05,0.00013115204637870193,1.73785156221129e-05,1.6326119293808006e-05,detoxify-unbiased
1999576433862279603,0.0004921636427752674,1.2875525499111973e-06,2.6666446501621976e-05,8.168281055986881e-05,0.00012976292055100203,1.9796840206254274e-05,1.2341857654973865e-05,detoxify-unbiased
2002871982669389846,0.0005346818943507969,2.1955272586637875e-06,4.0449238440487534e-05,8.847368735587224e-05,7.781246677041054e-05,2.325113928236533e-05,2.3382801373372786e-05,detoxify-unbiased
2004480095520538801,0.0023938356898725033,1.9446013084234437e-06,5.654935375787318e-05,0.0005443766713142395,0.0004845427756663412,4.139093653066084e-05,2.1280378859955817e-05,detoxify-unbiased
1997320540789387603,0.0011429786682128906,1.9382082427910063e-06,7.793157419655472e-05,0.0001493282034061849,0.0003057109715882689,5.0962822569999844e-05,2.6103596610482782e-05,detoxify-unbiased
1986290419869552916,0.000647721637506038,1.4682154869660735e-06,2.7358881197869778e-05,0.00011323513899696991,0.00013994691835250705,3.353392457938753e-05,1.4786764040763956e-05,detoxify-unbiased
1984840325211304218,0.000402930163545534,1.2136109717175714e-06,2.437004877720028e-05,8.386262197745964e-05,0.00011065527360187843,1.924358366522938e-05,1.1473142876639031e-05,detoxify-unbiased
1987314825857302825,0.00047028122935444117,1.4469396774074994e-06,2.6747133233584464e-05,7.670948252780363e-05,0.00011662970791803673,2.4896546165109612e-05,1.5268133211066015e-05,detoxify-unbiased
1989445224331186546,0.00036080132122151554,1.1755511195588042e-06,2.2312620785669424e-05,7.316750270547345e-05,9.658740600571036e-05,1.6408690498792566e-05,1.021834304992808e-05,detoxify-unbiased
1992480713136898525,0.0006561270565725863,1.4270131032390054e-06,4.674606680055149e-05,6.760378164472058e-05,0.0001672326761763543,1.891818283183966e-05,1.6481175407534465e-05,detoxify-unbiased
1998229742311584206,0.0005171102820895612,1.9171516214555595e-06,3.727401053765789e-05,8.037046791287139e-05,8.667237852932885e-05,2.365611908317078e-05,2.1097628632560372e-05,detoxify-unbiased
2010475832888762551,0.0005020471289753914,1.3367873634706484e-06,3.416306208237074e-05,7.206366717582569e-05,0.0001240890851477161,2.1945976186543703e-05,1.607530975888949e-05,detoxify-unbiased
1999097025447551083,0.0004551098099909723,1.7751093537299312e-06,3.535706127877347e-05,7.727649790467694e-05,8.655203419039026e-05,1.872912071121391e-05,1.9027611415367573e-05,detoxify-unbiased
2005277034570793101,0.0003806361637543887,1.2325133411650313e-06,2.6091922336490825e-05,7.220240513561293e-05,0.00010694954835344106,1.589991370565258e-05,1.2362117558950558e-05,detoxify-unbiased
1998072675420274739,0.000422024168074131,1.3306375876709353e-06,2.4042625227593817e-05,9.153431165032089e-05,0.0001024974844767712,2.2432934201788157e-05,1.4147204637993127e-05,detoxify-unbiased
2000936725124932083,0.0020103498827666044,5.756736300099874e-06,9.502166358288378e-05,0.0009327662410214543,0.0005014079506509006,4.3936484871665016e-05,3.873539390042424e-05,detoxify-unbiased
1991506432714240315,0.00045284719089977443,1.4293707408796763e-06,3.080149326706305e-05,7.858141179895028e-05,0.00010515566827962175,1.9766164768952876e-05,1.5164466276473831e-05,detoxify-unbiased
2006504682265497709,0.00048014940693974495,1.155400468633161e-06,2.23282040678896e-05,8.383135718759149e-05,0.00012839975534006953,1.9540433640941046e-05,1.1666158570733387e-05,detoxify-unbiased
1986753558516060208,0.2031387984752655,1.252071433555102e-05,0.0018907396588474512,0.0017650140216574073,0.13502751290798187,0.0002777156769298017,0.00023676366254221648,detoxify-unbiased
1987930152882282630,0.0003361642884556204,1.271540440939134e-06,2.3337708626058884e-05,7.146554708015174e-05,9.280733502237126e-05,1.666708521952387e-05,1.2013222658424638e-05,detoxify-unbiased
1992214751590404524,0.0003954123239964247,1.4217044963515946e-06,3.3980330044869334e-05,5.996925028739497e-05,0.00011158880079165101,1.4335562809719704e-05,1.5702333257650025e-05,detoxify-unbiased
1989337761288011872,0.00044387468369677663,1.435045760445064e-06,2.9863313102396205e-05,6.625249807257205e-05,0.00010286986798746511,1.9274184523965232e-05,1.778774276317563e-05,detoxify-unbiased
2003229859967852825,0.0004289415664970875,1.8588370949146338e-06,4.001626803074032e-05,6.972646224312484e-05,8.273815910797566e-05,1.9324796085129492e-05,1.8750495655694976e-05,detoxify-unbiased
2003950268086682110,0.00042987504275515676,1.2323099554123473e-06,2.9307904696906917e-05,6.453235982917249e-05,0.00012266510748304427,1.6101008441182785e-05,1.2847062862419989e-05,detoxify-unbiased
2007950199814254796,0.0005528458277694881,1.4884464007991483e-06,4.6187080442905426e-05,9.410020720679313e-05,0.00014664759510196745,1.929268182720989e-05,2.2110945792519487e-05,detoxify-unbiased
1987605603519287374,0.0005867606960237026,1.4889548083374393e-06,2.641682658577338e-05,0.0002262037160107866,0.00012276398774702102,2.1042171283625066e-05,1.5384564903797582e-05,detoxify-unbiased
1992938789119869160,0.00051476078806445,1.209527681567124e-06,2.2577867639483884e-05,8.009105658857152e-05,0.0001282516896026209,2.3958464225870557e-05,1.1249818271608092e-05,detoxify-unbiased
1985199993175654686,0.0009094583801925182,1.3071751254756236e-06,5.072325802757405e-05,5.913383938604966e-05,0.000256664352491498,1.560305099701509e-05,1.8429933334118687e-05,detoxify-unbiased
2005715301304881170,0.00037424080073833466,1.3114880630382686e-06,2.367857814533636e-05,7.403315976262093e-05,9.6703261078801e-05,1.5933261238387786e-05,1.2056030755047686e-05,detoxify-unbiased
2004541416542769390,0.0012608820106834173,5.7156589718943e-06,8.973212243290618e-05,0.00021141335309948772,0.0003643787931650877,5.0098988140234724e-05,6.125317304395139e-05,detoxify-unbiased
1995714718393401705,0.0004246280586812645,1.1573523579500034e-06,2.3359019905910827e-05,6.83842517901212e-05,0.00011602461745496839,1.7269327145186253e-05,1.1457289474492427e-05,detoxify-unbiased
2006904770699645257,0.014967790804803371,4.716163402918028e-06,0.0003357218229211867,0.0004784206103067845,0.005844835191965103,0.00013091428263578564,0.0001778751757228747,detoxify-unbiased
1990424825895006665,0.0004360308521427214,1.1514601965245674e-06,2.2021531549398787e-05,7.395956345135346e-05,0.00011462614929769188,2.0142944777035154e-05,9.868059350992553e-06,detoxify-unbiased
1992938919974121728,0.0004333806282375008,1.1410686511226231e-06,2.3139211407396942e-05,6.977348675718531e-05,0.00012468879867810756,1.622453419258818e-05,1.176337718789e-05,detoxify-unbiased
1985742845576143206,0.0004543540708255023,1.4024864185557817e-06,2.698514799703844e-05,9.45169449551031e-05,0.00010383302287664264,1.8807138985721394e-05,1.2873505511379335e-05,detoxify-unbiased
2005419376170893416,0.00038928177673369646,1.2725897704513045e-06,2.4749326257733628e-05,7.375179848168045e-05,0.00010572272731224075,1.703140515019186e-05,1.2356272236502264e-05,detoxify-unbiased
1987155455785725992,0.0005164032336324453,1.8094713141181273e-06,4.775778143084608e-05,8.720387268112972e-05,0.00011287161760265008,1.6385203707613982e-05,1.6519792552571744e-05,detoxify-unbiased
1990841382286864659,0.002110235160216689,3.5227203625254333e-06,6.555103027494624e-05,0.0005747220711782575,0.0002482930722180754,3.349515827721916e-05,2.393427894276101e-05,detoxify-unbiased
1985003320134533322,0.00038636167300865054,1.2004423979306011e-06,2.2507894755108282e-05,6.424193998100236e-05,0.0001044926539179869,1.7517286323709413e-05,1.2748983863275498e-05,detoxify-unbiased
1985033628141944964,0.0006032998207956553,1.111568053602241e-06,2.6838990379474126e-05,6.974056304898113e-05,0.0001603794953553006,1.7951339032151736e-05,1.351039009023225e-05,detoxify-unbiased
2003687222458159611,0.0003632045118138194,1.4242924635254894e-06,2.5808491045609117e-05,8.237625297624618e-05,9.336940274806693e-05,1.8545502825872973e-05,1.260769204236567e-05,detoxify-unbiased
1996870333538668668,0.00035435796598903835,1.3099268016958376e-06,2.3292750483960845e-05,6.751758337486535e-05,9.684703400125727e-05,1.8473412637831643e-05,1.2196537682029884e-05,detoxify-unbiased
2000940611222811094,0.0040333759970963,4.221500603307504e-06,8.208917279262096e-05,0.00029441993683576584,0.0003486230270937085,0.0006720994133502245,5.7447603467153385e-05,detoxify-unbiased
1984512791483498740,0.0013331121299415827,1.0517774171603378e-06,2.283402682223823e-05,0.00011625419574556872,0.0003261042002122849,2.3769483959767967e-05,1.38400118885329e-05,detoxify-unbiased
1992702987890991594,0.00035114356433041394,1.2783725651388522e-06,2.1858020772924647e-05,7.723193266429007e-05,9.683040843810886e-05,1.6335636246367358e-05,1.1114091648778412e-05,detoxify-unbiased
2004295849329709397,0.0007615257054567337,1.346980297967093e-06,3.3750962757039815e-05,8.845444972394034e-05,0.00017981938435696065,2.3344966393779032e-05,1.6813382899272256e-05,detoxify-unbiased
2006898084383531080,0.00038538002991117537,1.33980711325421e-06,2.4937580747064203e-05,6.807467434555292e-05,9.662822412792593e-05,2.037520971498452e-05,1.2913466889585834e-05,detoxify-unbiased
2005968060071481668,0.0007809239323250949,1.4395802736544283e-06,3.6017896491102874e-05,0.0001044635646394454,0.00018759840168058872,2.95768568321364e-05,1.95927350432612e-05,detoxify-unbiased
2001704179316748302,0.10669972747564316,4.218823232804425e-05,0.0018368825549259782,0.01898092031478882,0.027324948459863663,0.0008535201195627451,0.00015810028708074242,detoxify-unbiased
1991891970940080301,0.0011071665212512016,1.2949138863405096e-06,3.582496356102638e-05,0.00010021774505730718,0.00026767898816615343,2.5194045520038344e-05,1.6714997400413267e-05,detoxify-unbiased
1992357950027915312,0.0004252071084920317,1.3766065194431576e-06,2.735778434725944e-05,7.40304822102189e-05,0.00011153582454426214,2.0635599867091514e-05,1.1940601325477473e-05,detoxify-unbiased
2012137582692295017,0.00038703036261722445,1.3224890835772385e-06,2.360129656153731e-05,8.842316310619935e-05,9.8314048955217e-05,1.7876001948025078e-05,1.2493627764342818e-05,detoxify-unbiased
1988584505050050965,0.0004194613138679415,1.420135276930523e-06,3.110043326159939e-05,7.152943726396188e-05,0.00010597041546134278,1.8822802303475328e-05,1.4724962056789082e-05,detoxify-unbiased
1994549065938305067,0.0003680074878502637,1.3850515188096324e-06,2.4820255930535495e-05,7.353844557655975e-05,9.581719496054575e-05,1.653301478654612e-05,1.3917147953179665e-05,detoxify-unbiased
1999897087807217825,0.002555835759267211,2.4513856260455213e-06,5.0198646931676194e-05,0.00024623260833323,0.00034323224099352956,0.00020707337534986436,3.696544445119798e-05,detoxify-unbiased
2007965774594359802,0.0014754721196368337,1.5766410115247709e-06,5.317965042195283e-05,0.00011251559044467285,0.00028895167633891106,3.914405533578247e-05,2.5494882720522583e-05,detoxify-unbiased
1995585258440257973,0.00045217768638394773,1.2120368637624779e-06,2.4412101993220858e-05,8.60723594087176e-05,0.00011368987179594114,1.9191809769836254e-05,1.2046009942423552e-05,detoxify-unbiased
1986114684752437338,0.0003785954904742539,1.1866809472849127e-06,2.1794825443066657e-05,7.802608888596296e-05,0.0001022975193336606,1.6517335097887553e-05,1.1093230568803847e-05,detoxify-unbiased
1991548743716634719,0.0012265689438208938,1.281223603655235e-06,3.363144423929043e-05,9.940825111698359e-05,0.00029617277323268354,2.298183972015977e-05,1.8631069906405173e-05,detoxify-unbiased
1997371067741224970,0.005075414199382067,3.98817519453587e-06,0.00014288633246906102,0.0004400505276862532,0.0006687950808554888,0.0006315726786851883,4.165862992522307e-05,detoxify-unbiased
2000732593059455341,0.0004197437083348632,1.2052086049152422e-06,2.3376378521788865e-05,6.70795125188306e-05,0.00011273274867562577,1.7123127690865658e-05,1.240011533809593e-05,detoxify-unbiased
2002210490278441415,0.002359174657613039,2.340628270758316e-06,3.4127147955587134e-05,0.000793476530816406,0.0002444030833430588,7.158538937801495e-05,3.408233169466257e-05,detoxify-unbiased
1990858672184902109,0.003024602308869362,1.306644094256626e-06,5.5964112107176334e-05,0.00013103929813951254,0.0009004569728858769,2.693447459023446e-05,2.4063176169875078e-05,detoxify-unbiased
1987957505096310788,0.617475688457489,9.268465873901732e-06,0.0007245995220728219,0.0007268524495884776,0.5556254982948303,8.997107943287119e-05,0.0001836819137679413,detoxify-unbiased
1997262788037636436,0.0004330719239078462,1.552690605421958e-06,3.082550392718986e-05,7.708367775194347e-05,9.401706483913586e-05,1.7571228454471566e-05,1.4376428225659765e-05,detoxify-unbiased
2003822106425852252,0.0024453841615468264,3.3845901725726435e-06,0.00017349730478599668,0.0002079403930110857,0.0004921903018839657,3.548339009284973e-05,0.00012799292744603008,detoxify-unbiased
2012345725070282905,0.0009150085388682783,2.1708985968871275e-06,2.955424497486092e-05,0.0001404328504577279,0.00018121667380910367,7.808177178958431e-05,2.5780889700399712e-05,detoxify-unbiased
1997277098470215786,0.0004121683887206018,1.3223843779996969e-06,2.7117670470033772e-05,8.112360228551552e-05,0.00010394040873507038,1.7645195839577354e-05,1.4039091183803976e-05,detoxify-unbiased
1997289710658691446,0.00045774728641845286,1.3805270100419875e-06,2.4851970010786317e-05,8.139372221194208e-05,0.00011342197103658691,2.2218555386643857e-05,1.4178052879287861e-05,detoxify-unbiased
2006684344815923518,0.0003843233862426132,1.3057011756245629e-06,2.638980731717311e-05,6.707414286211133e-05,0.00010220118565484881,1.6443953427369706e-05,1.2539463568828069e-05,detoxify-unbiased
2009992468456935506,0.0007439541514031589,1.5913725519567379e-06,6.026174014550634e-05,7.026833918644115e-05,0.000175827372004278,1.7597873011254705e-05,1.8049564459943213e-05,detoxify-unbiased
1995333878333272130,0.0005496195517480373,2.1742844182881527e-06,4.2952440708177164e-05,9.018040873343125e-05,8.068946044659242e-05,2.5739323973539285e-05,2.3057113139657304e-05,detoxify-unbiased
1998462295618326938,0.0004168267478235066,1.1224409490750986e-06,2.6050924134324305e-05,5.9619142120936885e-05,0.00012177042663097382,1.571443681314122e-05,1.1545210327312816e-05,detoxify-unbiased
1999841692434792810,0.0008819433860480785,1.3864154198017786e-06,3.372416540514678e-05,0.00011290713882772252,0.00018142812768928707,1.9849128875648603e-05,1.9434299247222953e-05,detoxify-unbiased
1986711343991292025,0.0004948300775140524,1.618577243789332e-06,3.703968832269311e-05,8.558324771001935e-05,0.00010657306847861037,2.499441325198859e-05,1.4946489500289317e-05,detoxify-unbiased
1992865545239019818,0.008106552995741367,8.048182644415647e-05,0.0006209266139194369,0.008830278180539608,0.0009989585960283875,0.00024117324210237712,6.25968023086898e-05,detoxify-unbiased
2001082002775191703,0.0004554209590423852,1.1247641396039398e-06,2.1955856936983764e-05,7.049015403026715e-05,0.00012206932296976447,1.653478102525696e-05,1.1720333532139193e-05,detoxify-unbiased
1996301119224738055,0.0012198473559692502,2.846637698894483e-06,9.49886889429763e-05,0.0001498301135143265,0.0003198506310582161,5.444059206638485e-05,2.829699224093929e-05,detoxify-unbiased
1999188834941374636,0.0006090610986575484,1.681710955381277e-06,3.0447794415522367e-05,0.0001020374838844873,0.00011976336099905893,4.401944170240313e-05,1.5127430742722936e-05,detoxify-unbiased
1995667875076448507,0.00046518599265255034,1.2509975704233511e-06,2.7932732336921617e-05,7.559062214568257e-05,0.00012180805788375437,2.3317508748732507e-05,1.2502160643634852e-05,detoxify-unbiased
2008004632534978984,0.0012492220848798752,1.1898742968696752e-06,2.833155303960666e-05,0.00012028412311337888,0.0002872068143915385,3.0090182917774655e-05,1.43493089126423e-05,detoxify-unbiased
2004458421257752822,0.00043617718620225787,1.322921775681607e-06,3.064848715439439e-05,6.372842472046614e-05,0.00011168950732098892,1.7451855455874465e-05,1.3901177226216532e-05,detoxify-unbiased
2002401332569797052,0.00045755403698422015,1.259320470126113e-06,2.1694831957574934e-05,9.504178160568699e-05,0.00011307252862025052,1.9789686120930128e-05,1.418627562088659e-05,detoxify-unbiased
2006093960574296554,0.0005230791866779327,1.6496082935191225e-06,3.0368455554707907e-05,0.0001361313188681379,0.00010654593643266708,2.470225990691688e-05,1.3922537618782371e-05,detoxify-unbiased
1988887849127887002,0.011968222446739674,4.353195890871575e-06,6.006896001053974e-05,0.0013008094392716885,0.0009541705949231982,0.0009393265354447067,5.1077553507639095e-05,detoxify-unbiased
2003044160237097312,0.0013550834264606237,2.536959982535336e-06,0.00012516792048700154,9.906144259730354e-05,0.0002860811655409634,3.581751661840826e-05,4.418678872752935e-05,detoxify-unbiased
1991670269102940628,0.0004172893532086164,1.3870077282263082e-06,2.7434018193162046e-05,7.165703573264182e-05,9.669052815297619e-05,1.5995879948604852e-05,1.3286125977174379e-05,detoxify-unbiased
2000733767602987388,0.005350561812520027,2.741906655501225e-06,3.778918835450895e-05,0.004023964516818523,0.0006048224167898297,7.84938529250212e-05,3.14786666422151e-05,detoxify-unbiased
1985401970891637003,0.0004157057264819741,1.3315617479747743e-06,2.3725526261841878e-05,8.174312097253278e-05,0.00010766100604087114,1.802622136892751e-05,1.2270386832824443e-05,detoxify-unbiased
2000586849136652610,0.0005569224595092237,1.1612572734520654e-06,2.9576152883237228e-05,7.772377284709364e-05,0.00016724718443583697,1.768068796081934e-05,1.2288302968954667e-05,detoxify-unbiased
1990477543841931479,0.12870441377162933,0.0007831898983567953,0.001575566129758954,0.13552366197109222,0.004489379469305277,0.006907905917614698,0.0872030258178711,detoxify-unbiased
1985802540089270386,0.00038071422022767365,1.1899945775439846e-06,2.8705278964480385e-05,5.8653258747654036e-05,0.00011666598584270105,1.4834306966804434e-05,1.1107585123681929e-05,detoxify-unbiased
2000613934642888759,0.0003686151176225394,1.1642235904218978e-06,2.2490150513476692e-05,6.640353967668489e-05,0.00010532134911045432,1.6714868252165616e-05,9.889180546451826e-06,detoxify-unbiased
1984806923321962810,0.00039840408135205507,1.1962048347413656e-06,2.329310700588394e-05,6.419944111257792e-05,0.00010651424963725731,1.750708179315552e-05,1.2711470844806172e-05,detoxify-unbiased
1991329139215736925,0.0006382998544722795,1.2484340459195664e-06,3.747460141312331e-05,7.437734893755987e-05,0.00017571776697877795,1.5709762010374106e-05,1.4749724869034253e-05,detoxify-unbiased
1995148325109268620,0.02205352857708931,6.053927791072056e-06,0.0001527716958662495,0.0031347270123660564,0.0030784020200371742,0.000507853168528527,5.5785993026802316e-05,detoxify-unbiased
2007988082914562482,0.0004384400963317603,1.3462932884067413e-06,2.951439455500804e-05,8.229169179685414e-05,0.00011225678463233635,1.9027520465897396e-05,1.3515080354409292e-05,detoxify-unbiased
1987201127520018515,0.00045952267828397453,1.351839614471828e-06,3.154851219733246e-05,6.564593059010804e-05,0.00011695011198753491,1.9708360923686996e-05,1.538512333354447e-05,detoxify-unbiased
2006993648685121656,0.0005357593763619661,1.1108251101177302e-06,2.8798587663914077e-05,6.915816629771143e-05,0.00016008675447665155,1.5648336557205766e-05,1.163440629170509e-05,detoxify-unbiased
1997105393190023329,0.0005633842083625495,1.3052667782176286e-06,2.3806644094293006e-05,0.00012198322656331584,0.00013142295938450843,1.7062229744624346e-05,1.7592084986972623e-05,detoxify-unbiased
2005475569316601955,0.03069121763110161,1.7854397810879163e-05,0.0021057052072137594,0.000623951549641788,0.006326583214104176,0.00029028786229901016,0.005310811568051577,detoxify-unbiased
2000191162582446101,0.0009701662929728627,1.592151306795131e-06,3.1769661291036755e-05,0.00013536179903894663,0.00019451577099971473,4.806307697435841e-05,1.5284129403880797e-05,detoxify-unbiased
2002412639985512514,0.022533021867275238,6.289903012657305e-06,0.00047146144788712263,0.000660751829855144,0.007787014823406935,0.0004115580231882632,0.00010275545355398208,detoxify-unbiased
1991737465724453319,0.003681687405332923,4.686018201027764e-06,0.00040289750904776156,0.0002029358729487285,0.0005224730120971799,5.08696939505171e-05,0.00010003767238231376,detoxify-unbiased
1988777221557989744,0.0009088260703720152,1.0280314199917484e-06,2.91602573270211e-05,8.729298133403063e-05,0.00026120326947420835,2.2202502805157565e-05,1.3202133231970947e-05,detoxify-unbiased
1993254998746996974,0.020913686603307724,1.4900194400979672e-05,7.727863703621551e-05,0.01693580485880375,0.0019183744443580508,0.00021954125259071589,6.416430551325902e-05,detoxify-unbiased
1998797650007896295,0.00039506718167103827,1.3346867717700661e-06,3.0473878723569214e-05,6.793706415919587e-05,0.00010603683040244505,1.5995927242329344e-05,1.244772101927083e-05,detoxify-unbiased
2000782745933635902,0.021769024431705475,6.549650152010145e-06,0.00017153621593024582,0.012791361659765244,0.0031608364079147577,0.0001605000434210524,4.5833916374249384e-05,detoxify-unbiased
2003036808935080415,0.001999479718506336,2.005466740229167e-06,4.6893277612980455e-05,0.00020871643209829926,0.00029896292835474014,0.00012615430750884116,2.3344075088971294e-05,detoxify-unbiased
2007453314112467420,0.00041121096001006663,1.3132078038324835e-06,2.3515945940744132e-05,7.28814338799566e-05,9.886024781735614e-05,1.8232809452456422e-05,1.272634108318016e-05,detoxify-unbiased
2003817804647092705,0.002725547645241022,3.095141892117681e-06,0.00021274348546285182,0.00012822636927012354,0.00042904054862447083,6.224714161362499e-05,7.616615039296448e-05,detoxify-unbiased
2001343097859391794,0.00038941597449593246,1.3989357512400602e-06,2.4844270228641108e-05,8.297257591038942e-05,9.455048711970448e-05,2.09553400054574e-05,1.5065870684338734e-05,detoxify-unbiased
2004965725425860666,0.0003657447814475745,1.3380054042499978e-06,2.245320320071187e-05,7.82100178184919e-05,9.781096741789952e-05,1.8655766325537115e-05,1.1745688425435219e-05,detoxify-unbiased
1990384212390625658,0.006079809740185738,2.1739774638263043e-06,0.0001248952466994524,0.0002018829109147191,0.0014548591570928693,6.246007251320407e-05,6.0853883042000234e-05,detoxify-unbiased
2000885748644663441,0.022229019552469254,8.022904694371391e-06,0.000454793858807534,0.004228329751640558,0.006332719698548317,0.00013204978313297033,8.750199776841328e-05,detoxify-unbiased
1996386014240121101,0.0483761690557003,2.730877895373851e-05,0.00075708725489676,0.0025726601015776396,0.0020993035286664963,0.013597555458545685,0.0003181857173331082,detoxify-unbiased
1990831779419160639,0.0021180161274969578,2.2032606921129627e-06,0.00015918929420877248,0.00012141503975726664,0.0006752517656423151,2.4545679480070248e-05,3.198254489689134e-05,detoxify-unbiased
1987313523362312674,0.0005766482790932059,1.502100303696352e-06,3.19604660035111e-05,8.686756336828694e-05,0.00013626847066916525,2.3586559109389782e-05,1.745515146467369e-05,detoxify-unbiased
2005159551578812863,0.00038483465323224664,1.255612346540147e-06,2.649549423949793e-05,7.690034544793889e-05,0.00010972652671625838,1.5621453712810762e-05,1.1836726116598584e-05,detoxify-unbiased
1987934938889375999,0.001465354929678142,5.043073542765342e-06,8.921158587327227e-05,0.0002709230757318437,0.00031406254856847227,3.175460733473301e-05,6.616170867346227e-05,detoxify-unbiased
2002018760451064242,0.0007092383457347751,3.6806316074944334e-06,5.839647928951308e-05,0.0001410968543495983,0.00017345082596875727,2.42468377109617e-05,3.193999145878479e-05,detoxify-unbiased
1998700440985219172,0.00037689864984713495,1.3842235375705059e-06,2.5644138077041134e-05,7.367707439698279e-05,9.608637628844008e-05,1.6402447727159597e-05,1.3456255146593321e-05,detoxify-unbiased
2004419250253926407,0.0003680541703943163,1.269387439606362e-06,2.4827715606079437e-05,7.174756319727749e-05,0.00010070727876154706,1.6779744328232482e-05,1.2034711289743427e-05,detoxify-unbiased
1994231349213864425,0.0004619824467226863,1.3866268773199408e-06,3.472417301964015e-05,6.947047950234264e-05,0.00012086335482308641,1.6975431208265945e-05,1.3465240954246838e-05,detoxify-unbiased
2004161076250746994,0.0026085725985467434,2.9960092433611862e-06,0.0002314144221600145,0.00011469731543911621,0.0006533533451147377,4.959043508279137e-05,4.4195472582941875e-05,detoxify-unbiased
1989142939914605034,0.0004866465169470757,1.4301192550192354e-06,2.7576976208365522e-05,8.605643233750015e-05,0.00012688286369666457,2.2221374820219353e-05,1.3728275916946586e-05,detoxify-unbiased
2007883498955096115,0.0004066901747137308,1.3894358517063665e-06,2.42758724198211e-05,0.00010458235919941217,9.611139103071764e-05,2.0466251953621395e-05,1.2641402463486884e-05,detoxify-unbiased
1986570289837187166,0.0004015606245957315,1.3202385389377014e-06,2.3929829694679938e-05,7.808318332536146e-05,0.00010498004121473059,1.931974657054525e-05,1.2804717698600143e-05,detoxify-unbiased
1997998824795557937,0.0014961118577048182,8.820055882097222e-06,0.00013365023187361658,0.0002591093070805073,0.0004257069667801261,5.159574357094243e-05,0.00014930643374100327,detoxify-unbiased
1985277756444164220,0.0005529314512386918,1.391907971992623e-06,2.776922883640509e-05,0.00011001821258105338,0.00012030236393911764,2.142722405551467e-05,1.3653828318638261e-05,detoxify-unbiased
1990875885478580522,0.0006663072272203863,9.843704447121127e-07,2.3834196326788515e-05,8.160970901371911e-05,0.0001899628696264699,1.6295771274599247e-05,1.208407229569275e-05,detoxify-unbiased
2000310424324153549,0.26975032687187195,0.0006145264487713575,0.005854707211256027,0.014266006648540497,0.005865196697413921,0.015445247292518616,0.3799645006656647,detoxify-unbiased
1987992427786117456,0.00042764507816173136,1.2078585314156953e-06,2.4884200684027746e-05,7.397331501124427e-05,0.00011282018385827541,1.5566221918561496e-05,1.2398742910590954e-05,detoxify-unbiased
1996083881695469709,0.0013915839372202754,2.1125460989424028e-06,6.786026642657816e-05,0.0001069640347850509,0.0002943988947663456,5.883734775125049e-05,2.975733150378801e-05,detoxify-unbiased
2002831681514807677,0.0005527441389858723,1.2234759196871892e-06,3.17396225000266e-05,7.343101606238633e-05,0.00014853790344204754,1.7234120605280623e-05,1.3479502740665339e-05,detoxify-unbiased
1990691897556210172,0.00039881523116491735,1.3725624512517243e-06,2.4969323931145482e-05,8.618240826763213e-05,0.00010327116615371779,1.762266219884623e-05,1.2956838872923981e-05,detoxify-unbiased
2009958938645553516,0.0012155633885413408,5.4201768762141e-06,7.79225883889012e-05,0.00022239070676732808,0.0003373868821654469,6.531785038532689e-05,4.7183813876472414e-05,detoxify-unbiased
1990842314592559572,0.008414406329393387,4.112151509616524e-05,0.0003936309367418289,0.004269705619663,0.001269059837795794,0.00024996380670927465,0.0001422855129931122,detoxify-unbiased
1990477999893045595,0.6426266431808472,0.001108221709728241,0.0060708546079695225,0.31060096621513367,0.018138805404305458,0.022151941433548927,0.13137462735176086,detoxify-unbiased
1990332166534779103,0.0005298197502270341,1.1261315648880554e-06,2.46211675403174e-05,7.89283003541641e-05,0.00014813691086601466,1.8848275431082584e-05,1.1709093996614683e-05,detoxify-unbiased
2008767597936853379,0.00040460703894495964,1.2149960184615338e-06,2.4072976884781383e-05,7.157125946832821e-05,0.00011030266614397988,1.718965359032154e-05,1.2473245078581385e-05,detoxify-unbiased
1998974914284433691,0.007869849912822247,8.316038474731613e-06,0.0003077233850490302,0.0004200052935630083,0.0005502635613083839,0.0012721983948722482,0.00011633370741037652,detoxify-unbiased
2008691275197812938,0.0010964067187160254,1.7136518408733536e-06,6.025696711731143e-05,8.590540528530255e-05,0.0002880033862311393,3.4919066820293665e-05,2.35952884395374e-05,detoxify-unbiased
1995082496191680600,0.0003788605099543929,1.4249486639528186e-06,2.817976383084897e-05,7.378302689176053e-05,0.00010059881606139243,1.851526576501783e-05,1.1928217645618133e-05,detoxify-unbiased
1987589243959726587,0.00883874949067831,6.885913171572611e-05,0.0003729472227860242,0.00900078285485506,0.0009390698396600783,0.00015212887956295162,0.00030896542011760175,detoxify-unbiased
2003844015905493275,0.0018090680241584778,9.98036193777807e-06,0.00014230329543352127,0.0007006226805970073,0.00024705330724827945,3.403523805900477e-05,6.313839548965916e-05,detoxify-unbiased
2002690882038800843,0.0005339487688615918,1.204862769554893e-06,2.4742552341194823e-05,8.796725160209462e-05,0.00013102641969453543,1.882542528619524e-05,1.303260705753928e-05,detoxify-unbiased
1991969338237354321,0.0014739857288077474,1.3525914255296811e-06,4.595370410243049e-05,0.00011054811329813674,0.00037519438774324954,2.7739930374082178e-05,1.8507887943997048e-05,detoxify-unbiased
1985279464322834597,0.0003908459621015936,1.2779713642885326e-06,2.470814979460556e-05,7.129353616619483e-05,0.0001085488693206571,1.840732693381142e-05,1.3036362361162901e-05,detoxify-unbiased
2005608181955776961,0.006855955347418785,6.796237812523032e-06,0.0004217610112391412,0.0003254088223911822,0.0006162266945466399,7.477602775907144e-05,0.0005611668457277119,detoxify-unbiased
2000176062127387130,0.020039986819028854,6.064560238883132e-06,0.0004911571741104126,0.0005160226137377322,0.0045947423204779625,0.0004919009516015649,0.0001627824967727065,detoxify-unbiased
1996972627173191752,0.0005343463853932917,1.196766220346035e-06,2.4466778995702043e-05,6.776643567718565e-05,0.00013421419134829193,1.754629374772776e-05,1.4073462807573378e-05,detoxify-unbiased
2004182558821449769,0.0009077978902496397,9.901900739350822e-07,2.2022059056325816e-05,9.35067146201618e-05,0.00024085267796181142,1.9911238268832676e-05,1.1451194041001145e-05,detoxify-unbiased
1993501538023530873,0.0032320574391633272,5.21254924024106e-06,0.0003690103185363114,0.0002230049722129479,0.0004916478646919131,5.344283636077307e-05,7.246148015838116e-05,detoxify-unbiased
1996294114435105176,0.0004353947297204286,1.1934416761505418e-06,2.1562147594522685e-05,8.13033475424163e-05,0.00011578997509786859,1.671195241215173e-05,1.3240412954473868e-05,detoxify-unbiased
1992677941126562167,0.00041977092041634023,1.1816588312285603e-06,2.5753688532859087e-05,7.000655023148283e-05,0.00011991901556029916,1.4075878425501287e-05,1.206658998853527e-05,detoxify-unbiased
2007473143426744433,0.00044632895151153207,1.5874619521127897e-06,2.8142194423708133e-05,8.445416460745037e-05,9.994480933528394e-05,2.4131037207553163e-05,1.463326952944044e-05,detoxify-unbiased
1989338599679013145,0.0007164344424381852,1.1366331591489143e-06,2.8284148356760852e-05,7.151026511564851e-05,0.0001969484583241865,1.8300068404641934e-05,1.3954970199847594e-05,detoxify-unbiased
2003915060360491197,0.009419847279787064,2.751152806013124e-06,0.000332501222146675,0.00016721290012355894,0.0029243743047118187,6.194625893840566e-05,6.135489093139768e-05,detoxify-unbiased
1994049569902952784,0.0014000601368024945,1.493338913860498e-06,5.366284676711075e-05,9.154094732366502e-05,0.0003326105943415314,2.5812702006078325e-05,2.474045322742313e-05,detoxify-unbiased
1997267676389835009,0.00048259159666486084,1.2990117284061853e-06,2.518931432859972e-05,8.050539327086881e-05,0.00011646090570138767,2.3361133571597748e-05,1.310144489252707e-05,detoxify-unbiased
1987957719538520184,0.000542198948096484,1.0875907037188881e-06,2.6002893719123676e-05,7.307176565518603e-05,0.00014465850836131722,1.939325375133194e-05,9.81153152679326e-06,detoxify-unbiased
1985456367323529380,0.043645042926073074,1.439059906260809e-05,0.0001901143550639972,0.00913982093334198,0.0015751521568745375,0.0053695496171712875,0.0001020917043206282,detoxify-unbiased
1986477067408445789,0.00036845525028184056,1.3886966598875006e-06,2.4773578843451105e-05,7.736439147265628e-05,9.822398715186864e-05,1.9861645341734402e-05,1.2940095075464342e-05,detoxify-unbiased
1986477463380054335,0.00036845525028184056,1.3886966598875006e-06,2.4773578843451105e-05,7.736439147265628e-05,9.822398715186864e-05,1.9861645341734402e-05,1.2940095075464342e-05,detoxify-unbiased
1993294774611141065,0.00033918936969712377,1.3248256891529309e-06,2.2015379727235995e-05,7.88783363532275e-05,9.193636651616544e-05,1.536862509965431e-05,1.2441336366464384e-05,detoxify-unbiased
2009606005282226605,0.0005273635615594685,1.2985200328330393e-06,3.480433952063322e-05,8.18090993561782e-05,0.00014492635091301054,1.6167692592716776e-05,1.3678512004844379e-05,detoxify-unbiased
1987546659853570440,0.0003918277216143906,1.3036357131568366e-06,2.9696946512558497e-05,6.983971979934722e-05,0.00010912019206443802,1.5551740943919867e-05,1.2220521057315636e-05,detoxify-unbiased
1991823223478968560,0.0003983083588536829,1.2120391374992323e-06,2.5399995138286613e-05,6.850127101643011e-05,0.0001109810546040535,1.6050968042691238e-05,1.111837354983436e-05,detoxify-unbiased
1984748927233749230,0.987650990486145,7.227577589219436e-05,0.0012588774552568793,0.001150703290477395,0.9826184511184692,0.00016084537492133677,0.000273108045803383,detoxify-unbiased
1998660233896321269,0.0006916802376508713,1.4400470718101133e-06,3.331405605422333e-05,9.230979048879817e-05,0.00014588427438866347,2.3366837922367267e-05,1.8393797290627845e-05,detoxify-unbiased
2006549604934770746,0.0013128939317539334,2.9377865757851396e-06,5.3867213864577934e-05,0.00025783377350308,0.0003498551086522639,3.07140544464346e-05,3.5306518839206547e-05,detoxify-unbiased
1987435448567013561,0.00039916858077049255,1.1252673175476957e-06,2.4635683075757697e-05,6.467442290158942e-05,0.00011585711763473228,1.52637658175081e-05,1.1601277947193012e-05,detoxify-unbiased
1992058039235670141,0.003071238286793232,2.0285781374695944e-06,8.176931441994384e-05,0.00019510033598635346,0.0007262957515195012,0.0001230981870321557,1.5652814909117296e-05,detoxify-unbiased
1992395587023786185,0.02610468491911888,1.5068499124026857e-05,0.0017065807478502393,0.0006872358499094844,0.0036435937508940697,0.001154980156570673,0.0003911479143425822,detoxify-unbiased
2001667772603076820,0.0013706594472751021,9.749058335728478e-06,7.547465793322772e-05,0.0006541085313074291,0.0003882204182446003,7.151183672249317e-05,0.00018153851851820946,detoxify-unbiased
1994510108487778530,0.10293332487344742,7.322579040192068e-05,0.00028004456544294953,0.18140898644924164,0.007911086082458496,0.0012147374218329787,0.0023696981370449066,detoxify-unbiased
1984937432605680096,0.00044702942250296474,1.2575454775287653e-06,2.535812382120639e-05,7.558787910966203e-05,0.00011684888886520639,1.765420165611431e-05,1.560648888698779e-05,detoxify-unbiased
2001587613841404285,0.0003939173184335232,1.3026478882238735e-06,2.5943323635146953e-05,7.96913227532059e-05,0.00010344177280785516,1.722161687212065e-05,1.172194242826663e-05,detoxify-unbiased
1996069369923752174,0.0004642849089577794,1.2877884500994696e-06,2.9754468414466828e-05,6.39954669168219e-05,0.00011953837383771315,1.974772021640092e-05,1.4535880836774595e-05,detoxify-unbiased
1995142337681670442,0.00045548626803793013,1.587042447681597e-06,2.2976275431574322e-05,0.00015359987446572632,0.00010202415433013812,1.828075801313389e-05,1.4292411833594088e-05,detoxify-unbiased
1996036060929806713,0.0005402497481554747,1.4116607189862407e-06,2.6157344109378755e-05,9.281485108658671e-05,0.00012560839240904897,2.3029755539027974e-05,1.749197872413788e-05,detoxify-unbiased
1988368045438628003,0.0018255372997373343,2.129421545760124e-06,7.367834041360766e-05,0.0001552351313875988,0.00040587701369076967,6.235062755877152e-05,2.7967435016762465e-05,detoxify-unbiased
1991904112045072823,0.00037238645018078387,1.350587126580649e-06,2.5519595510559157e-05,7.832876144675538e-05,0.00010175599891226739,1.7268554074689746e-05,1.271040309802629e-05,detoxify-unbiased
1990968508738363538,0.03976916894316673,8.7115986389108e-06,0.0003701237728819251,0.0016265521990135312,0.007969629019498825,0.00018062135495711118,0.0010494205635040998,detoxify-unbiased
1987203490779701487,0.0005816876073367894,1.1108802482340252e-06,2.4989645680761896e-05,7.237930549308658e-05,0.00015950182569213212,1.7255104467039928e-05,1.357159999315627e-05,detoxify-unbiased
1988652649466511844,0.0004335531557444483,1.1128047390229767e-06,2.53462276305072e-05,6.285634299274534e-05,0.00011861298116855323,1.6529356798855588e-05,1.2453941963030957e-05,detoxify-unbiased
1990914255239958631,0.000540698179975152,1.4177509228829877e-06,2.8648726583924145e-05,8.557949331589043e-05,0.0001199431499117054,2.3931997930048965e-05,1.4279197785072029e-05,detoxify-unbiased
1987229824327340113,0.0009699709480628371,1.1994903843515203e-06,4.677942342823371e-05,6.360522820614278e-05,0.00030980841256678104,1.8160273612011224e-05,1.5282759704859927e-05,detoxify-unbiased
1998372906296832158,0.0004078531637787819,1.3010053407924715e-06,2.2253587303566746e-05,0.00010092309821629897,0.00010250795457977802,1.7428170394850895e-05,1.2218237316119485e-05,detoxify-unbiased
1985808283643330622,0.00045653065899387,1.2020668691548053e-06,2.3600192434969358e-05,9.13666226551868e-05,0.00012287618301343173,1.643600444367621e-05,1.2390303709253203e-05,detoxify-unbiased
2004014456905306440,0.0012716552009806037,2.0091902115382254e-06,0.00010060611384687945,9.129720274358988e-05,0.00026768664247356355,2.1674277377314866e-05,4.577538857120089e-05,detoxify-unbiased
1989742220896092445,0.0008990616770461202,1.0330802524549654e-06,2.4078693968476728e-05,0.0001334097032668069,0.0002039805258391425,2.3688131477683783e-05,1.4392093362403102e-05,detoxify-unbiased
1994080533270446273,0.0004726162878796458,1.3069808346699574e-06,2.6093588530784473e-05,7.152417674660683e-05,0.00011699284368660301,1.780907768988982e-05,1.4494683455268387e-05,detoxify-unbiased
2000521850200432843,0.0011440875241532922,2.164541911042761e-06,4.771681051352061e-05,0.0005134582752361894,0.00020291961845941842,2.0795421733055264e-05,2.207192846981343e-05,detoxify-unbiased
1990790520331808797,0.00046699089580215514,1.479699790252198e-06,3.2193991501117125e-05,9.189052798319608e-05,0.00011709429236361757,1.981771129067056e-05,1.436615002603503e-05,detoxify-unbiased
2003941979353502109,0.0214336346834898,2.659362507984042e-06,0.0002668437082320452,0.0002790602738969028,0.009117895737290382,5.4889373132027686e-05,8.779537165537477e-05,detoxify-unbiased
2008918298704965858,0.0004941213992424309,1.2472439721022965e-06,2.4540624508517794e-05,9.495935228187591e-05,0.00012204975064378232,2.03482159122359e-05,1.3621209291159175e-05,detoxify-unbiased
2006032879084552573,0.030529046431183815,1.1635936971288174e-05,0.00026813059230335057,0.010898451320827007,0.003013886045664549,8.971364150056615e-05,8.158823038684204e-05,detoxify-unbiased
1992695633225150660,0.000757141038775444,1.1703752988978522e-06,2.887506525439676e-05,7.535541953984648e-05,0.00018972465477418154,2.4374368877033703e-05,1.4189467947289813e-05,detoxify-unbiased
1991730919342834042,0.037089549005031586,5.966037861071527e-05,0.0003745098947547376,0.04479486867785454,0.002312036696821451,0.00037730918847955763,0.00035507758730091155,detoxify-unbiased
2007595577920332127,0.0007721724105067551,2.6584598344925325e-06,5.821776721859351e-05,9.599919576430693e-05,8.460626850137487e-05,3.086385549977422e-05,3.7518762837862596e-05,detoxify-unbiased
1986490957903372777,0.000470536615466699,1.222800506184285e-06,2.652932562341448e-05,6.451906665461138e-05,0.00012293009785935283,1.7173219021060504e-05,1.3813427358400077e-05,detoxify-unbiased
1998938923280560497,0.0005543919396586716,1.132227680500364e-06,2.5889716198435053e-05,8.251187682617456e-05,0.00015101744793355465,1.7043381376424804e-05,1.2924382644996513e-05,detoxify-unbiased
1994635316553023969,0.0004987010615877807,2.075043539662147e-06,3.310137253720313e-05,0.00014378565538208932,0.00010682214633561671,2.454240166116506e-05,1.5333094779634848e-05,detoxify-unbiased
1989857230725026266,0.003866532351821661,4.236220775055699e-06,0.00013108104758430272,0.0005790629074908793,0.0008184770122170448,0.00010134908370673656,0.00031099808984436095,detoxify-unbiased
1988692586349957447,0.001151949167251587,1.7508567680124543e-06,2.5934492441592738e-05,0.00041430286364629865,0.00021717035269830376,3.8518832297995687e-05,1.3851630683348048e-05,detoxify-unbiased
1984914887290564984,0.037837132811546326,4.455823000171222e-05,0.0007100093644112349,0.007749455515295267,0.0035029605496674776,0.00040043986518867314,0.0004179895913694054,detoxify-unbiased
1987869763083665724,0.0019231976475566626,1.1413201264076633e-06,4.090078073204495e-05,0.00010486317478353158,0.000593808654230088,2.6724899726104923e-05,1.8825818187906407e-05,detoxify-unbiased
2006723843268681807,0.0003918248985428363,1.3408910035650479e-06,2.616215897432994e-05,7.23109333193861e-05,0.00010148756700800732,1.8550721506471746e-05,1.2606705240614247e-05,detoxify-unbiased
2007522599333425619,0.0004794318228960037,1.4921332649464603e-06,3.117930464213714e-05,7.246335007948801e-05,9.702645184006542e-05,1.851728120527696e-05,1.5182060451479629e-05,detoxify-unbiased
2001978544591602053,0.0007841588230803609,1.338342258350167e-06,4.960784281138331e-05,8.148170309141278e-05,0.00022132665617391467,1.5057237760629505e-05,1.5260213331202976e-05,detoxify-unbiased
2008574046368084233,0.0004483714001253247,1.2129803508287296e-06,2.6224908651784062e-05,8.868967415764928e-05,0.0001250820205314085,1.6023193893488497e-05,1.2351159966783598e-05,detoxify-unbiased
1993715656148062571,0.0016238039825111628,2.4704422685317695e-06,3.255381670896895e-05,0.00028527548420242965,0.0002526458993088454,0.00010528168786549941,8.627277566120028e-05,detoxify-unbiased
1985264342372061426,0.00039602021570317447,1.3193699714975082e-06,2.7393865821068175e-05,6.725340790580958e-05,0.00010426492372062057,1.6109917851281352e-05,1.3042479622527026e-05,detoxify-unbiased
1993977142057607330,0.0025625231210142374,8.314596016134601e-06,6.16376637481153e-05,0.000994088128209114,0.0006899803411215544,0.00012203300138935447,0.00022404181072488427,detoxify-unbiased
1986473012888281466,0.00036331251612864435,1.3232612445790437e-06,2.412719368294347e-05,7.503668166464195e-05,9.276583296013996e-05,1.813730523281265e-05,1.2166263331891969e-05,detoxify-unbiased
1986829828482646166,0.0006666492554359138,1.1722640920197591e-06,4.057170372107066e-05,6.809674960095435e-05,0.00023142922145780176,1.46824449984706e-05,1.3166652024665382e-05,detoxify-unbiased
1987206445713268773,0.0006914812256582081,1.6473304640385322e-06,4.444483420229517e-05,8.636134589323774e-05,0.00016318874259013683,1.9129152860841714e-05,1.7244165064767003e-05,detoxify-unbiased
1987210876257210716,0.001297596376389265,1.5352203490692773e-06,7.158872904255986e-05,8.198004070436582e-05,0.0003691283636726439,2.264389331685379e-05,2.074671101581771e-05,detoxify-unbiased
1988417147304128562,0.025857731699943542,1.1389734027034137e-05,0.0002060451079159975,0.0035838561598211527,0.009827234782278538,0.00018358822853770107,0.0001451631251256913,detoxify-unbiased
1991210592355680365,0.00048040164983831346,1.3975675301480806e-06,2.9363212888711132e-05,9.130452235694975e-05,0.00012162837811047211,2.1286528863129206e-05,1.427674669685075e-05,detoxify-unbiased
1992124615003660778,0.00047820748295634985,1.2526140835689148e-06,2.5670589820947498e-05,6.927822687430307e-05,0.00010947496048174798,1.770344897522591e-05,1.1675040695990901e-05,detoxify-unbiased
1992139787156042124,0.0004113291797693819,1.3178068911656737e-06,2.3198248527478427e-05,9.679993672762066e-05,0.00010247715545119718,1.897600304801017e-05,1.3290332390170079e-05,detoxify-unbiased
1992491791157698842,0.0005225258064456284,1.1965985322603956e-06,2.977785698021762e-05,6.697308708680794e-05,0.00014283198106568307,1.735292789817322e-05,1.5001841347839218e-05,detoxify-unbiased
1996994799162003931,0.0008379790233448148,1.4802178611716954e-06,4.770229497808032e-05,9.078931907424703e-05,0.00022213364718481898,1.9930006601498462e-05,1.747860551404301e-05,detoxify-unbiased
2000610632391930087,0.02785012684762478,5.879488162463531e-05,0.0005739945336245,0.02348204143345356,0.0030458346009254456,0.0001817929878598079,0.0003420283901505172,detoxify-unbiased
1987997567104537029,0.00040566001553088427,1.2168027296866057e-06,2.5151170120807365e-05,7.254333468154073e-05,0.0001078924469766207,1.7430233128834516e-05,1.3528208910429385e-05,detoxify-unbiased
1992946288405405845,0.0037921853363513947,2.6643863293429604e-06,4.415519651956856e-05,0.003169350093230605,0.00036914876545779407,4.050034476676956e-05,2.559490894782357e-05,detoxify-unbiased
2008282232603963593,0.0004402762569952756,1.19208004889515e-06,2.3503727788920514e-05,7.353227556450292e-05,0.00011707808880601078,1.647759199840948e-05,1.2176035852462519e-05,detoxify-unbiased
1986478027824591063,0.009906010702252388,2.371319396843319e-06,9.440651774639264e-05,0.000782185175921768,0.00271627283655107,6.254930485738441e-05,2.7500685973791406e-05,detoxify-unbiased
1993291209364631580,0.0007251656497828662,1.1427599702074076e-06,3.0528593924827874e-05,8.047607116168365e-05,0.00019080680795013905,1.5973244444467127e-05,1.6505902749486268e-05,detoxify-unbiased
1994008777079869795,0.002813229337334633,2.080879312416073e-06,8.600097498856485e-05,0.00016897630121093243,0.0006690542795695364,6.916021084180102e-05,3.7357960536610335e-05,detoxify-unbiased
1995867059323109440,0.00047501883818767965,1.6219503322645323e-06,2.8871263566543348e-05,0.00010484098311280832,9.320945537183434e-05,1.9411016182857566e-05,1.5100535165402107e-05,detoxify-unbiased
1999542667760251138,0.03690984472632408,3.965923315263353e-05,0.008570019155740738,0.0005309990374371409,0.002636668737977743,0.0004163509584031999,0.012804683297872543,detoxify-unbiased
1990830062531174789,0.0008480229298584163,2.099905714203487e-06,6.573262362508103e-05,9.062687604455277e-05,0.00013730264618061483,2.1405228835646994e-05,2.533999395382125e-05,detoxify-unbiased
2001075811659735267,0.010551026090979576,9.404656884726137e-05,0.0007220326224341989,0.011132428422570229,0.0013242388376966119,0.0002748437982518226,6.629066774621606e-05,detoxify-unbiased
1987410877985722449,0.005384483374655247,5.890650936635211e-05,0.0005230306414887309,0.005064900033175945,0.0008608128991909325,0.00017472133913543075,4.615586658474058e-05,detoxify-unbiased
1999544328637808970,0.00036135915433987975,1.4348707964018104e-06,2.6791525669978e-05,6.915262929396704e-05,9.204707021126524e-05,1.730485564621631e-05,1.3542327906179707e-05,detoxify-unbiased
2002101607174213905,0.008952926844358444,0.0001302430173382163,0.0008098512189462781,0.010382933542132378,0.0013880718033760786,0.0004042644868604839,0.00038657794357277453,detoxify-unbiased
1997806506910068938,0.00036517513217404485,1.4799102245888207e-06,2.4503418899257667e-05,8.254154090536758e-05,8.846777927828953e-05,2.1122452380950563e-05,1.3358696378418244e-05,detoxify-unbiased
1997089553635856862,0.000821830180939287,1.3814343446938437e-06,5.111141945235431e-05,7.190385804278776e-05,0.00024150250828824937,1.4974182704463601e-05,1.74895776581252e-05,detoxify-unbiased
2008253900172694001,0.009213156066834927,4.51720143246348e-06,0.0005927387974224985,0.0003146451781503856,0.003422232111915946,7.506780821131542e-05,6.9925888965372e-05,detoxify-unbiased
2000543529265950779,0.01371748000383377,5.203658474783879e-06,0.0001652919308980927,0.006365926004946232,0.0027227068785578012,9.257698548026383e-05,4.875966624240391e-05,detoxify-unbiased
2000051342669230418,0.0007752942619845271,1.2858027957918239e-06,3.6003399145556614e-05,8.628306386526674e-05,0.0002065601001959294,2.2282130885287188e-05,1.6116140614030883e-05,detoxify-unbiased
1986003064973644202,0.00044582487316802144,1.2243210676388117e-06,2.4573855625931174e-05,7.34692657715641e-05,0.00011370917491149157,1.7244889022549614e-05,1.2551427971629892e-05,detoxify-unbiased
2005420085754626484,0.0006123984348960221,1.105487285713025e-06,2.220427995780483e-05,8.996456017484888e-05,0.00015239689673762769,1.576741306053009e-05,1.4644184375356417e-05,detoxify-unbiased
1985334545915248661,0.00043747638119384646,1.4018178262631409e-06,2.6002846425399184e-05,7.552310853498057e-05,0.00010219425894320011,1.8867121980292723e-05,1.3484387636708561e-05,detoxify-unbiased
2002474087055294936,0.001927949022501707,4.42561713498435e-06,0.0002046711597358808,0.0001329558144789189,0.00020708859665319324,3.705834024003707e-05,8.841675298754126e-05,detoxify-unbiased
1994899175604195388,0.009717282839119434,6.877975465613417e-06,0.0009631916764192283,0.0002729895932134241,0.0018925727345049381,7.156142964959145e-05,0.00017848714196588844,detoxify-unbiased
1989023862512620018,0.0016528363339602947,1.969731329154456e-06,3.046359597647097e-05,0.000869964889716357,0.00023732168483547866,2.8533093427540734e-05,1.8016271496890113e-05,detoxify-unbiased
1995059636672799176,0.00045941953430883586,1.2408835345922853e-06,2.0627572666853666e-05,0.00010536153422435746,0.00011170473590027541,1.971488381968811e-05,1.3255069461592939e-05,detoxify-unbiased
1990458563530207288,0.00037863501347601414,1.362825514661381e-06,2.412072899460327e-05,7.707081385888159e-05,9.825790766626596e-05,1.8383907445240766e-05,1.4610649486712646e-05,detoxify-unbiased
1995634086883274901,0.001443962100893259,2.659015081007965e-06,8.116220851661637e-05,0.00012735668860841542,0.00019315736426506191,2.8272201234358363e-05,4.0663002437213436e-05,detoxify-unbiased
2008518889945305371,0.0008087113965302706,1.1608775594140752e-06,2.6812611395143904e-05,0.00012642741785384715,0.00018470530631020665,2.0968773242202587e-05,1.4493411981675308e-05,detoxify-unbiased
1997270090857808149,0.0005308343097567558,1.538669266665238e-06,2.4203220164054073e-05,0.00010382034815847874,0.00010185704741161317,3.936341454391368e-05,1.3365451195568312e-05,detoxify-unbiased
1991272810141155627,0.0005258341552689672,1.7887280137074413e-06,3.0183296985342167e-05,0.00021215967717580497,0.00010788627696456388,1.8164828361477703e-05,1.3335454241314437e-05,detoxify-unbiased
1987656122615189781,0.00033918372355401516,1.4441784514929168e-06,2.5011340767377988e-05,6.87419596943073e-05,8.984059968497604e-05,1.7233116523129866e-05,1.3085611499263905e-05,detoxify-unbiased
1987207155385331880,0.00045348110143095255,1.304895818066143e-06,2.3918260922073387e-05,8.269635145552456e-05,0.00011653488763840869,2.2996571715339087e-05,1.2584436262841336e-05,detoxify-unbiased
2004198856112713927,0.21875238418579102,6.788001337554306e-05,0.0006907485076226294,0.23695583641529083,0.014622503891587257,0.0004451950953807682,0.00032080404344014823,detoxify-unbiased
2004668602293899293,0.0018215975724160671,4.489962975640083e-06,8.247694495366886e-05,0.0005901859258301556,0.00039747520349919796,4.778037691721693e-05,0.000215398715226911,detoxify-unbiased
1996967373312573847,0.0015916957054287195,2.2779545361117925e-06,4.1743332985788584e-05,0.0003759364481084049,0.0001976983912754804,9.533415868645534e-05,1.895795139716938e-05,detoxify-unbiased
1998427190044586224,0.0004252210783306509,1.3090676702631754e-06,3.097992521361448e-05,6.416498217731714e-05,0.00011414916662033647,1.803813938749954e-05,1.2586357115651481e-05,detoxify-unbiased
1995955253007843415,0.001444143010303378,2.4929590836109128e-06,6.798943650210276e-05,0.0001170983086922206,0.00022437892039306462,0.00010286182077834383,3.530557660269551e-05,detoxify-unbiased
1989306720644972760,0.0003969840763602406,1.2376134463920607e-06,2.761858377198223e-05,6.620740168727934e-05,0.00011255723075009882,1.3767345990345348e-05,1.1932451343454886e-05,detoxify-unbiased
2006424575949869220,0.00039234990254044533,1.2007927807644592e-06,2.291666532983072e-05,6.697705248370767e-05,0.00010828163067344576,1.550000706629362e-05,1.2486384548537899e-05,detoxify-unbiased
2008183663654060357,0.0009010294452309608,1.5480376305276877e-06,4.761498712468892e-05,0.0001057831323123537,0.00019952260481659323,2.7973837859462947e-05,2.283169851580169e-05,detoxify-unbiased
1999390758629949938,0.00045918309479020536,1.216987243424228e-06,2.215256608906202e-05,0.00010548246063990518,0.00011760118650272489,1.5629248082404956e-05,1.1873604307766072e-05,detoxify-unbiased
2007966418868830399,0.12859997153282166,5.130337012815289e-05,0.0035913269966840744,0.0015073567628860474,0.00498931435868144,0.0001920258073369041,0.12717585265636444,detoxify-unbiased
1987298599294959938,0.006259542424231768,9.189456250169314e-06,0.00010012443090090528,0.002821068512275815,0.0007687492179684341,0.00011197946150787175,4.628774695447646e-05,detoxify-unbiased
2002287148582535646,0.0006794046494178474,1.2104161442039185e-06,2.3058279111864977e-05,0.00010470180859556422,0.00014472527254838496,2.0482984837144613e-05,1.471732321078889e-05,detoxify-unbiased
1995620784702980489,0.000613728363532573,1.1251804608036764e-06,2.7006852178601548e-05,7.001076301094145e-05,0.00016575057816226035,1.7567657778272405e-05,1.3603191291622352e-05,detoxify-unbiased
1997998542418563554,0.0006753715570084751,1.2658574632951058e-06,2.6886225896305405e-05,9.511458483757451e-05,0.00015601834456901997,2.4131290047080256e-05,1.438594699720852e-05,detoxify-unbiased
1985928495256482135,0.0015449256170541048,2.6852758310269564e-06,8.752177382120863e-05,0.00024697722983546555,0.0004136643256060779,7.011271372903138e-05,2.7810412575490773e-05,detoxify-unbiased
1992581922552160348,0.0026011222507804632,5.610681455436861e-06,6.80724042467773e-05,0.0008618822903372347,0.0005166660994291306,4.910043207928538e-05,5.914968278375454e-05,detoxify-unbiased
1991923593916416223,0.0003564212820492685,1.4746340184501605e-06,2.722206227190327e-05,6.981562182772905e-05,8.809140126686543e-05,1.6152005628100596e-05,1.41976179293124e-05,detoxify-unbiased
1988970264345079984,0.0005915112560614944,1.2681653061008547e-06,2.640730599523522e-05,0.0001110771918320097,0.00015163069474510849,2.4469909476465546e-05,1.4646503586845938e-05,detoxify-unbiased
2002687868544958665,0.00043423022725619376,1.1899389846803388e-06,2.433611916785594e-05,7.474808080587536e-05,0.00011575465032365173,1.6449348549940623e-05,1.2475625226215925e-05,detoxify-unbiased
2003763419414241333,0.0006236718036234379,1.3325972076927428e-06,2.376277552684769e-05,0.0001962732058018446,0.0001294064277317375,1.9530205463524908e-05,1.1985941455350257e-05,detoxify-unbiased
2004129940858626086,0.0017906236462295055,3.09899655803747e-06,0.00010773113899631426,0.00012695099576376379,0.0003503287152852863,6.402146391337737e-05,9.135319851338863e-05,detoxify-unbiased
2006331527437643837,0.0003931375977117568,1.3997165524415323e-06,2.3055312340147793e-05,7.563128019683063e-05,9.783866698853672e-05,1.9290713680675253e-05,1.3590380149253178e-05,detoxify-unbiased
2005169610396463242,0.0014349034754559398,7.4004242378578056e-06,0.00010189737076871097,0.0002463021082803607,0.0003170420532114804,0.0001040921633830294,6.805637531215325e-05,detoxify-unbiased
2001718515733004736,0.0004926346009597182,1.3966175629320787e-06,3.1113664590520784e-05,7.16849826858379e-05,0.00012907305790577084,2.2135798644740134e-05,1.9039591279579327e-05,detoxify-unbiased
2005865343517167819,0.00038223143201321363,1.3412094403975061e-06,2.8027912776451558e-05,6.553721323143691e-05,0.00010243886208627373,1.7766127712093294e-05,1.3103668607072905e-05,detoxify-unbiased
1990880822719820150,0.0016354660037904978,1.1846342431454104e-06,5.852347021573223e-05,8.832085586618632e-05,0.0005745451780967414,2.060649603663478e-05,1.800466088752728e-05,detoxify-unbiased
1991226125465325986,0.0004354325064923614,1.1436964086897206e-06,2.4534680051147006e-05,6.446956103900447e-05,0.00012226805847603828,1.6923044313443825e-05,1.1669564628391527e-05,detoxify-unbiased
2001331345625092521,0.0004260569694451988,1.3460750096783158e-06,2.7074052923126146e-05,7.310606451937929e-05,0.00010693027434172109,1.9243565475335345e-05,1.2540181160147768e-05,detoxify-unbiased
2008044725811421445,0.0009390285704284906,1.7660030380284297e-06,5.676439104718156e-05,9.940009476849809e-05,0.0002095711388392374,3.112039848929271e-05,4.011866985820234e-05,detoxify-unbiased
1987924655466766667,0.0004010723205283284,1.1442889444879256e-06,2.3153139409259893e-05,6.303095142357051e-05,0.00010714338714024052,1.5693591194576584e-05,1.3507039511750918e-05,detoxify-unbiased
1984839831462031428,0.0008351423894055188,2.6731390789791476e-06,7.871475099818781e-05,0.00013130471052136272,0.0002333642478333786,4.7711302613606676e-05,2.2973008526605554e-05,detoxify-unbiased
1988702332910031171,0.0005431504105217755,1.150198045252182e-06,2.123673039022833e-05,9.647649130783975e-05,0.0001318093854933977,2.2819158402853645e-05,1.0339206710341386e-05,detoxify-unbiased
1998947485268709562,0.4782010316848755,0.0005825337138958275,0.027023764327168465,0.004204684868454933,0.004860712215304375,0.000377726653823629,0.8395056128501892,detoxify-unbiased
1991600413687136291,0.0029880404472351074,2.7929904717893805e-06,6.828025652794167e-05,0.0004928485723212361,0.00042959940037690103,7.080335490172729e-05,3.5031971492571756e-05,detoxify-unbiased
1999495878692794741,0.0003682707028929144,1.2138262945882161e-06,2.3211041479953565e-05,7.124038529582322e-05,0.00010450022818986326,1.6868309103301726e-05,1.1490859833429568e-05,detoxify-unbiased
1993279932093599827,0.00061258883215487,1.0406080264147022e-06,3.130339609924704e-05,8.594687096774578e-05,0.00014932123303879052,2.2513710064231418e-05,7.006457053648774e-06,detoxify-unbiased
1998662541858259022,0.001979058375582099,1.0751417903520633e-05,8.445746061624959e-05,0.0008609830983914435,0.0005405459087342024,9.506816422799602e-05,0.0002125478204106912,detoxify-unbiased
2001306550498201974,0.012806382030248642,3.8938611396588385e-05,0.0003199445491191,0.010810322128236294,0.001348620979115367,0.00013453952851705253,0.00023474426416214556,detoxify-unbiased
2000582171418067303,0.011673997156322002,6.429661880247295e-06,0.000145571626489982,0.008457362651824951,0.0013631883775815368,7.873712456785142e-05,6.023357855156064e-05,detoxify-unbiased
2000583119578239107,0.011673997156322002,6.429661880247295e-06,0.000145571626489982,0.008457362651824951,0.0013631883775815368,7.873712456785142e-05,6.023357855156064e-05,detoxify-unbiased
1991230070346727489,0.00039664743235334754,1.195225422634394e-06,2.4151941033778712e-05,6.833907536929473e-05,0.00011013934999937192,1.4898416338837706e-05,1.1737804925360251e-05,detoxify-unbiased
1991470337456755181,0.010926433838903904,4.751294454763411e-06,0.000338865676894784,0.0006043403409421444,0.0034644424449652433,6.47463821223937e-05,0.00022694814833812416,detoxify-unbiased
1986537538333634973,0.0004332951211836189,1.2282621355552692e-06,2.5908610041369684e-05,7.587668369524181e-05,0.00011434111365815625,1.778509613359347e-05,1.2371082448225934e-05,detoxify-unbiased
1989841315689820430,0.009136953391134739,2.056614903267473e-06,0.00016311438230331987,0.0001789649686543271,0.003172200173139572,4.877799074165523e-05,5.2619390771724284e-05,detoxify-unbiased
1997829131845914688,0.0004136351344641298,1.3754478231930989e-06,2.5968845875468105e-05,0.00010455504525452852,9.964864875655621e-05,1.6260795746347867e-05,1.2731222341244575e-05,detoxify-unbiased
2001531274239033553,0.008083129301667213,2.7782994038716424e-06,0.00013225228758528829,0.00020120301633141935,0.0019227253505960107,0.00012325852003414184,6.512833351735026e-05,detoxify-unbiased
1993761166019985886,0.0003641197399701923,1.3724680911764153e-06,2.3892980607342906e-05,7.456334424205124e-05,9.674375178292394e-05,1.905145290947985e-05,1.2743344086629804e-05,detoxify-unbiased
1985687890639130974,0.0005556679097935557,1.3683644510820159e-06,3.4737422538455576e-05,6.72121241223067e-05,0.00013708090409636497,2.2725344024365768e-05,1.7862948880065233e-05,detoxify-unbiased
1987200698363085110,0.00043927179649472237,1.2051925750711234e-06,2.247919110232033e-05,7.53864660509862e-05,0.00012047500786138698,1.7646492779022083e-05,1.196205266751349e-05,detoxify-unbiased
1985790215907131589,0.005183640867471695,2.4006426428968553e-06,5.186257112654857e-05,0.0018463300075381994,0.0008889485034160316,5.684917050530203e-05,2.062479870801326e-05,detoxify-unbiased
1986056470727635177,0.000545400835108012,1.9603089640440885e-06,5.44166614417918e-05,9.170092380372807e-05,0.00011159667337778956,1.9487117242533714e-05,2.0069257516297512e-05,detoxify-unbiased
1989393103371821293,0.0007591437315568328,1.5136203046495211e-06,2.5943349100998603e-05,0.0001663638249738142,0.0001545546983834356,3.625495082815178e-05,1.529106702946592e-05,detoxify-unbiased
1989702372063355090,0.0030551794916391373,1.7750093093127361e-06,8.200037700589746e-05,0.00027119184960611165,0.0008687773952260613,3.752323391381651e-05,2.1310761439963244e-05,detoxify-unbiased
1990525914602455449,0.0005174595862627029,1.3232763649284607e-06,2.7645201043924317e-05,0.0001004828154691495,0.00012369804608169943,2.1341083993320353e-05,1.3686967577086762e-05,detoxify-unbiased
2006004569755550170,0.0003681943635456264,1.3035675010542036e-06,2.2703185095451772e-05,8.157033880706877e-05,9.744518320076168e-05,1.6547890481888317e-05,1.1914735296159051e-05,detoxify-unbiased
2000557578997104870,0.00037525215884670615,1.2678677876465372e-06,2.5000039386213757e-05,7.165792339947075e-05,0.0001020139388856478,1.5377039744635113e-05,1.1733395695046056e-05,detoxify-unbiased
1994733804167045537,0.0005801796214655042,1.4485993915513973e-06,3.0404415156226605e-05,8.45519098220393e-05,0.00012243128730915487,2.8502849090727977e-05,1.4195018593454733e-05,detoxify-unbiased
1985433615262450065,0.00038352847332134843,1.4003546766616637e-06,3.090485552093014e-05,6.627284165006131e-05,9.843984298640862e-05,1.7792035578167997e-05,1.4060047760722227e-05,detoxify-unbiased
1986474617394069641,0.0003773169300984591,1.4220164530343027e-06,2.7075107936980203e-05,7.819264283170924e-05,9.861930448096246e-05,1.8464907043380663e-05,1.4432945135922637e-05,detoxify-unbiased
2005416634723229819,0.02632335014641285,1.050047194439685e-05,0.00024980990565381944,0.0010145617416128516,0.0011416923953220248,0.008693831041455269,0.00012423684529494494,detoxify-unbiased
1996635329579909188,0.0009358979878015816,1.1042617416023859e-06,3.329325409140438e-05,9.372667409479618e-05,0.00029161712154746056,1.8001912394538522e-05,1.5021769286249764e-05,detoxify-unbiased
1987231673227092480,0.0006789900944568217,1.0578684168649488e-06,2.9541453841375187e-05,7.623096462339163e-05,0.0001910684077301994,1.9385875930311158e-05,1.3467347343976144e-05,detoxify-unbiased
1994802608762929227,0.0005842357641085982,1.1749435770980199e-06,3.478641883702949e-05,7.325358456000686e-05,0.00017218448920175433,1.5300229279091582e-05,1.357504243060248e-05,detoxify-unbiased
1985750635157901409,0.0009293955517932773,2.1414980437839404e-06,3.861243021674454e-05,0.00037053771666251123,0.0001948601275216788,3.5913184547098354e-05,1.5244941096170805e-05,detoxify-unbiased
1989751412306194757,0.00040981528582051396,1.1987320931439172e-06,2.4339344236068428e-05,7.239966362249106e-05,0.0001091734811780043,1.8209229892818257e-05,1.3239958207122982e-05,detoxify-unbiased
2005841829699178586,0.0004577703948598355,1.4449650507231127e-06,4.012199860881083e-05,6.300198583630845e-05,0.00012309642625041306,1.7382792066200636e-05,1.5329498637584038e-05,detoxify-unbiased
2006022675492151391,0.0004420827317517251,1.2610461226358893e-06,2.735107955231797e-05,7.096117769833654e-05,0.0001180036852019839,1.9678387616295367e-05,1.431243526894832e-05,detoxify-unbiased
2008615271234175484,0.0004243618168402463,1.2476293704821728e-06,2.541579306125641e-05,7.411580736516044e-05,0.00011054684728151187,1.5469395293621346e-05,1.2566758414322976e-05,detoxify-unbiased
1995666307476345098,0.00042975586256943643,1.37047493353748e-06,2.7693753509083763e-05,8.474660717183724e-05,0.00011114543303847313,1.948862336575985e-05,1.3868073438061401e-05,detoxify-unbiased
1991220012493991984,0.00043641484808176756,1.2840603176300647e-06,2.8047457817592658e-05,6.530221435241401e-05,0.00011358984920661896,2.1984349587000906e-05,1.2498227988544386e-05,detoxify-unbiased
1990854157377663118,0.0028095038142055273,3.4560384847281966e-06,0.00014180454309098423,0.0001438222680008039,0.00032484563416801393,0.00010749830107670277,5.7752899010665715e-05,detoxify-unbiased
1985153329173876879,0.0003908664803020656,1.3547447679229663e-06,2.8634167392738163e-05,7.649180042790249e-05,0.00010279464913764969,1.7168356862384826e-05,1.230021553055849e-05,detoxify-unbiased
1988664376455299582,0.0003575431474018842,1.2543450793600641e-06,2.354215394007042e-05,8.090041228570044e-05,9.577901073498651e-05,1.6606938515906222e-05,1.2183725630166009e-05,detoxify-unbiased
1989807357812170944,0.0004801681498065591,1.8459412558513577e-06,4.135093331569806e-05,7.025265949778259e-05,8.6975320300553e-05,2.1375628421083093e-05,1.9034618162550032e-05,detoxify-unbiased
2003102167763145012,0.0003709332086145878,1.3335811672732234e-06,2.5737163014127873e-05,6.606776878470555e-05,9.658077760832384e-05,1.6488942492287606e-05,1.3162532923161052e-05,detoxify-unbiased
2003815219097719028,0.0012650326825678349,2.281506795043242e-06,4.571126191876829e-05,0.00016212384798564017,0.00021687030675821006,8.64791072672233e-05,2.9636797989951447e-05,detoxify-unbiased
1987635011609108881,0.0004188449529465288,1.1569385378606967e-06,2.2499052647617646e-05,6.97344439686276e-05,0.00011185587936779484,1.683119080553297e-05,1.173731197923189e-05,detoxify-unbiased
1990876407501893686,0.0003517105942592025,1.3009259873797419e-06,2.5109951820923015e-05,6.532594852615148e-05,0.00010332109377486631,1.601207441126462e-05,1.1823502973129507e-05,detoxify-unbiased
1990383100988133702,0.0004078529600519687,1.0821219120771275e-06,2.5306329916929826e-05,5.8516499848337844e-05,0.00010744747123681009,1.6138965293066576e-05,1.2855200111516751e-05,detoxify-unbiased
1989905199394157000,0.05655793100595474,4.6984056098153815e-05,0.00020005695114377886,0.11137596517801285,0.007788697257637978,0.0005125580355525017,0.0014705004869028926,detoxify-unbiased
2004451125437530154,0.0004965319531038404,1.4022430150362197e-06,2.813119499478489e-05,7.908477709861472e-05,0.00011858832294819877,2.469265200488735e-05,1.5547188013442792e-05,detoxify-unbiased
1996768146355900800,0.00035000607022084296,1.4268198356148787e-06,2.489329199306667e-05,8.300265471916646e-05,9.317951480625197e-05,1.8007252947427332e-05,1.2420376151567325e-05,detoxify-unbiased
1995685207001747633,0.001086594769731164,1.5506395811826224e-06,4.530254955170676e-05,7.831949915271252e-05,0.00022643264674115926,2.6299314413336106e-05,2.3385877284454182e-05,detoxify-unbiased
1992196816452870349,0.00040671598981134593,1.1219326552236453e-06,2.2950520360609517e-05,6.712468893965706e-05,0.00011819557403214276,1.5938672731863335e-05,1.079150206351187e-05,detoxify-unbiased
1989592974897127477,0.0006087804795242846,1.1549927876330912e-06,2.95156060019508e-05,7.110295700840652e-05,0.00015861366409808397,1.7718548406264745e-05,1.363688352284953e-05,detoxify-unbiased
1990788540112785769,0.0005568255437538028,1.447660224584979e-06,2.8362370358081535e-05,9.442389273317531e-05,0.00012879779387731105,2.3772929125698283e-05,1.4475840544037055e-05,detoxify-unbiased
1998385121242632359,0.0007512837764807045,1.327168888565211e-06,2.97129536193097e-05,0.0001797432778403163,0.00016159248480107635,2.5034609279828146e-05,1.2420352504705079e-05,detoxify-unbiased
1985801040730734813,0.0007209730101749301,1.8547892750575556e-06,3.1821997254155576e-05,0.00020453071920201182,0.000167112797498703,2.8975638997508213e-05,1.1992183317488525e-05,detoxify-unbiased
2003520696228417926,0.0006102979532442987,1.4599287396777072e-06,2.8807075068471022e-05,0.00010754218237707391,0.00013708196638617665,3.272329195169732e-05,1.692606383585371e-05,detoxify-unbiased
2008453306075766886,0.0006387230823747814,1.2059387017870904e-06,2.79591422440717e-05,9.298582881456241e-05,0.00016044802032411098,1.9663304556161165e-05,1.3725972166866995e-05,detoxify-unbiased
1992692808277483782,0.0006306583527475595,1.2139756790929823e-06,3.0385255740839057e-05,9.051330562215298e-05,0.0001586313737789169,2.1639969418174587e-05,1.1712959349097218e-05,detoxify-unbiased
2008425717428560026,0.0005572755471803248,1.0205626495007891e-06,2.4254446543636732e-05,6.69367000227794e-05,0.00016794970724731684,1.709788375592325e-05,1.0678804756025784e-05,detoxify-unbiased
1984678669374407028,0.42396220564842224,1.1988524420303293e-05,0.0017109767068177462,0.0005141532164998353,0.40293604135513306,6.250970909604803e-05,0.0005181999877095222,detoxify-unbiased
1993385679011938371,0.000988527201116085,4.042948148708092e-06,8.676334255142137e-05,0.0002640912716742605,0.00012018918641842902,2.4043702069320716e-05,2.819618930516299e-05,detoxify-unbiased
2006432762589520126,0.00035528108128346503,1.2472557955334196e-06,2.1394085706560872e-05,7.404714415315539e-05,0.00010062769433716312,1.7022604879457504e-05,1.1873831681441516e-05,detoxify-unbiased
1987268580665377052,0.00037412927486002445,1.3183436067265575e-06,2.486894663888961e-05,7.01631506672129e-05,0.00010117498459294438,1.651815364311915e-05,1.2095601960027125e-05,detoxify-unbiased
1988806828382134668,0.0003808926558122039,1.203566171170678e-06,2.5126311811618507e-05,6.510932871606201e-05,0.0001126659190049395,1.5707904822193086e-05,1.1772602192650083e-05,detoxify-unbiased
1992357412083495378,0.0005983787123113871,1.557519340167346e-06,2.8824111723224632e-05,0.00010301053407602012,0.00012307483120821416,3.841318539343774e-05,1.5288385839085095e-05,detoxify-unbiased
2008707358755540993,0.0010878220200538635,1.3753572147834348e-06,4.555789928417653e-05,8.881442045094445e-05,0.0002968059270642698,2.886876063712407e-05,2.050512921414338e-05,detoxify-unbiased
1991334008639144397,0.0010381536558270454,1.0932698160104337e-06,3.0484779927064665e-05,0.00010861752525670454,0.000302172324154526,1.7775535525288433e-05,1.3728171325055882e-05,detoxify-unbiased
2005405607562711203,0.004149282816797495,1.9901676751032937e-06,4.121039091842249e-05,0.0011678916634991765,0.0009491936070844531,4.675427044276148e-05,2.100868550769519e-05,detoxify-unbiased
1984848954501075406,0.015371444635093212,3.947663117287448e-06,0.0003489129594527185,0.0002661978069227189,0.005038094706833363,0.00014990571071393788,8.576585241826251e-05,detoxify-unbiased
1993173840126427312,0.0018984382040798664,3.497770876492723e-06,0.00010466667299624532,0.00040825342875905335,0.0004790617385879159,3.054711487493478e-05,0.00014790840214118361,detoxify-unbiased
1985913473013072032,0.0014618767891079187,1.8981711491505848e-06,8.28862248454243e-05,8.257184526883066e-05,0.00028105429373681545,2.523603143345099e-05,3.730078606167808e-05,detoxify-unbiased
1990535973147459985,0.008854729123413563,6.481993295892607e-06,6.0865604609716684e-05,0.00424147630110383,0.001088860910385847,3.890364678227343e-05,0.0001231371716130525,detoxify-unbiased
1987247319599689924,0.06020838022232056,2.798840796458535e-05,0.004111617803573608,0.0013871354749426246,0.02363380417227745,0.00043837871635332704,0.0012850766070187092,detoxify-unbiased
1994953939238691244,0.0017412977758795023,3.065162673010491e-06,8.586404146626592e-05,0.00016188350855372846,0.00033060944406315684,9.83297941274941e-05,3.973835555370897e-05,detoxify-unbiased
1984593968827367617,0.006864854600280523,3.3097037430707132e-06,0.00033556888229213655,0.0001503953681094572,0.001599039533175528,0.00010943446977762505,9.319336822954938e-05,detoxify-unbiased
2008985056149426507,0.0004388200177345425,1.3189447827244294e-06,2.674953248060774e-05,7.542076491517946e-05,0.00011267826630501077,1.90358332474716e-05,1.3075009519525338e-05,detoxify-unbiased
2004978958459101491,0.00897456519305706,2.4151388061000034e-05,0.0005178985302336514,0.0011908675078302622,0.0017253836849704385,4.315259138820693e-05,0.0003585200465749949,detoxify-unbiased
2005811819185856807,0.0006474683177657425,2.0185354969726177e-06,3.6801811802433804e-05,0.00011869275476783514,9.920910088112578e-05,2.345536086068023e-05,2.0046800273121335e-05,detoxify-unbiased
2004520960154886618,0.0005364228854887187,1.2567038538691122e-06,2.842169487848878e-05,8.512704516761005e-05,0.00013586691056843847,2.2508644178742543e-05,1.5891364455455914e-05,detoxify-unbiased
1990935250923311389,0.007827523164451122,4.145183083892334e-06,0.0001903775701066479,0.0005487322923727334,0.0010219558607786894,6.255150947254151e-05,4.793468178831972e-05,detoxify-unbiased
2006040319884742759,0.0017925405409187078,5.7489678511046804e-06,9.495790436631069e-05,0.0006558306631632149,0.0001891421270556748,3.3049771445803344e-05,2.893212513299659e-05,detoxify-unbiased
2013627651198460133,0.0003864268655888736,1.2305719110372593e-06,2.4427916287095286e-05,6.741830293321982e-05,0.00010488638508832082,1.633803367440123e-05,1.1194701073691249e-05,detoxify-unbiased
1985777450295460215,0.00041343134944327176,1.202243424813787e-06,2.4459362975903787e-05,7.591626490466297e-05,0.00011675946734612808,1.6210413377848454e-05,1.2097585567971691e-05,detoxify-unbiased
1986483948986433579,0.0009562324266880751,4.016308594145812e-06,8.985696331365034e-05,0.0001767245848895982,0.0002493727661203593,4.93121515319217e-05,3.784396540140733e-05,detoxify-unbiased
2001040347229564995,0.00036224492941983044,1.4239584515962633e-06,2.6053978217532858e-05,6.98619696777314e-05,9.202100773109123e-05,1.6363668692065403e-05,1.3005565961066168e-05,detoxify-unbiased
1994582668109885502,0.0005447885487228632,1.50065136494959e-06,2.9288790756254457e-05,0.00010128580470336601,0.0001183250205940567,2.848035546776373e-05,1.4758729776076507e-05,detoxify-unbiased
2006171746324369809,0.006461781449615955,2.140526248695096e-06,0.0002059476828435436,0.00014872655447106808,0.002094551920890808,2.9930115488241427e-05,4.473969966056757e-05,detoxify-unbiased
2007910829895647585,0.000497331959195435,1.3909379958931822e-06,3.0913317459635437e-05,7.48075544834137e-05,0.00011297919263597578,1.8016184185398743e-05,1.563762634759769e-05,detoxify-unbiased
2003828907661783426,0.001230210647918284,1.4786756992180017e-06,4.759746298077516e-05,0.00010158110671909526,0.0002603137108962983,3.429418575251475e-05,1.8445969544700347e-05,detoxify-unbiased
1990443110594138183,0.00036328431451693177,1.288527869292011e-06,2.0098465029150248e-05,8.30634671729058e-05,9.45768115343526e-05,1.9374710973352194e-05,1.1623426871665288e-05,detoxify-unbiased
2000930760186818871,0.00045036361552774906,1.4938459571567364e-06,2.780439353955444e-05,8.627664647065103e-05,0.00010937260231003165,2.669639616215136e-05,1.407466970704263e-05,detoxify-unbiased
1985811591556915630,0.0017432053573429585,8.325354428961873e-06,0.00012717927165795118,0.0002677183074411005,0.0005021093529649079,5.4482505220221356e-05,9.676007175585255e-05,detoxify-unbiased
1998045966952497270,0.03933088853955269,8.222471478802618e-06,0.0008452365873381495,0.0012046259362250566,0.014162255451083183,0.00026050565065816045,0.0004002730711363256,detoxify-unbiased
1991941959670530449,0.0006022689049132168,1.07809751170862e-06,2.1720046788686886e-05,7.435536826960742e-05,0.00015719413931947201,1.6980238797259517e-05,1.1334785085637122e-05,detoxify-unbiased
1993393545294791096,0.000399684882722795,1.3584487987827742e-06,2.6455349143361673e-05,9.039073484018445e-05,0.00010105426190420985,1.6942405636655167e-05,1.262749810848618e-05,detoxify-unbiased
2002820040375333218,0.0004335023113526404,1.3837075130140875e-06,2.557180414441973e-05,8.312400314025581e-05,0.00010663214197847992,2.038119600911159e-05,1.3804078662360553e-05,detoxify-unbiased
1991938557997621354,0.0012320064706727862,1.8941349253509543e-06,3.376615859451704e-05,0.0006298546795733273,0.0001923360541695729,2.4623423087177798e-05,1.687374788161833e-05,detoxify-unbiased
1987869501442920735,0.9724888205528259,3.583832585718483e-05,0.001019495539367199,0.0008650808595120907,0.9645964503288269,0.00011286020890111104,0.0001515616022516042,detoxify-unbiased
1994996206309712001,0.0004292117082513869,1.4974376654208754e-06,2.7404419597587548e-05,9.475699334871024e-05,9.563946514390409e-05,1.6918880646699108e-05,1.4850018487777561e-05,detoxify-unbiased
2000600536933077478,0.01655292883515358,8.916579645301681e-06,0.0005657246802002192,0.0014694988494738936,0.002919033169746399,7.718179404037073e-05,0.00016600554226897657,detoxify-unbiased
2001727534845587458,0.00034872378455474973,1.3159533409634605e-06,2.4279232093249448e-05,6.50041110930033e-05,9.670528379501775e-05,1.6279740520985797e-05,1.1690839528455399e-05,detoxify-unbiased
1994891762591035692,0.0005104128504171968,1.479811317040003e-06,3.163744986522943e-05,7.184758578659967e-05,0.0001021125353872776,2.2675076252198778e-05,1.4737380297447089e-05,detoxify-unbiased
1992577048787734953,0.0009872885420918465,8.474244168610312e-06,0.00010446326632518321,0.00029420919599942863,0.0002729159314185381,4.451053973753005e-05,9.784678695723414e-05,detoxify-unbiased
1987284372568088676,0.000901697960216552,1.3524096402761643e-06,2.5025870854733512e-05,0.0001654650695854798,0.00019163530669175088,3.404010567464866e-05,1.6594509361311793e-05,detoxify-unbiased
1988287641704710308,0.023740559816360474,5.306786533765262e-06,0.0006469674408435822,0.0004822034970857203,0.0057782516814768314,8.775008609518409e-05,0.00010295632091583684,detoxify-unbiased
2000166258298265752,0.0004520044312812388,1.1410066917960648e-06,2.2843350961920805e-05,8.384350803680718e-05,0.0001257506519323215,1.6301024515996687e-05,1.1482447007438168e-05,detoxify-unbiased
1994858504700498374,0.002485009143128991,1.0889089026022702e-06,4.124841507291421e-05,0.0001120322267524898,0.0009503872715868056,2.0551329726004042e-05,1.5925073967082426e-05,detoxify-unbiased
1995372528349389156,0.008632201701402664,1.6657127162034158e-06,9.511395910521969e-05,0.00020051011233590543,0.0035774866119027138,4.249980702297762e-05,3.528685920173302e-05,detoxify-unbiased
1998097847535751346,0.0006114079151302576,1.7262013898289297e-06,4.2213345295749605e-05,0.0001115236955229193,0.00013481859059538692,2.8466560252127238e-05,1.76427565747872e-05,detoxify-unbiased
2009979638517256378,0.20315013825893402,5.779548882856034e-05,0.001134816906414926,0.00396926561370492,0.0030174788553267717,0.08769536018371582,0.00025927292881533504,detoxify-unbiased
2004709726215352406,0.0012107971124351025,1.8616134411786334e-06,3.40735241479706e-05,0.00016243317804764956,0.00018558089504949749,0.00010474733426235616,1.6959767890512012e-05,detoxify-unbiased
2006902113629040989,0.0007043706718832254,1.280538299397449e-06,3.193423617631197e-05,0.00011361627548467368,0.00020084324933122844,1.9238501408835873e-05,1.7283711713389494e-05,detoxify-unbiased
1992584591870242820,0.08745621144771576,1.413320660503814e-05,0.0010153029579669237,0.005943722557276487,0.04862109199166298,0.00012222888472024351,0.0009114115382544696,detoxify-unbiased
1998926324707029292,0.00045233353739604354,1.4909581977917696e-06,3.337211819598451e-05,6.733233749400824e-05,0.00010521906369831413,2.1275611288729124e-05,1.599255483597517e-05,detoxify-unbiased
1995576589434892764,0.0008430851739831269,3.644306616479298e-06,0.00010306760668754578,0.00015144776261877269,0.00022397388238459826,6.118800956755877e-05,3.5564695281209424e-05,detoxify-unbiased
2002532019419464090,0.04755955561995506,0.00029412226285785437,0.0010224924189969897,0.08180335909128189,0.004884594585746527,0.0008846198325045407,0.0008680169121362269,detoxify-unbiased
1991187467500949873,0.018483197316527367,4.760147476190468e-06,0.00017559599655214697,0.00456807529553771,0.004691070411354303,6.88626168994233e-05,8.703049388714135e-05,detoxify-unbiased
1991188574914630048,0.0038269460201263428,1.5670069615225657e-06,7.119977817637846e-05,0.00015482741582673043,0.0010213396744802594,3.058676156797446e-05,3.086259312112816e-05,detoxify-unbiased
1992316645076078845,0.0004013586149085313,1.3692285847355379e-06,2.3616898033651523e-05,7.800145976943895e-05,0.00010065899550681934,2.010304706345778e-05,1.3843787201039959e-05,detoxify-unbiased
1996284962098544968,0.00041363044874742627,1.3065022130831494e-06,2.4327066057594493e-05,7.260078564286232e-05,0.00010604026465443894,1.76546582224546e-05,1.3024854524701368e-05,detoxify-unbiased
2001296599356669972,0.00043928183731622994,1.2976162224731524e-06,2.388742177572567e-05,7.765486952848732e-05,0.00010995285992976278,1.8614942746353336e-05,1.2622657777683344e-05,detoxify-unbiased
2003060913285509224,0.0004363986663520336,1.5498737866437295e-06,2.974975541292224e-05,7.532739982707426e-05,9.43458653637208e-05,1.98584639292676e-05,1.6063297152868472e-05,detoxify-unbiased
2003062098000281733,0.000740658026188612,1.4559218470822088e-06,2.603018583613448e-05,0.00022251647897064686,0.0001462185027776286,2.12356371775968e-05,1.2859442904300522e-05,detoxify-unbiased
2004168191690657826,0.0004181450349278748,1.2407581380102783e-06,2.2353173335432075e-05,7.186272705439478e-05,0.00011086756421718746,1.9291634089313447e-05,1.1620811164902989e-05,detoxify-unbiased
2004266351477805313,0.0017906236462295055,3.09899655803747e-06,0.00010773113899631426,0.00012695099576376379,0.0003503287152852863,6.402146391337737e-05,9.135319851338863e-05,detoxify-unbiased
2007346112760328546,0.0039602345786988735,1.4552693983205245e-06,5.8430399803910404e-05,0.00021117540018167347,0.0012438299600034952,2.8832306270487607e-05,2.0682431568275206e-05,detoxify-unbiased
1992637441044267419,0.0006093850824981928,2.062074599962216e-06,4.605724461725913e-05,8.848473953548819e-05,9.944750490831211e-05,2.7125453925691545e-05,2.265843068016693e-05,detoxify-unbiased
2006008066089549883,0.23893041908740997,1.158437407866586e-05,0.0006058571743778884,0.013600433245301247,0.16263793408870697,0.00014272674161475152,0.00020488690643105656,detoxify-unbiased
1984864897956520422,0.0008781687938608229,1.1575079952308442e-06,2.9546356017817743e-05,9.69506218098104e-05,0.00021959273726679385,2.0160046915407293e-05,1.7562582797836512e-05,detoxify-unbiased
1990515764328059182,0.0003771572664845735,1.396524339725147e-06,2.6625202735885978e-05,7.113503670552745e-05,0.00010210542677668855,1.813683775253594e-05,1.2597284694493283e-05,detoxify-unbiased
2003512687372775687,0.0004227352619636804,1.471053565182956e-06,2.8845564884250052e-05,7.194507634267211e-05,9.781114931683987e-05,1.9800843801931478e-05,1.394302580592921e-05,detoxify-unbiased
1997941413846114536,0.0008105549495667219,1.3273929653223604e-06,3.702510002767667e-05,9.90177140920423e-05,0.0002177826827391982,2.1476549591170624e-05,1.5677134797442704e-05,detoxify-unbiased
1985776731974701121,0.000691124820150435,1.4314742884380394e-06,3.7029549275757745e-05,9.75268121692352e-05,0.00017693180416245013,2.6169569537159987e-05,2.0626925106626004e-05,detoxify-unbiased
1984492318787776788,0.00039926296449266374,1.16825424356648e-06,2.2967247787164524e-05,6.933632539585233e-05,0.00011091747728642076,1.4951494449633174e-05,1.1379040188330691e-05,detoxify-unbiased
2000293325891313942,0.0010929920244961977,1.588129521223891e-06,3.604827361414209e-05,0.00011991192877758294,0.00022058932518120855,5.2031889936188236e-05,1.8780237951432355e-05,detoxify-unbiased
1989106653749473653,0.0009288763394579291,1.4350841865962138e-06,4.0981522033689544e-05,7.816960714990273e-05,0.0002260040637338534,3.638712951214984e-05,1.6447385860374197e-05,detoxify-unbiased
1986099702064972247,0.0024624166544526815,1.8401655097477487e-06,2.1222618670435622e-05,0.0019399926532059908,0.0003244967956561595,3.753708733711392e-05,1.831932968343608e-05,detoxify-unbiased
1996439414617039140,0.00040017327410168946,1.3487863270711387e-06,2.5936964448192157e-05,7.295257091755047e-05,0.000108482847281266,1.7687332729110494e-05,1.3683365068573039e-05,detoxify-unbiased
2009401021441704033,0.005755627527832985,1.118952513934346e-05,0.000128762680105865,0.00304905092343688,0.0007267221808433533,7.969982834765688e-05,7.569391163997352e-05,detoxify-unbiased
1992714682948518074,0.0003834087401628494,1.1721289183697081e-06,2.1641932107741013e-05,8.36510444059968e-05,0.0001028824262903072,1.5007450201665051e-05,1.0968844435410574e-05,detoxify-unbiased
1991136584763109517,0.0003766668087337166,1.2226875014675898e-06,2.340452920179814e-05,7.173127960413694e-05,0.00010688429756555706,1.610645995242521e-05,1.1308547982480377e-05,detoxify-unbiased
1991192691627925651,0.0004661672574002296,1.4040736004972132e-06,2.746003883657977e-05,7.399349851766601e-05,0.00010366918286308646,1.8561870092526078e-05,1.3719795788347255e-05,detoxify-unbiased
1989744253593878888,0.0017434401670470834,2.045083419943694e-06,4.497300324146636e-05,0.00016104149108286947,0.0002609762304928154,8.191737288143486e-05,2.287882125528995e-05,detoxify-unbiased
1987548289000964109,0.0007352343527600169,1.977899046323728e-06,5.303464786265977e-05,8.537124813301489e-05,0.00010642653069226071,2.297675564477686e-05,2.3139673430705443e-05,detoxify-unbiased
1987643001405886638,0.0005024828133173287,1.3867459074390354e-06,2.6472536774235778e-05,0.0001221923012053594,0.0001180066101369448,1.8847034880309366e-05,1.1295722288195975e-05,detoxify-unbiased
1989352978709455037,0.7929590344429016,0.0014164128806442022,0.02025778405368328,0.00618133507668972,0.008327682502567768,0.340573251247406,0.13436658680438995,detoxify-unbiased
1989429835199123905,0.0004262527509126812,1.2522306178652798e-06,2.2987891497905366e-05,8.756410534260795e-05,0.00010578273941064253,1.9504668671288528e-05,1.2466467524063773e-05,detoxify-unbiased
1996231785269600337,0.0006980730104260147,1.7346920913041686e-06,2.321292231499683e-05,0.00012672132288571447,0.00015804044960532337,3.8767098885728046e-05,2.559725362516474e-05,detoxify-unbiased
2008045625091223737,0.0003854119568131864,1.1902352525794413e-06,2.3683996914769523e-05,6.867997581139207e-05,0.00011016045027645305,1.6997169950627722e-05,1.1152696970384568e-05,detoxify-unbiased
1992031332021780911,0.0003784053260460496,1.4135858918962185e-06,2.7667038011713885e-05,7.57105226512067e-05,9.529307135380805e-05,1.8603765056468546e-05,1.2606249583768658e-05,detoxify-unbiased
1999899817175384407,0.016853373497724533,2.6608565804053796e-06,0.00010569531877990812,0.0005566653562709689,0.004777903668582439,0.00010152047616429627,7.05140846548602e-05,detoxify-unbiased
1995656332876128630,0.9931926131248474,0.0828007385134697,0.9805042743682861,0.015834152698516846,0.7611748576164246,0.0017775316955521703,0.044428564608097076,detoxify-unbiased
1984846351927062601,0.0022193791810423136,2.0920401766488794e-06,8.330644050147384e-05,0.0002432555629638955,0.0005878658848814666,5.892078479519114e-05,2.639210106281098e-05,detoxify-unbiased
1984724372607648220,0.0016206455184146762,1.2583840316438e-06,4.402826016303152e-05,8.78310456755571e-05,0.00042944273445755243,1.9098075426882133e-05,2.1068435671622865e-05,detoxify-unbiased
2008061823308706145,0.0005345251993276179,1.3483787597579067e-06,2.3965938453329727e-05,0.00018826822633855045,0.00012004830205114558,1.925895230669994e-05,1.2879717360192444e-05,detoxify-unbiased
1993313419932377099,0.0009601035271771252,1.6648106111460947e-06,3.845485844067298e-05,0.0001128665535361506,0.00018674301099963486,4.827400334761478e-05,1.8915801774710417e-05,detoxify-unbiased
1985866538935546158,0.0012449577916413546,1.1592070450205938e-06,3.5727560316445306e-05,9.040159056894481e-05,0.0003271323803346604,2.3371072529698722e-05,1.7135509551735595e-05,detoxify-unbiased
1986165764865597577,0.00037140294443815947,1.3823344033880858e-06,2.579923784651328e-05,6.670691800536588e-05,9.54650531639345e-05,1.5888303096289746e-05,1.3269436749396846e-05,detoxify-unbiased
1986172346533925135,0.0012949457159265876,1.7527063391753472e-06,6.837740511400625e-05,0.00010971690062433481,0.0002947204338852316,3.0702078220201656e-05,2.8550919523695484e-05,detoxify-unbiased
1986952837809717448,0.0004940013168379664,1.24973121273797e-06,2.4317396309925243e-05,8.003952098079026e-05,0.0001351576211163774,1.869830157374963e-05,1.336394689133158e-05,detoxify-unbiased
1986973180582633534,0.000433016219176352,1.1594535180847743e-06,2.712892455747351e-05,6.384691369021311e-05,0.00012457351840566844,1.5354957213276066e-05,1.1843431821034756e-05,detoxify-unbiased
1992030418586251701,0.0007078841445036232,1.2826759530071286e-06,3.656271655927412e-05,8.010862802620977e-05,0.00018764349806588143,2.2072284991736524e-05,1.313835491600912e-05,detoxify-unbiased
1999663973671805005,0.0067057618871331215,4.400814759719651e-06,0.00010012843267759308,0.000984958023764193,0.001739596831612289,5.073559077573009e-05,7.119461952243e-05,detoxify-unbiased
1992442074289799266,0.0004627751186490059,1.3905453215556918e-06,3.2482585083926097e-05,8.13622900750488e-05,0.00012633077858481556,1.744157270877622e-05,1.3742998817178886e-05,detoxify-unbiased
1990131659463929972,0.19014473259449005,9.18643272598274e-05,0.002863195724785328,0.0014668593648821115,0.0019453344866633415,0.0008314651786349714,0.26752862334251404,detoxify-unbiased
1998187908734545948,0.001323608448728919,1.6001550875444082e-06,3.9746770198689774e-05,0.0001314960391027853,0.00032281820313073695,5.9201203839620575e-05,1.5987279766704887e-05,detoxify-unbiased
1992602117647839720,0.00863790325820446,4.690010428021196e-06,0.00014284042117651552,0.002844593022018671,0.001497385324910283,0.00010382400796515867,4.0980270568979904e-05,detoxify-unbiased
2008629684469461299,0.0004762788594234735,1.6862654774740804e-06,3.1652838515583426e-05,7.873457798268646e-05,9.343415877083316e-05,2.2492507923743688e-05,1.827211417548824e-05,detoxify-unbiased
1992479451418857845,0.009021199308335781,3.1826655231270706e-06,0.00018435831589158624,0.0005381242954172194,0.004546638578176498,5.2109058742644265e-05,8.678634185343981e-05,detoxify-unbiased
2004383477031174302,0.000630864524282515,1.2666338307099068e-06,3.294997804914601e-05,7.132223254302517e-05,0.00016345924814231694,1.8649434423423372e-05,1.92776569747366e-05,detoxify-unbiased
1989800262383645075,0.0006596869206987321,1.3575901220974629e-06,3.845130413537845e-05,8.21681969682686e-05,0.00016308747581206262,1.6644371498841792e-05,1.3712076906813309e-05,detoxify-unbiased
1995377570909401418,0.0003478032595012337,1.3318247056304244e-06,2.3531805709353648e-05,7.162116526160389e-05,9.325907012680545e-05,1.7066167856683023e-05,1.1600901416386478e-05,detoxify-unbiased
1986940484187529347,0.00041921966476365924,1.3923793176218169e-06,2.8612792448257096e-05,8.029003220144659e-05,0.00011013292532879859,1.7861364540294744e-05,1.3331309673958458e-05,detoxify-unbiased
1989828203280523690,0.0010308233322575688,1.380371600134822e-06,6.37588746030815e-05,7.975465268827975e-05,0.0003093453706242144,1.5453706510015763e-05,1.9772556697716936e-05,detoxify-unbiased
1994168183285047324,0.3606813848018646,0.00018898042617365718,0.007721134461462498,0.003714567283168435,0.005742844194173813,0.0007947671692818403,0.4442875385284424,detoxify-unbiased
1990472679254622301,0.0004755946574732661,9.974995691663935e-07,2.214063351857476e-05,6.782397394999862e-05,0.00015079010336194187,1.3945725186204072e-05,1.1083438039349858e-05,detoxify-unbiased
1999808219578003560,0.0003893087268806994,1.366365381727519e-06,2.321376268810127e-05,7.171451579779387e-05,0.00010038015170721337,1.9107401385554112e-05,1.330156737822108e-05,detoxify-unbiased
2000127402349842929,0.0008053654455579817,2.0595962268998846e-06,3.979053508373909e-05,0.00024343215045519173,0.00019058678299188614,1.8575539797893725e-05,2.1960149751976132e-05,detoxify-unbiased
2004049100052869317,0.0006559010362252593,1.7327640762232477e-06,4.38313654740341e-05,0.0001369238889310509,0.00019594542391132563,1.7415180991520174e-05,4.191749758319929e-05,detoxify-unbiased
1992615215746207959,0.0012045606272295117,9.313441296399105e-06,0.00010647199815139174,0.0003879799332935363,0.00032260746229439974,5.6436761951772496e-05,0.00012054867693223059,detoxify-unbiased
1994017614662639731,0.009657862596213818,8.461912329948973e-06,3.9314832974923775e-05,0.008274445310235023,0.0009033840033225715,0.0001313769753323868,3.4807788324542344e-05,detoxify-unbiased
1987653855358706001,0.0013100341893732548,1.1540778359631076e-06,3.200759238097817e-05,0.00010417746671009809,0.00032582326093688607,2.356522236368619e-05,1.795876960386522e-05,detoxify-unbiased
2003290954296442918,0.0005713660502806306,1.4504863656839007e-06,3.623614975367673e-05,7.165819260990247e-05,0.0001267726911464706,1.8465294488123618e-05,1.736648664518725e-05,detoxify-unbiased
1987789862204776506,0.0004474998277146369,1.1613835795287741e-06,2.3346747184405103e-05,8.217892900574952e-05,0.00012056488776579499,1.6037212844821624e-05,1.1830495168396737e-05,detoxify-unbiased
2009215535070806472,0.0006049543735571206,1.2295911346882349e-06,2.985792889376171e-05,8.463418635074049e-05,0.00016692839562892914,1.437143964722054e-05,1.7073720300686546e-05,detoxify-unbiased
1987924661020328394,0.0006063851178623736,1.4674610611109529e-06,3.9270576962735504e-05,8.459497621515766e-05,0.00013300984574016184,1.760492341418285e-05,1.64538505487144e-05,detoxify-unbiased
2007847833643233705,0.0004294032696634531,1.336401169282908e-06,2.656846663739998e-05,7.712595106568187e-05,0.00010738590935943648,1.8271155568072572e-05,1.3227970157458913e-05,detoxify-unbiased
1997937333958516779,0.00038115071947686374,1.223812091666332e-06,2.5875277060549706e-05,6.700304948026314e-05,0.00010312384983990341,1.7537477106088772e-05,1.1917870324396063e-05,detoxify-unbiased
1985885293333918169,0.003445547306910157,2.3092945866665104e-06,6.923265755176544e-05,0.0002462232077959925,0.0006220932118594646,0.00011343797814333811,2.5827548597590066e-05,detoxify-unbiased
1989293036623585410,0.0005232504918240011,1.2509773341662367e-06,2.6112558771274053e-05,7.344748155446723e-05,0.0001310139341512695,1.882000287878327e-05,1.3885012776881922e-05,detoxify-unbiased
1987328883197202734,0.0004673915100283921,1.5690031887061195e-06,3.5902976378565654e-05,7.282037404365838e-05,0.00010631100303726271,1.821072328311857e-05,1.573411100252997e-05,detoxify-unbiased
1991260394254659737,0.0022925178054720163,1.231214014296711e-06,4.527227793005295e-05,0.00011670147068798542,0.0006718721124343574,2.7803411285276525e-05,2.20530364458682e-05,detoxify-unbiased
1994851702151750000,0.0006062518805265427,1.659256554376043e-06,3.5252520319772884e-05,9.55462091951631e-05,0.00011267675290582702,1.996089849853888e-05,1.9267290554125793e-05,detoxify-unbiased
1995676545969528848,0.0006097926525399089,1.3604907280750922e-06,3.1408413633471355e-05,8.576470281695947e-05,0.00012817783863283694,2.1557376385317184e-05,1.4758364159206394e-05,detoxify-unbiased
2005622279997141426,0.00042501764255575836,1.199087819259148e-06,2.5623287001508288e-05,6.5784108301159e-05,0.00011770574928959832,1.6351346857845783e-05,1.1664290468615945e-05,detoxify-unbiased
1987261251295322465,0.0006971664843149483,1.7756257193468628e-06,4.623418863047846e-05,7.656295201741159e-05,0.00012737551878672093,2.307849717908539e-05,2.3453638277715072e-05,detoxify-unbiased
1985914692754174251,0.0003956947475671768,1.2033583516313229e-06,2.3335571313509718e-05,6.9471076130867e-05,0.00010900569031946361,1.6169960872502998e-05,1.1154100320709404e-05,detoxify-unbiased
1990917995925749944,0.0004255761159583926,1.3373038427744177e-06,2.5679377358756028e-05,6.734119961038232e-05,0.00010366918286308646,1.856595918070525e-05,1.6338861314579844e-05,detoxify-unbiased
1988781035476119858,0.0006131989066489041,1.2790114851668477e-06,2.9299968446139246e-05,8.332272409461439e-05,0.00014749249385204166,2.3764316210872494e-05,1.1682435797411017e-05,detoxify-unbiased
1990232495087145269,0.03146272525191307,9.003080776892602e-05,0.0006644356180913746,0.024493364617228508,0.0032730025704950094,0.000935893040150404,0.0003563374048098922,detoxify-unbiased
1994098258914730311,0.0005653557018376887,1.2586120874402695e-06,2.757305628620088e-05,7.880855991970748e-05,0.00013430406397674233,2.4137732907547615e-05,1.2930868251714855e-05,detoxify-unbiased
1995935277743829364,0.02354227565228939,2.5332867153338157e-05,0.0002859123924281448,0.0036447260063141584,0.0011373715242370963,0.0016411070246249437,0.0002436685172142461,detoxify-unbiased
2005715592603427033,0.00045750319259241223,1.3216468914833968e-06,2.620900522742886e-05,8.779201743891463e-05,0.00011410617298679426,2.079490695905406e-05,1.3414485692919698e-05,detoxify-unbiased
1985189249499664659,0.003063482465222478,1.4202128113538492e-05,0.00015210843412205577,0.0006074401899240911,0.0007058416958898306,0.00011486116272863,0.00022890267428010702,detoxify-unbiased
1991013020399501394,0.36346495151519775,0.00018122894107364118,0.0010404037311673164,0.3571174144744873,0.012380496598780155,0.0054638278670609,0.00034847084316425025,detoxify-unbiased
1994810039664791602,0.0004225312441121787,1.421647539245896e-06,3.349119651829824e-05,7.220185943879187e-05,0.00010911737626884133,1.7614345779293217e-05,1.5585101209580898e-05,detoxify-unbiased
2005932642638913560,0.0004992680042050779,1.1353731679264456e-06,2.2466076188720763e-05,7.9486177128274e-05,0.00013109503197483718,1.8583992641652003e-05,1.1155589163536206e-05,detoxify-unbiased
1986133456368058820,0.0012203138321638107,1.4122520042292308e-06,3.6789813748328015e-05,0.00015504784823860973,0.00025168925640173256,3.0082863304414786e-05,1.7518588720122352e-05,detoxify-unbiased
1988144803696009217,0.00613651005551219,3.836250925814966e-06,0.00012769742170348763,0.0003322274424135685,0.0007726865587756038,0.00042899351683445275,7.299619755940512e-05,detoxify-unbiased
1986043147143823868,0.0010755299590528011,6.917047812748933e-06,0.00010588708391878754,0.0002344391541555524,0.00031150373979471624,3.940228634746745e-05,8.376663026865572e-05,detoxify-unbiased
1991189239162089596,0.0004835491126868874,1.697320499260968e-06,3.470153023954481e-05,7.304229802684858e-05,0.00010092186130350456,2.135765680577606e-05,1.9910308765247464e-05,detoxify-unbiased
2004956490424324389,0.0008239142480306327,1.7687303852653713e-06,4.1378229070687667e-05,8.209841325879097e-05,0.0001628113677725196,5.003104524803348e-05,1.916006294777617e-05,detoxify-unbiased
1988581838349296099,0.0003977451124228537,1.4261872820497956e-06,2.801631490001455e-05,7.127464050427079e-05,9.405526361661032e-05,1.973471080418676e-05,1.3952789231552742e-05,detoxify-unbiased
2004367641419698273,0.0004254666273482144,1.1862825886055361e-06,1.9749943021452054e-05,8.541530405636877e-05,0.00011473702761577442,1.8587839804240502e-05,1.2262385098438244e-05,detoxify-unbiased
2005111141601845324,,,,,,,,detoxify-unbiased
2008399487434145953,0.0011268208036199212,1.9274011719971895e-06,5.665039861924015e-05,0.00012266977864783257,0.00020472679170779884,2.664750900294166e-05,3.451552038313821e-05,detoxify-unbiased
2009995949569962126,0.0009255096083506942,4.472910404729191e-06,6.546257645823061e-05,0.00018344755517318845,7.697576802456751e-05,3.520038444548845e-05,4.3730698962463066e-05,detoxify-unbiased
1989303267856159206,0.0034073081333190203,1.7654926978138974e-06,7.362299220403656e-05,0.00024549654335714877,0.0007660675328224897,5.609941581496969e-05,2.9865817850804888e-05,detoxify-unbiased
1986776154880053308,0.0005879522068426013,1.3962287539470708e-06,3.78788827219978e-05,7.1847447543405e-05,0.00015253295714501292,1.989685006265063e-05,1.537855132482946e-05,detoxify-unbiased
1998427913251623411,0.0006249216385185719,1.091829744837014e-06,2.7155865609529428e-05,7.436210580635816e-05,0.0001755834382493049,1.6262345525319688e-05,1.3818223123962525e-05,detoxify-unbiased
1995648066473320647,0.32315558195114136,4.6272261897684075e-06,0.0005605798214673996,0.0003997169260401279,0.263096421957016,4.802889816346578e-05,7.82532079028897e-05,detoxify-unbiased
1987399125831209009,0.00047890766290947795,1.0593950037218747e-06,2.1177856979193166e-05,8.555420208722353e-05,0.0001371075923088938,1.5536781575065106e-05,1.1610509318416007e-05,detoxify-unbiased
1994605222979592337,0.0006874248501844704,1.3946544186183019e-06,4.043635635753162e-05,7.816102879587561e-05,0.00017608456255402416,1.9349468857399188e-05,1.9763696400332265e-05,detoxify-unbiased
1989074933759242459,0.0016007357044145465,2.4811595267237863e-06,2.7255548047833145e-05,0.0018269921420142055,0.00019187756697647274,2.878189661714714e-05,1.9130851796944626e-05,detoxify-unbiased
2006928620695044112,0.0006137678283266723,2.0495174339885125e-06,4.548895958578214e-05,8.269209502032027e-05,0.000100441618997138,1.8668722987058572e-05,2.2018488380126655e-05,detoxify-unbiased
2004969265607123072,0.003254189155995846,1.3211528312240262e-05,0.00019555944891180843,0.0006916996790096164,0.0005946437595412135,2.4470888092764653e-05,0.00013625262363348156,detoxify-unbiased
2007444622629560330,0.0005275493022054434,1.3654445183419739e-06,2.713601315917913e-05,8.090666960924864e-05,0.00012128648813813925,2.1668758563464507e-05,1.4955157894291915e-05,detoxify-unbiased
2006339901340655871,0.0004537251952569932,1.1871788956341334e-06,2.5059642211999744e-05,8.533600339433178e-05,0.00012217307812534273,1.5580761100864038e-05,1.232750673807459e-05,detoxify-unbiased
2003826601918640539,0.0009604146471247077,1.4433178421313642e-06,4.2308936826884747e-05,9.537825098959729e-05,0.0002051729243248701,2.5872810510918498e-05,2.2545273168361746e-05,detoxify-unbiased
2002886226261516411,0.07837297767400742,6.06353823968675e-05,0.006535613443702459,0.0003907044301740825,0.0024405664298683405,0.01940537802875042,0.0014273272827267647,detoxify-unbiased
