noteId,tweetId,writer,cites_bbc_com,cites_cnn_com,cites_en_wikipedia_org,cites_facebook_com,cites_instagram_com,cites_reuters_com,cites_share_google,cites_snopes_com,cites_t_co,cites_theguardian_com,cites_x_com,cites_x_com_grok,cites_yahoo_com,cites_youtube_com
1984633896403607556,1959655760285081935,bot,0,0,0,0,0,0,0,1,0,0,0,0,0,0
1984635159509909745,1984237794160672936,bot,0,0,0,0,0,0,0,0,0,0,0,0,0,0
1985012997744468363,1984746554238881990,bot,0,0,0,0,0,0,0,0,0,0,0,0,0,0
1985013329576816961,1984532450492416482,bot,0,0,0,0,0,0,0,0,0,0,0,0,0,0
1985013627313692757,1984707306786079171,bot,0,0,0,0,0,0,0,0,0,0,1,0,0,0
1985013848257044705,1984697346329137572,bot,0,0,0,0,0,0,0,0,0,0,0,0,0,0
1985014173525229876,1984676390608818260,bot,1,0,0,0,0,0,0,0,0,0,0,0,0,0
1985014508662755568,1984773615192023523,bot,0,0,0,0,0,0,0,0,0,0,0,0,0,0
1985016560444985531,1984713573864509593,bot,0,0,0,0,0,0,0,0,0,0,0,0,0,0
1985018126296117755,1984373158036832660,bot,0,0,0,0,0,0,0,0,0,0,0,0,0,0
1985366516104135066,1985123505973690849,bot,0,0,0,0,0,0,0,0,0,0,0,0,0,0
1985366988168876269,1984959886766285177,bot,0,0,0,0,0,0,0,0,0,0,0,0,0,0
1985385242547437696,1984281159346622889,bot,0,0,0,0,0,0,0,0,0,0,0,0,0,0
1985386064878489650,1984670182699053135,bot,0,0,0,0,0,0,0,0,0,0,0,0,0,1
1985387102729560366,1984845909361050008,bot,0,0,0,0,0,0,0,0,0,0,0,0,0,0
1985425775865090186,1985340076226924556,bot,0,0,0,0,0,0,0,0,0,0,0,0,1,0
1985426291189764551,1985364652977447298,bot,0,0,1,0,0,0,0,0,0,0,0,0,0,0
1985769771376255331,1985641890725671008,bot,0,0,0,0,0,1,0,0,0,0,0,0,0,0
1985777754957111540,1985368837748093402,bot,0,0,0,0,0,0,0,0,0,0,0,0,0,0
1985780072247087182,1985591055773814851,bot,0,0,0,0,0,0,0,0,0,0,0,0,0,0
1985780923770564652,1985710526404661752,bot,0,0,0,0,0,0,0,0,0,0,0,0,0,0
1985854111900635272,1985716345107829064,bot,0,0,0,0,0,0,0,0,0,0,0,0,0,0
1986119055141408795,1985951737488777377,bot,0,0,0,0,1,0,0,0,0,0,0,0,0,0
1986119392325697807,1985786856798134747,bot,1,0,0,0,0,0,0,0,0,0,0,0,0,0
1986119712690905273,1985909974585766284,bot,0,0,0,0,0,0,0,0,0,0,0,0,0,0
1986120127012610211,1985733488717545540,bot,0,0,0,0,0,0,0,0,0,0,0,0,0,0
1986120541787275344,1985783259327054239,bot,0,0,0,0,0,0,0,0,0,0,0,0,0,0
1986120930238566911,1985888858773615020,bot,0,0,1,0,0,0,0,0,0,0,0,0,0,0
1986121385211498795,1985864395021566334,bot,0,0,0,0,0,0,0,0,0,0,0,0,0,0
1986121783292932316,1985852952859345235,bot,0,0,0,0,0,0,0,0,0,0,0,0,0,0
1986539312108728694,1986362046469099945,bot,0,0,0,0,0,0,0,0,0,0,0,0,0,0
1986539941615084005,1986397520902430817,bot,0,0,0,0,0,0,0,0,0,0,0,0,0,0
1986573922414834020,1986403982613590206,bot,0,0,0,0,0,0,0,0,0,0,0,0,0,0
1986574936152936519,1986492803481018803,bot,0,0,0,0,0,1,0,0,0,0,0,0,0,0
1986579051910144411,1986168991157489993,bot,0,0,0,0,0,0,0,0,0,0,0,0,0,0
1986580160674500720,1986508952662909168,bot,0,0,0,0,0,0,0,0,0,0,0,0,0,0
1986580491315618114,1986476714466111837,bot,0,0,0,0,0,0,0,0,0,0,0,0,0,0
1986581296055775497,1986088757305712685,bot,0,0,0,0,0,0,0,0,0,0,0,0,0,0
1986813890701701278,1986132385511989502,bot,1,0,0,0,0,1,0,0,0,0,0,0,0,0
1986814421054689406,1986525526568120783,bot,0,0,0,0,0,0,0,0,0,0,0,0,0,0
1986814762332610587,1985815642981712378,bot,0,0,0,0,0,0,0,0,0,0,0,0,0,0
1986815304547094894,1986665360171446321,bot,0,0,0,0,0,0,0,0,0,0,0,0,0,0
1986815689668055290,1986475655262052378,bot,0,0,1,0,0,0,0,0,0,0,0,0,0,0
1987324883030655467,1987119426634694706,bot,1,0,0,0,0,0,0,0,0,0,0,0,0,1
1987325300292587692,1987021510452928880,bot,0,0,0,0,0,0,0,0,0,0,0,0,0,0
1987325984454885799,1987164565398749587,bot,0,0,0,0,0,0,0,0,0,1,0,0,0,0
1987327367996424675,1987187995779182760,bot,0,1,0,0,0,0,0,0,0,0,0,0,0,0
1987329736712790416,1986978781605601414,bot,0,0,0,0,0,0,0,0,0,0,0,0,1,0
1987333134036164841,1986074403268886988,bot,0,0,0,0,1,0,0,0,0,0,0,0,0,0
1987336270926709108,1987174337011650727,bot,0,0,0,0,0,0,0,0,0,0,1,0,0,0
1987337221855121534,1987010603714597082,bot,0,0,0,0,0,0,0,0,0,0,0,0,0,0
1987337634234896594,1986998192739946660,bot,0,0,0,0,0,0,0,0,0,0,0,0,0,0
1987338339012198490,1987233663281697247,bot,0,0,0,0,0,0,0,0,0,0,0,0,1,0
1987338625961324739,1987238217096052827,bot,0,0,0,0,0,0,0,0,0,0,0,0,0,0
1987550497465631055,1987504087340847601,bot,0,0,0,0,0,0,0,0,0,0,1,0,0,0
1987550613186453755,1987006290837839979,bot,0,0,0,0,0,0,0,0,0,0,0,0,0,0
1987551234694287864,1987183437233758369,bot,0,0,0,0,0,0,0,0,0,0,0,0,0,0
1987662965839999290,1987576250790027467,bot,1,0,0,0,0,0,0,0,0,0,0,0,0,0
1987663559312978136,1987276862234456334,bot,0,0,0,0,0,0,0,0,0,0,0,0,0,0
1987663884728058129,1987212260993806801,bot,0,0,1,0,0,0,0,0,0,0,0,0,0,0
1987664208826130513,1987536370118627796,bot,0,0,0,0,0,0,0,0,0,0,0,0,0,0
1987664653829234848,1987568818772717709,bot,0,0,0,0,0,0,0,0,0,0,0,0,1,0
1987966120934904219,1987943138497843571,bot,0,0,0,0,0,0,0,0,0,0,0,0,0,0
1987966268415049824,1987569453299912882,bot,0,1,0,0,0,0,0,0,0,0,0,0,0,0
1987967801814852089,1987881598050566394,bot,0,0,0,0,0,0,0,0,0,0,1,0,0,0
1987968253285577141,1987928829357347143,bot,0,0,0,0,0,0,0,0,0,0,0,0,0,0
1987970606487286035,1987777364202586141,bot,0,0,0,0,0,0,0,0,0,0,0,0,0,0
1987970798993154553,1987647365059117379,bot,0,0,0,0,0,0,0,0,0,0,0,0,0,0
1987971952892411997,1987675879049486560,bot,0,0,0,0,0,0,0,0,0,0,0,0,0,0
1988279439642206496,1988041452493172783,bot,0,0,0,0,0,0,0,0,0,0,0,0,0,0
1988281557371461758,1987910682315042955,bot,0,0,0,0,0,0,0,0,0,0,0,0,0,0
1988282872382251164,1988251246977843283,bot,0,0,0,0,0,0,0,0,0,0,0,0,0,0
1988285994773225625,1987945233553002778,bot,0,0,0,1,0,1,0,0,0,0,0,0,0,0
1988286623977497057,1988087290233844059,bot,0,0,0,0,0,0,0,0,0,0,0,0,0,0
1988287024101544236,1987932761030631837,bot,0,0,0,0,0,0,0,0,0,0,0,0,0,0
1988384045567226150,1988320617352098207,bot,0,0,0,0,0,0,0,0,0,0,0,0,0,0
1988423848950198544,1988343017326223647,bot,0,0,0,0,0,0,0,0,0,0,0,0,0,0
1988425038886740153,1988343457052848205,bot,0,0,1,0,0,0,0,0,0,0,0,0,0,0
1988425723703386435,1988223180956193063,bot,0,0,0,0,0,0,0,0,0,0,0,0,0,0
1988630948296986751,1988352075206398319,bot,0,0,0,0,0,0,0,0,0,1,0,0,0,0
1988634803449545042,1988332213717319864,bot,0,0,0,0,0,0,0,0,0,0,0,0,0,0
1988635269772247228,1988239357992726978,bot,0,0,0,0,0,0,0,0,0,0,0,0,0,0
1988638965956596118,1988272634723754106,bot,0,1,0,0,0,0,0,0,0,0,0,0,0,0
1988647822443377074,1988452838834385214,bot,0,0,0,0,0,0,0,0,0,0,0,0,0,0
1988648259951235302,1988346364644757766,bot,0,0,0,0,0,0,0,0,0,0,0,0,0,0
1988649392958533847,1988475040921276749,bot,0,0,0,0,0,1,0,1,0,0,0,0,0,0
1988649893053730938,1988281816642712028,bot,0,0,0,0,0,0,0,0,0,0,0,0,0,0
1988650166216237086,1988514720005972197,bot,0,0,0,0,0,1,0,0,0,0,0,0,0,0
1988716121613046062,1988420315656131070,bot,0,0,0,0,0,0,0,0,0,0,0,0,0,0
1989007283087421793,1988796762069631123,bot,0,0,0,0,0,0,0,0,0,0,0,0,0,0
1989008306837336502,1988752770497761532,bot,0,0,0,0,0,0,0,0,0,0,0,0,0,0
1989010219397972190,1988373799159656635,bot,0,0,0,0,0,1,0,0,0,0,0,0,0,0
1989064405724569807,1988483394825842983,bot,0,0,0,0,0,0,0,0,0,0,0,0,0,0
1989065036766015938,1989033636155236742,bot,0,0,0,0,0,0,0,0,0,0,0,0,0,0
1989065710266433809,1988957905295655337,bot,0,0,0,0,0,0,0,0,0,0,0,0,0,0
1989069280822837414,1988727649364267348,bot,0,0,0,0,0,0,0,0,0,0,0,0,0,0
1989087365462110528,1989028802589323325,bot,0,0,0,0,0,0,0,0,0,0,0,0,0,0
1989089616008196243,1989016768937955466,bot,0,0,0,0,0,0,0,0,0,0,0,0,0,0
1989089998499422682,1988939159357235418,bot,0,0,0,0,0,0,0,0,0,0,1,0,0,0
1989090031122657408,1988977921088974905,bot,0,0,0,0,0,0,0,0,0,0,0,0,0,0
1989094034476872103,1988938432878354509,bot,0,0,0,0,0,0,0,0,0,0,0,0,0,0
1989095971389587846,1988921829709193655,bot,0,0,0,0,1,0,0,0,0,0,0,0,0,1
1989097414288883738,1989009112097566866,bot,0,0,0,0,0,0,0,0,0,0,0,0,0,0
1989340211541610754,1989321989320798640,bot,0,0,0,0,0,0,0,0,0,0,0,0,0,0
1989342867630825751,1989100069275177286,bot,0,0,0,0,0,0,0,0,0,0,0,0,0,0
1989413338233626656,1989401918863810774,bot,0,0,0,0,0,0,0,0,0,0,0,0,0,0
1989416595949551910,1989271391175319873,bot,0,0,0,0,0,1,0,0,0,0,0,0,0,0
1989443920531464456,1988938435504353484,bot,0,0,0,0,0,0,0,0,0,0,0,0,0,0
1989444230486298862,1989390636198633936,bot,0,0,0,0,0,0,0,0,0,0,0,0,0,0
1989445537142075716,1989345763135213971,bot,0,0,0,0,0,0,0,0,0,0,0,0,0,0
1989734451463528574,1983458760589996235,bot,0,0,0,0,0,1,0,0,0,0,0,0,0,0
1989736738428727302,1989437140418130098,bot,0,0,1,0,0,0,0,0,0,0,0,0,0,0
1989742796836626607,1989100233926844497,bot,0,0,0,0,0,1,0,0,0,0,0,0,0,0
1989743440851075097,1989389266259251578,bot,0,0,0,0,0,0,0,0,0,0,0,0,0,0
1989744003328147796,1989440177090302084,bot,0,0,0,0,0,0,0,0,0,0,0,0,0,0
1989745012184154346,1989448515165327634,bot,0,0,0,0,0,0,0,0,0,0,0,0,0,0
1989745359732559873,1989530910841295234,bot,0,0,1,0,0,0,0,0,0,0,0,0,0,0
1990081821594263896,1989823475331002522,bot,0,0,0,1,0,0,0,0,0,0,0,0,0,0
1990082348411408700,1989917965094203891,bot,0,0,0,0,0,0,0,0,0,0,0,0,0,0
1990083545516081561,1989860562096791747,bot,0,0,0,0,0,0,0,0,0,0,0,0,0,0
1990086789889978489,1989752770950295932,bot,0,0,0,0,0,0,0,0,0,0,0,0,0,0
1990087049517346969,1989872296555938082,bot,0,0,1,0,0,0,0,0,0,0,0,0,0,0
1990087557284040848,1989824419636949320,bot,0,0,0,0,0,0,0,0,0,0,0,0,0,0
1990088645433237722,1989758080314478727,bot,0,0,0,0,0,0,0,0,0,0,0,0,0,0
1990508068585480361,1990426869187916076,bot,0,0,0,0,0,0,0,0,0,0,0,0,0,0
1990508378917888328,1990453926013907014,bot,0,0,0,0,1,0,0,0,0,0,0,0,0,0
1990508547344404670,1990376938238791687,bot,0,0,0,0,0,1,0,0,0,0,0,0,0,0
1990509944588652677,1990329057771442478,bot,0,0,0,0,0,0,0,0,0,0,0,0,0,0
1990510221672714429,1990460064331935997,bot,0,0,0,0,0,0,0,0,0,0,0,0,0,0
1990511069668725120,1990466852628123699,bot,0,1,0,0,0,0,0,0,0,0,0,0,0,0
1990511316453183906,1990261462741475337,bot,0,0,0,0,0,1,0,0,0,0,0,0,0,0
1990824844754112611,1990494395813277897,bot,0,0,0,0,0,0,0,0,0,0,1,0,0,0
1990827186383691934,1990662605590130751,bot,0,0,1,0,0,0,0,0,0,0,0,0,0,0
1990852121315414369,1990799837336367288,bot,0,0,0,0,0,0,0,0,0,0,0,0,0,0
1990878558105801054,1990668980126953633,bot,0,0,0,0,0,0,0,0,0,0,0,0,0,0
1990885817691091116,1990822359750881314,bot,0,0,0,0,0,0,0,0,0,0,0,0,0,0
1990889991644352705,1990615296923873740,bot,0,0,0,0,0,0,0,0,0,0,0,0,0,0
1990917942251245878,1990859308473462806,bot,0,1,0,0,0,0,0,0,0,0,0,0,0,0
1990917996735246354,1990884400767127949,bot,0,0,0,0,0,0,0,0,0,0,0,0,0,0
1991213736984469882,1991134891291930660,bot,0,0,0,0,0,0,0,0,0,0,0,0,0,0
1991214939894087922,1991129617017540729,bot,0,0,0,0,0,0,0,0,0,0,0,0,0,0
1991215307977818350,1991129820344775099,bot,0,0,0,0,0,0,0,0,0,0,0,0,0,0
1991279797230620723,1990429231206019224,bot,0,0,0,0,0,0,0,0,0,0,0,0,0,0
1991281402617217054,1991123357987680702,bot,0,0,0,0,0,0,0,0,0,0,0,0,0,0
1991638803706999028,1991467365276528959,bot,0,0,0,0,0,0,0,1,0,0,0,0,0,0
1991640166679675057,1991599014270365829,bot,0,0,0,0,0,1,0,0,0,0,0,0,0,0
1991696495846776992,1991273429446603153,bot,0,0,0,0,0,0,0,0,0,0,1,0,0,0
1991696736360730635,1991547994886307979,bot,0,0,0,0,0,0,0,0,0,0,0,0,0,0
1991697349987471434,1991478705970114588,bot,0,0,0,0,0,0,0,0,0,0,0,0,0,0
1991934386128724319,1991831458277990810,bot,0,0,0,0,0,0,0,0,0,0,0,0,0,0
1991934616165380101,1991831700767396310,bot,0,0,0,0,0,0,0,0,0,0,0,0,0,0
1991935559569137889,1989293068722266566,bot,0,0,0,0,1,0,0,0,0,0,0,0,0,0
1991936737103200426,1991790357370261694,bot,0,0,0,0,0,0,0,0,0,0,0,0,0,0
1991937320358940976,1991700724456255578,bot,1,0,0,0,0,0,0,0,0,0,0,0,0,0
1992352554148049362,1992035477860589731,bot,0,0,1,0,0,0,0,0,0,0,0,0,0,0
1992352954532159738,1992300221456642379,bot,0,0,0,0,0,0,0,0,0,0,0,0,0,0
1992354251754856905,1992252270009057469,bot,0,0,0,0,0,0,0,1,0,0,0,0,0,0
1992354599781429673,1992266868951069151,bot,0,0,0,0,0,0,0,0,0,0,0,0,0,0
1992354987783901344,1992107088034795917,bot,0,0,0,0,0,0,0,0,0,0,0,0,0,0
1992613616105705607,1992383685040169234,bot,0,0,0,0,1,1,0,0,0,0,0,0,0,0
1992614004443820412,1992225341616853357,bot,0,0,0,0,0,0,0,0,0,0,0,0,0,0
1992615069784383652,1992015024261599559,bot,0,0,0,0,0,1,0,0,0,0,0,0,0,0
1992615495120404578,1991665361863999667,bot,0,0,0,0,0,0,0,0,0,0,0,0,0,1
1992615800671211919,1992435341899518119,bot,0,0,0,0,0,0,0,0,0,0,0,0,0,0
1992616410187538771,1992291850045001916,bot,0,0,0,0,0,0,0,0,0,0,0,0,0,0
1992616976896700491,1992474249618219097,bot,0,0,0,0,0,0,0,0,0,0,0,0,0,0
1992617317159538865,1992397358555091006,bot,0,0,0,0,0,0,0,0,0,0,0,0,0,0
1992974193302855734,1992380912395579503,bot,0,0,0,0,0,0,0,0,0,0,0,0,0,0
1992975098781855776,1992651119517192620,bot,0,0,0,0,0,0,0,0,0,0,0,0,0,0
1992975374842487288,1992648495023710622,bot,0,0,0,0,0,1,0,0,0,0,0,0,0,0
1992975690426204646,1991916515806048360,bot,0,0,0,0,0,0,0,0,0,0,0,0,0,0
1992976245340897633,1992828545320587756,bot,0,0,0,0,0,0,0,0,0,0,0,0,0,0
1993322131518636146,1992977826455425395,bot,0,0,0,0,0,0,0,0,0,0,0,0,0,1
1993322547299983418,1993132277585289591,bot,0,0,0,0,0,0,0,0,0,0,0,0,0,0
1993322844575379821,1993265476185506111,bot,0,1,0,0,0,0,0,0,0,0,0,0,0,0
1993323361762484336,1993130649667158467,bot,0,0,0,0,0,0,0,0,0,0,0,0,0,0
1993323840139575521,1993104541571858667,bot,0,0,0,0,0,0,0,0,0,0,0,0,0,0
1994079544811090105,1993916890029150513,bot,0,0,0,0,0,0,0,0,0,0,0,0,0,0
1994080323374555174,1993985907939053704,bot,0,0,0,0,0,0,0,0,0,0,0,0,0,0
1994081031352140149,1993735402587291694,bot,0,0,1,0,0,0,0,0,0,0,0,0,0,0
1994081119210176961,1993744525433647301,bot,0,0,0,0,0,0,0,0,0,0,0,0,0,0
1994082043328635194,1993974466938892581,bot,0,0,0,1,0,0,0,0,0,0,0,0,0,0
1994189730829791560,1993960297690959974,bot,0,0,0,0,0,0,0,0,0,0,0,0,0,0
1994192791723753717,1993785536428007747,bot,0,0,0,0,0,1,0,0,0,0,0,0,0,0
1994193754169737459,1994070702735954069,bot,0,0,0,0,0,0,0,0,0,0,1,0,0,0
1994822051773743197,1994580435452792897,bot,0,0,0,0,0,0,0,1,0,0,0,0,0,0
1994822730051387409,1994620878223479266,bot,0,0,1,0,0,0,0,0,0,0,0,0,0,0
1994824595816227187,1994748150825771266,bot,0,0,0,0,0,0,0,0,0,0,0,0,0,0
1994824990877770154,1994511619901034764,bot,0,0,0,0,0,0,0,0,0,0,0,0,0,0
1994827231143592291,1994543362981171452,bot,0,0,0,0,0,0,0,0,0,0,0,0,0,0
1994907959374037157,1994628250660999509,bot,0,0,0,0,0,0,0,0,0,0,1,0,0,0
1994908000801186058,1994654075338854791,bot,0,0,0,0,0,0,0,0,0,0,0,0,0,1
1994908487873155405,1994708413788688719,bot,0,0,0,0,0,1,0,0,0,0,0,0,0,0
1994909075587404127,1994539116449730687,bot,0,0,0,0,0,0,0,0,0,0,0,0,0,0
1995152736321499542,1995014910271697028,bot,0,0,0,0,0,0,0,0,0,0,0,0,0,0
1995499916869636505,1995335630029463840,bot,0,0,0,0,0,0,0,0,0,0,0,0,0,0
1995500670825197957,1995367254209495402,bot,0,0,0,0,1,0,0,0,0,0,1,0,0,0
1995501396955738426,1995410923960635800,bot,0,0,0,0,0,0,0,0,0,0,0,0,0,0
1995503876707930606,1995256187374198915,bot,0,0,0,0,0,0,0,0,0,0,0,0,0,0
1995505731080999341,1995113520237531301,bot,0,0,0,0,0,0,0,0,0,0,0,0,0,0
1995866897066213835,1995734284636745782,bot,0,0,0,0,0,0,0,0,0,0,0,0,0,0
1995867307868848224,1995663406737879294,bot,0,0,1,0,0,0,0,0,0,0,0,0,0,0
1995870072921788806,1995257791112708283,bot,0,0,0,0,0,0,0,0,0,1,0,0,0,0
1995872713538183262,1995747245858185571,bot,0,0,0,0,0,0,0,0,0,0,0,0,0,1
1995872941314077050,1995589542045516075,bot,0,0,0,0,0,0,0,0,0,0,0,0,0,0
1995872989766672839,1995173541143363963,bot,0,0,0,0,0,1,0,0,0,0,0,0,0,0
1995959999760085181,1995827394096365806,bot,0,0,0,0,0,0,0,0,0,0,0,0,0,0
1996234772163514660,1995459325863584052,bot,0,0,0,0,0,0,0,0,0,0,0,0,0,0
1996234932327231713,1995792547550298478,bot,0,0,0,0,0,0,0,0,0,0,0,0,0,0
1996237005395554413,1995854578420724103,bot,0,0,0,0,1,0,0,0,0,0,0,0,0,1
1996238233705808082,1996044022469853479,bot,1,0,0,0,0,0,0,0,0,0,0,0,0,0
1996239843924332612,1995838184400486516,bot,0,0,0,0,0,0,0,0,0,0,0,0,0,0
1996240661553594759,1995997361223725354,bot,0,0,0,0,0,0,0,0,0,0,0,0,0,0
1996665418929348690,1996217381761270020,bot,0,1,0,0,0,0,0,0,0,0,0,0,0,0
1996665674425393381,1996460807480390067,bot,0,0,0,0,0,1,0,0,0,0,0,0,0,0
1997018561655583119,1996831133414363186,bot,0,0,0,0,0,0,0,0,0,0,0,0,0,0
1997021348820840473,1996917036212244569,bot,0,0,0,0,0,0,0,0,0,0,0,0,0,0
1997021721199509756,1996957936766050494,bot,0,0,0,0,1,0,0,0,0,0,0,0,0,0
1997025288681669043,1996784574995820738,bot,0,0,0,0,0,0,0,0,0,0,0,0,0,0
1997030572049187060,1996890271330730483,bot,1,0,0,0,0,0,0,0,0,0,0,0,0,0
1997030972794028066,1996627296502141094,bot,0,0,0,0,0,0,0,1,0,0,0,0,0,0
1997031313237311533,1996672641059692922,bot,0,0,0,0,0,0,0,0,0,0,0,0,0,1
1997333633414189284,1997196381455335632,bot,0,0,0,0,0,0,0,0,0,0,0,0,0,0
1997334530932302282,1997119243956244789,bot,0,0,0,0,0,0,0,0,0,0,0,0,0,0
1997334744254542194,1997217671327502716,bot,0,0,0,0,0,0,0,0,0,0,0,0,0,0
1997335229082521930,1996996340874674275,bot,0,0,0,0,0,0,0,0,0,0,0,0,0,0
1997335785553494351,1997134762818129971,bot,0,0,0,0,0,0,0,0,0,0,0,0,0,0
1997667196416246189,1997399573820568026,bot,0,0,0,0,0,0,0,0,0,0,0,0,0,0
1997667694825382053,1997301630010585188,bot,0,0,0,0,0,0,0,0,0,0,0,0,0,0
1997668178004959520,1997564385926295631,bot,0,0,0,0,0,0,0,0,0,0,0,0,0,0
1997673096031948985,1997397107553026101,bot,0,0,0,1,0,0,0,0,0,0,0,0,0,0
1997673158120296917,1997269249300005292,bot,0,0,1,0,0,0,0,0,0,0,0,0,0,0
1998080735429714427,1997778732313153566,bot,0,0,0,0,0,0,0,0,0,0,0,0,0,0
1998081217162289531,1997875488212345092,bot,0,0,0,0,0,0,0,0,0,0,0,0,0,0
1998081645283303906,1997564215104786801,bot,0,0,1,0,0,0,0,0,0,0,0,0,0,0
1998081927618629988,1997731353190953262,bot,0,0,0,0,0,0,0,0,0,0,0,0,0,0
1998082322764091833,1997761810749874513,bot,0,0,0,0,0,0,0,0,0,0,0,0,0,0
1998492501053764086,1998366776313422224,bot,0,0,0,0,0,0,0,0,0,0,0,0,0,0
1998493000385618287,1998143900461285854,bot,0,0,0,0,0,0,0,0,0,0,0,0,0,0
1998493299749880269,1998146188839919943,bot,0,0,0,0,0,0,0,0,0,0,0,0,0,1
1998511193044951245,1998475504383565991,bot,0,0,0,0,0,0,0,0,0,0,1,0,0,0
1998515745219653720,1998450068295393552,bot,0,0,0,0,1,0,0,0,0,0,0,0,0,0
1998838499374485621,1998440572214804785,bot,0,0,0,0,0,0,0,0,0,0,0,0,0,0
1998838914291831248,1998572479934271720,bot,0,0,0,0,0,0,0,0,0,0,0,0,0,0
1998876080170524727,1998794259659456965,bot,0,0,0,0,0,0,0,0,0,0,0,0,0,0
1998877518246326690,1998809357497332176,bot,1,0,0,0,0,0,0,0,0,0,0,0,0,0
1998933442449260819,1998906369337172202,bot,0,0,0,0,0,0,0,0,0,0,0,0,0,0
1998934646197772753,1998879143187128564,bot,1,0,0,0,0,0,0,0,0,0,0,0,0,0
1998936317686661388,1998771592348971522,bot,0,0,0,0,0,0,0,0,0,0,0,0,0,0
1999217248590807173,1998718105808249233,bot,0,0,0,0,0,0,0,0,0,0,0,0,0,0
1999275287096250432,1999064913155633547,bot,0,0,0,0,0,0,0,0,0,0,0,0,0,0
1999277470177001698,1998956007423455688,bot,0,0,0,0,0,0,0,0,0,0,0,0,0,0
1999277752122229135,1999158318032666708,bot,0,0,1,0,0,0,0,0,0,0,0,0,0,0
1999279049152102442,1999208409111949607,bot,0,0,0,0,0,0,0,0,0,0,0,0,0,0
1999489445238550755,1999388527591661954,bot,0,0,0,0,0,0,0,0,0,0,0,0,0,0
1999492146877845991,1999285804288635054,bot,0,0,0,0,0,0,0,0,0,0,0,0,0,0
1999492330026344692,1999280674470015189,bot,0,0,0,0,0,0,0,0,0,0,0,0,0,0
1999605090483650723,1999342443125174603,bot,0,0,0,0,0,1,0,0,0,0,0,0,0,0
1999606305598701871,1999547059049840787,bot,0,0,0,0,1,0,0,0,0,0,0,0,0,0
1999962226564677672,1999884689675596282,bot,0,0,0,0,0,0,0,0,0,0,0,0,0,0
1999986103437152529,1999609742998798776,bot,0,0,0,0,0,0,0,0,0,0,0,0,0,0
1999986971448361078,1999251484391981511,bot,0,0,0,0,0,0,0,0,0,0,0,0,0,0
1999987356200296746,1999576316467622251,bot,0,0,0,0,0,0,0,0,0,0,0,0,0,0
1999988434920788409,1999964115729867235,bot,0,0,0,0,0,0,0,0,0,0,0,0,0,0
2000213691082416509,2000168676201558487,bot,0,0,0,0,0,0,0,0,0,0,0,0,0,0
2000215508356935772,2000175099077599562,bot,0,0,0,0,0,0,0,0,0,0,0,0,0,0
2000215730717851802,1999898065109745852,bot,0,0,0,0,0,0,0,0,0,0,0,0,0,0
2000216612431901061,1999921240744902673,bot,0,0,0,0,0,0,0,1,0,0,0,0,0,0
2000217211797897587,1999999737379143950,bot,0,0,0,0,0,0,0,0,0,0,0,0,0,0
2000220023445463342,2000188768859603060,bot,0,0,0,0,0,0,0,0,0,0,0,0,0,0
2000580170315350045,2000539932218061305,bot,0,1,0,0,0,0,0,0,0,0,0,0,0,0
2000580391023858056,2000519349946265859,bot,1,0,0,0,0,0,0,0,0,0,0,0,0,0
2000667954162151849,2000562609049977196,bot,0,0,0,0,0,0,0,0,0,0,0,0,0,0
2000692204486950935,2000579345438380194,bot,0,0,0,0,0,0,0,1,0,0,0,0,0,0
2000693001501216987,2000583478971351203,bot,0,0,0,0,0,0,0,0,0,0,0,0,0,0
2000699616568730073,2000650407878787341,bot,0,0,0,0,0,0,0,0,0,0,0,0,0,0
2000700305512493263,2000453167956602973,bot,0,0,0,0,0,0,0,0,0,0,0,0,0,0
2001046209432089027,2001026551585165747,bot,0,0,0,0,0,0,0,0,0,0,0,0,0,0
2001063080336269389,2001025645267005547,bot,0,0,0,0,0,0,0,0,0,0,0,0,0,0
2001063821046116648,2000732481939468632,bot,0,1,0,0,0,0,0,0,0,0,0,0,0,0
2001064696481206513,2000987471945912610,bot,0,0,0,0,0,0,0,1,0,0,0,0,0,0
2001069516457902540,2000995376581505451,bot,0,0,0,0,0,1,0,0,0,0,0,0,0,0
2001069959082844560,2001007430877241399,bot,0,0,0,0,0,0,0,0,0,0,0,0,0,0
2001300384887816691,2000896298237534477,bot,0,0,0,0,0,0,0,0,0,0,0,0,0,0
2001301504196513966,2001152947733066231,bot,0,0,0,0,0,0,0,0,0,0,0,0,0,1
2001309362631881024,2000991287680565557,bot,0,0,0,0,1,0,0,0,0,0,0,0,0,0
2001310074321400088,2000906255289008314,bot,0,0,0,0,0,1,0,0,0,0,0,0,0,0
2001381773553373269,2001285243610042492,bot,0,0,0,0,0,0,0,0,0,0,0,0,0,0
2001749921104281815,2001610023588470926,bot,0,0,1,0,0,0,0,0,0,0,0,0,0,0
2001752282904354996,2001535860466991237,bot,0,0,0,0,0,0,0,0,0,0,0,0,0,0
2001753415274119498,2001314233061970088,bot,0,0,0,0,0,0,0,1,0,0,0,0,0,0
2001754653625635002,2001623747246395401,bot,0,0,1,0,0,1,0,0,0,0,0,0,0,0
2001760487684378920,2001603470928068705,bot,0,0,1,0,0,0,0,0,0,0,0,0,0,0
2001760845370478868,2001722044266717566,bot,0,1,0,0,0,0,0,0,0,0,0,0,0,0
2001761514680651791,2001699232840114394,bot,0,0,0,0,0,1,0,0,0,0,0,0,0,0
2002018422255747133,2001690590355099723,bot,0,0,0,0,0,0,0,0,0,0,0,0,0,0
2002020421793681499,2001709714997154045,bot,0,0,1,0,0,0,0,0,0,0,0,0,0,0
2002024245480607794,2001790446918418842,bot,0,0,0,0,0,1,0,0,0,0,0,0,0,0
2002024451899109600,2001883349472940218,bot,0,0,0,0,0,0,0,0,0,0,0,0,0,0
2002025204969562135,2001838978996302163,bot,0,0,0,0,0,0,0,0,0,0,0,0,0,0
2002403360318599277,2002310525963907540,bot,0,0,0,0,0,0,0,0,0,0,0,0,0,0
2002404885283668276,2001649522238501365,bot,0,0,0,0,1,0,0,0,0,0,0,0,0,0
2002406324080914836,2002137242983375043,bot,0,0,0,0,0,0,0,0,0,0,0,0,0,0
2002408089895436378,2002152361452834866,bot,0,0,0,0,0,0,0,0,0,0,0,0,0,0
2002410330878587050,2002258231687578001,bot,0,0,0,0,1,0,0,0,0,0,0,0,0,0
2002830343628271699,2002638374856011820,bot,0,0,0,0,0,0,0,0,0,0,0,0,0,0
2002842917761687695,2002644317287166369,bot,0,0,0,0,0,0,0,0,0,0,0,0,0,1
2002846023262032032,2002807465088524766,bot,0,0,0,0,0,0,0,0,0,1,0,0,0,0
2002846256251416900,2002783056458141859,bot,0,0,1,0,0,0,0,0,0,0,0,0,0,0
2002847619681239318,2002784945010319710,bot,0,0,0,0,0,0,0,0,0,0,0,0,0,0
2003103009211928658,2002429781049241712,bot,0,0,0,0,1,0,0,0,0,0,0,0,0,0
2003103814367264838,2002907981139353713,bot,1,0,0,0,0,0,0,0,0,0,0,0,0,0
2003104392065556759,2003072387290747314,bot,0,0,0,0,1,0,0,0,0,0,0,0,0,0
2003105335448363374,2002980769535508828,bot,1,0,0,0,0,0,0,0,0,0,0,0,0,0
2003105556148429199,2002982014413336823,bot,0,0,0,0,0,0,0,0,0,0,0,0,0,0
2003474561224892604,2003151248049222087,bot,0,0,1,0,0,0,0,0,0,0,0,0,0,0
2003476122692989405,2003343367162462672,bot,0,0,0,0,1,0,0,0,0,0,0,0,0,0
2003478294872629321,2003195084196708657,bot,1,0,0,0,0,0,0,0,0,0,0,0,0,0
2003479225676816449,2003112135002370223,bot,0,0,0,0,0,0,0,0,0,0,0,0,0,0
2003603295068209380,2003541516963447151,bot,0,0,0,0,0,0,0,1,0,0,0,0,0,0
2003946600725393554,2003800308800209297,bot,0,0,0,0,0,0,0,0,0,0,0,0,0,0
2003948887380197465,2003563088608657886,bot,0,0,0,0,0,0,0,0,0,0,0,0,0,0
2003971052590797083,2003884513836126341,bot,0,0,0,0,0,0,0,0,0,0,0,0,0,0
2003971510575173977,2003824356984828188,bot,0,0,1,0,0,0,0,0,0,0,0,0,0,0
2003971782143848800,2003804750614274201,bot,0,0,0,0,0,0,0,0,0,0,0,0,0,0
2003972088030183446,2003733551704060273,bot,0,0,0,0,0,0,0,0,0,0,0,0,0,0
2004201645261955095,2004052778927161579,bot,0,0,0,0,0,0,0,0,0,0,0,0,1,0
2004202347333833166,2004175545068933371,bot,0,0,0,0,0,0,0,1,0,0,0,0,0,0
2004203901432578107,2004015729436406067,bot,0,0,1,0,0,0,0,0,0,0,0,0,0,0
2004206716456468793,2004041259296735274,bot,0,0,0,0,0,0,0,0,0,0,0,1,0,0
2004207099249594372,2003535091625275687,bot,0,0,1,0,0,0,0,0,0,0,0,0,0,0
2004569280570921000,2004391059993120953,bot,0,0,0,0,0,0,0,0,0,0,0,0,0,0
2004569526101295565,2004457064530153517,bot,0,0,0,0,0,0,0,0,0,0,0,0,0,0
2004695367787373051,2004613636996632993,bot,0,0,0,0,0,0,0,0,0,0,0,0,0,0
2004699759458607307,2004577838738055433,bot,0,0,0,0,1,0,0,0,0,0,0,0,0,0
2004700167463727506,2004284512654823450,bot,1,0,0,0,0,0,0,0,0,0,0,0,0,0
2004979009336017106,2004780688311287818,bot,0,0,1,0,0,0,0,0,0,0,0,0,0,0
2004979227045539986,2004872634119716891,bot,0,0,0,0,0,0,0,0,0,0,0,0,0,0
2004980548293308818,2004624755522236462,bot,0,0,0,0,0,0,0,0,0,0,0,0,0,1
2004984021244088567,2004770583989682389,bot,0,0,0,0,0,0,0,0,0,0,0,0,1,0
2004985847137870036,2004740107216269431,bot,0,0,0,0,0,0,0,0,0,0,0,0,0,0
2005401841878614356,2004883342920134717,bot,1,0,0,0,0,0,0,0,0,0,0,0,0,0
2005430299459551600,2005284767403769996,bot,0,0,0,0,1,0,0,0,0,0,0,0,0,0
2005432707027767669,2005360183837638690,bot,0,0,0,0,0,0,0,0,0,0,0,0,0,0
2005433815322247288,2005089066413687268,bot,0,0,0,0,0,0,0,0,0,0,0,0,0,0
2005434270580380142,2005320367284613196,bot,0,0,0,0,0,0,0,0,0,0,0,0,0,0
2005744588682674545,2005641834643480993,bot,0,0,0,0,0,0,0,0,0,0,0,0,0,0
2005744778848157774,2005351603499389403,bot,0,0,0,0,0,0,0,0,0,0,0,0,0,0
2005747980159140209,2005138930497454374,bot,0,0,0,0,0,0,0,0,0,0,0,0,0,0
2005748830487109996,2005572031719317961,bot,0,0,0,0,0,0,0,0,0,0,0,0,0,0
2005749364371644814,2005570737109925964,bot,0,0,0,0,0,0,0,0,0,0,0,0,0,0
2005997355800117456,2005852545843859798,bot,0,0,1,0,0,0,0,0,0,0,0,0,0,0
2006002070550163827,2005631134873551352,bot,0,0,0,0,0,0,0,0,0,0,0,0,0,0
2006003698921521177,2005487585649729871,bot,0,0,0,0,0,1,0,0,0,0,0,0,0,0
2006004055533842879,2005837528364900423,bot,0,0,0,0,1,0,0,0,0,0,0,0,0,1
2006004354973610471,2005837463151923404,bot,0,0,0,0,0,0,0,0,0,0,1,0,0,0
2006348282801328187,2005609188597342259,bot,0,0,0,1,0,0,0,0,0,0,0,0,0,0
2006350134334914821,2006042199834710532,bot,0,0,0,0,0,0,0,0,0,0,0,0,0,1
2006350420495507687,2006141826701430837,bot,1,0,0,0,0,0,0,0,0,0,0,0,0,0
2006351697593929972,2006184354800668857,bot,0,0,1,0,0,0,0,0,0,0,0,0,0,0
2006353151549440057,2006110545208824111,bot,0,0,0,0,0,0,0,0,0,0,0,0,0,0
2006731341262475676,2006509614272229493,bot,0,0,0,0,0,0,0,0,0,0,0,0,0,0
2006731624562446604,2006396822152163791,bot,0,0,0,0,0,0,0,0,0,0,0,0,0,0
2006731994558840882,2006550379044155856,bot,0,0,0,0,0,0,0,0,0,1,0,0,0,0
2006732731384840373,2006520118814134679,bot,0,0,0,0,0,0,0,0,0,0,0,0,0,0
2006735533775454432,2006431171547103588,bot,0,0,0,0,0,0,0,0,0,0,0,0,0,0
2007073425894895826,2006881083607101710,bot,0,0,0,0,0,0,0,0,0,0,0,0,0,0
2007073686478569700,2006798931641119048,bot,0,0,0,0,0,0,0,0,0,0,0,0,0,0
2007076618758414812,2006763915510952296,bot,0,0,0,0,0,0,0,0,0,0,0,0,0,0
2007078036340973987,2006766203134685195,bot,0,0,0,0,0,0,0,0,0,0,0,0,0,0
2007079694827393360,2006857969674366983,bot,0,0,1,0,0,0,0,0,0,0,0,0,0,0
2007448902157369737,2007401865747861548,bot,0,0,0,0,0,0,0,0,0,0,0,0,0,0
2007693748768010632,2007357507992465722,bot,0,0,0,0,1,0,0,0,0,0,0,0,0,0
2007698523442098219,2007485571120451769,bot,0,0,0,0,0,1,0,0,0,0,0,0,0,0
2007700620644409753,2007402814344159612,bot,0,1,0,0,0,0,0,0,0,0,0,0,0,0
2007701161789227501,2007601544758526349,bot,0,0,0,0,0,1,0,0,0,0,0,0,0,0
2007850298056843719,2007504660324888927,bot,0,0,0,0,0,0,0,0,0,0,0,0,0,0
2007850855286931940,2007544849902490034,bot,0,0,0,0,0,0,0,0,0,0,0,0,0,0
2007851650887614704,2007562712398594541,bot,0,0,0,0,0,0,0,0,0,0,0,0,0,0
2007854421917536485,2007719361327636731,bot,0,0,0,0,0,1,0,0,0,0,0,0,0,1
2007856783772021012,2007447015349776775,bot,0,0,0,0,0,0,0,0,0,0,0,0,0,0
2008179377926750434,2006851336327794903,bot,0,0,0,0,0,0,0,0,0,0,0,0,0,0
2008179627005509923,2007912417943015764,bot,0,0,0,0,1,0,0,0,0,0,0,0,0,0
2008183935142883822,2007620914498941347,bot,0,0,0,0,0,0,0,0,0,0,0,0,0,0
2008184344662208817,2007910992261652632,bot,0,0,0,0,0,0,0,0,0,0,0,0,0,0
2008185604882772345,2007520004892238108,bot,0,0,0,0,1,0,0,0,0,0,0,0,0,0
2008554500567470406,2008153338689556956,bot,0,0,1,0,0,0,0,0,0,1,0,0,0,0
2008556163906891792,2008046048317485288,bot,0,0,0,0,0,0,0,0,0,0,0,0,0,0
2008556597484703961,2008377144565461426,bot,0,0,0,0,0,0,0,1,0,0,0,0,0,0
2008557603006091397,2008201858020692260,bot,0,0,0,0,0,0,0,0,0,0,0,0,0,0
2008734651146264724,2008508951110053951,bot,0,0,0,0,0,1,0,0,0,0,0,0,0,0
2008735005070032989,2008598912756838509,bot,0,0,0,0,0,0,0,0,0,0,0,0,0,0
2008735313384952263,2008676797320176082,bot,0,0,0,0,0,0,0,0,0,0,0,0,0,0
2008736613912707161,2008530398163403132,bot,0,0,0,0,0,0,0,1,0,0,0,0,0,0
2008768174993375701,2008678342908899716,bot,0,0,0,0,0,0,0,0,0,0,0,0,0,0
2008768481940942975,2008696140456145058,bot,0,0,0,0,0,0,0,0,0,0,0,0,0,0
2008768847227105424,2008584445629272250,bot,0,0,0,0,0,1,0,0,0,0,0,0,0,0
2008769838492041587,2008643890534842742,bot,0,0,0,0,0,0,0,0,0,0,0,0,0,0
2008770112594034843,2008686426976592315,bot,0,0,0,0,0,0,0,0,0,0,0,0,0,0
2008914177633493212,2008775935592636644,bot,0,0,0,0,0,0,0,0,0,0,0,0,0,0
2008916802928103749,2008703764472221822,bot,0,0,0,0,0,0,0,0,0,0,0,0,0,0
2008919325487358268,2008612154929541340,bot,0,0,0,0,0,0,0,0,0,0,0,0,0,0
2008920604934594837,2008678355797684567,bot,0,0,1,0,0,0,0,0,0,0,0,0,0,1
2008923276471386366,2008581445976289680,bot,0,0,0,0,0,0,0,0,0,0,0,0,0,0
2009465432562966801,2009371431306441175,bot,0,0,0,0,0,0,0,0,0,0,0,0,0,0
2009472117142602152,2009211035790791058,bot,0,0,0,0,0,0,0,0,0,0,0,0,0,0
2009631370503463164,2009349167391625239,bot,0,0,0,0,0,0,0,0,0,0,0,0,0,0
2010011572203037170,2009710905643413736,bot,0,0,0,0,0,0,0,0,0,0,0,0,0,0
2011448880206876853,2011360517474897961,bot,0,0,0,0,0,0,0,0,0,0,0,0,0,0
2011831965276639456,2011545167267053791,bot,0,0,0,0,0,0,0,0,0,0,0,0,0,0
2012213469274136955,2011804909834789028,bot,0,0,0,0,0,0,0,0,0,0,0,0,0,0
1984621633445753088,1984183024288969010,bot,0,0,0,0,0,0,0,0,0,0,0,0,0,0
1984623638247522486,1984464886236131628,bot,0,0,0,0,0,0,0,0,0,0,0,0,0,0
1984625080526106841,1984023240524943392,bot,0,0,0,0,0,0,0,0,0,0,0,0,0,0
1984625900822876378,1984425136809033894,bot,0,0,0,0,0,0,0,0,0,0,0,0,0,0
1984626406345572541,1984466430553964545,bot,0,0,0,0,0,0,0,0,0,0,0,0,0,0
1984630000146919490,1983955840941113756,bot,0,0,1,0,0,0,0,0,0,0,0,0,0,0
1984631369733898412,1984036373951545642,bot,0,0,0,0,0,0,0,0,0,0,0,0,0,0
1984631726656663937,1984370718361207056,bot,0,0,0,0,0,0,0,0,0,0,0,0,0,0
1984982360044016088,1984697757467316562,bot,0,0,0,0,0,0,0,0,0,0,0,0,0,0
1984984367056159154,1984939666714624178,bot,1,0,0,0,0,0,0,0,0,1,0,0,0,0
1984984899900612669,1984458032290394195,bot,0,0,0,0,0,0,0,0,0,0,0,0,0,0
1984986371237302288,1984790395918663818,bot,0,0,0,0,0,0,0,0,0,0,0,0,0,0
1985007513880740182,1984741263464137048,bot,0,0,0,0,0,0,0,0,0,0,0,0,0,0
1985007884623634818,1984662561623790028,bot,0,0,0,0,0,0,0,0,0,0,0,0,0,0
1985356607413248243,1985049595425271914,bot,0,0,0,0,0,1,0,0,0,0,0,0,0,0
1985358942654837060,1985045510219334044,bot,0,0,0,0,0,0,0,0,0,0,0,0,0,0
1985359477575393458,1985197996619743296,bot,0,0,0,0,0,0,0,0,0,0,0,0,0,0
1985359759378087979,1985107120254287874,bot,0,0,0,0,0,0,0,0,0,0,0,0,0,0
1985360180582797767,1985036807226937516,bot,1,0,0,0,0,0,0,0,0,0,0,0,0,0
1985368501465280599,1984725365290647899,bot,0,0,0,0,0,0,0,0,0,0,0,0,0,0
1985450415878496511,1985281470609436692,bot,0,0,1,0,0,0,0,0,0,0,0,0,0,0
1985455996114796988,1984756548225192416,bot,0,0,0,0,0,0,0,0,0,0,0,0,0,0
1985456895096734178,1985083013667901607,bot,0,0,1,0,0,0,0,0,0,0,0,0,0,0
1985457782686965776,1985335799865573614,bot,0,0,0,0,0,0,0,0,0,0,0,0,0,0
1985803727496769683,1985733159179489680,bot,0,0,0,0,0,0,0,0,0,0,0,0,0,1
1985804534635970864,1985755256295452913,bot,0,0,0,0,0,0,0,0,0,0,0,0,0,0
1985806171723223423,1985634757833867603,bot,0,0,0,0,0,0,0,0,0,0,0,0,0,0
1985806757868757135,1985447742739792289,bot,0,0,0,0,0,0,0,0,0,0,0,0,0,0
1985807301739999433,1985412117814784418,bot,0,0,0,1,0,0,0,0,0,0,0,0,0,0
1986098042122990065,1985848230714757285,bot,0,0,0,0,0,1,0,0,0,0,0,0,0,0
1986099867295342648,1986042681701630316,bot,0,0,0,0,0,0,0,0,0,0,0,0,0,0
1986101332399297013,1985850026900218206,bot,0,0,0,0,0,0,0,0,0,0,0,0,0,0
1986102096848998444,1985831396791726352,bot,0,0,0,0,0,0,0,0,0,0,0,0,0,0
1986103031448907835,1985833785808863371,bot,0,0,0,0,0,0,0,0,0,0,0,0,0,0
1986544825345171487,1986325425338061200,bot,0,0,0,0,0,0,0,0,0,0,0,0,1,0
1986546478148431937,1986234873011662902,bot,0,0,0,0,0,0,0,0,0,0,0,0,0,0
1986578743825981726,1986501361899323818,bot,0,0,0,0,0,0,0,0,0,0,0,0,0,0
1986579577267798084,1983601617619579339,bot,0,0,0,0,0,0,0,0,0,0,0,0,0,0
1986580916815143356,1986509343328772348,bot,0,0,0,0,0,0,0,0,0,0,0,0,0,0
1986872621892313378,1986775642449547576,bot,0,0,0,0,0,0,0,0,0,0,0,0,0,0
1986873133635137728,1986570981578842509,bot,0,0,0,0,0,0,0,0,0,0,0,0,0,0
1986873421683159300,1986818424861855903,bot,0,0,0,0,0,0,0,0,0,0,0,0,1,0
1986875399339377008,1986801598946058577,bot,0,0,0,0,0,0,0,0,0,0,0,0,0,0
1986876255694688758,1986684861705322569,bot,0,0,0,0,0,0,0,0,0,0,0,0,0,0
1987243005477093668,1987043717077999927,bot,0,0,0,0,0,0,0,0,0,0,0,0,0,0
1987246720636309564,1986994724398637138,bot,0,0,0,0,0,0,0,0,0,0,0,0,0,0
1987249234190438730,1987131836636795297,bot,0,0,0,0,1,0,0,0,0,0,0,0,0,1
1987251646439489862,1987201521449075132,bot,0,0,0,0,0,0,0,0,0,0,0,0,0,0
1987251967203172568,1986951005364506817,bot,0,0,0,0,0,1,0,0,0,0,0,0,0,0
1987252452219871406,1986940422246056300,bot,0,0,0,0,0,0,0,0,0,0,0,0,0,0
1987551911969427568,1987219102205923826,bot,0,0,0,0,0,0,0,0,0,0,0,0,0,0
1987552005343134181,1987303557071045019,bot,0,0,0,0,0,0,0,0,0,0,0,0,1,0
1987552521078853710,1987330859809350052,bot,0,0,0,0,0,0,0,0,0,0,0,0,0,0
1987554021800825052,1987050524206837810,bot,0,0,0,1,0,0,0,0,0,0,0,0,0,0
1987623947710406989,1987478789966672304,bot,0,0,0,0,0,0,0,0,0,0,0,0,0,0
1987627444266799438,1987282366155649445,bot,1,0,0,0,0,0,0,0,0,1,0,0,0,0
1987920477277376986,1987557841830662654,bot,0,0,0,0,0,0,0,0,0,0,0,0,0,0
1987920861618147730,1987858378069098622,bot,0,0,0,0,0,0,0,1,0,0,0,0,0,0
1987922125240304119,1987369026180263999,bot,0,0,0,0,0,0,0,0,0,0,0,0,0,0
1987922510428430419,1987589626408677809,bot,0,0,0,0,0,0,0,0,0,0,0,0,0,1
1987923762046550184,1987647306120966203,bot,0,0,0,0,0,0,0,0,0,0,0,0,0,0
1988375897989132514,1988309150275956974,bot,0,0,0,0,0,0,0,0,0,0,0,0,0,0
1988380541121380742,1988069607052050646,bot,0,0,0,0,0,0,0,0,0,0,0,0,0,0
1988380845195792622,1988312595871527306,bot,0,1,0,0,0,0,0,0,0,0,0,0,0,0
1988384409599308112,1988226126083133807,bot,0,0,1,0,0,0,0,0,0,0,0,0,0,0
1988384863930495316,1988214896039801345,bot,0,0,0,0,0,1,0,0,0,0,0,0,0,0
1988710791646724550,1988529003506847825,bot,0,0,0,0,0,0,0,0,0,0,0,0,0,0
1988711203913203713,1988342657840549949,bot,0,0,0,0,0,0,0,0,0,0,0,0,0,0
1988712867588124851,1988436497088012476,bot,0,0,0,0,0,0,0,0,0,0,0,0,0,0
1988713349433934166,1988557704269643866,bot,0,0,0,0,0,1,0,0,0,0,0,0,0,0
1988714238924194080,1988613820529746176,bot,0,0,0,0,0,0,0,0,0,0,0,0,0,0
1988715739088384209,1988401381838123289,bot,0,0,0,0,0,0,0,0,0,0,0,0,0,0
1989032001895022636,1962215119129325850,bot,0,0,0,0,0,0,0,0,0,0,0,0,0,0
1989032322084045104,1988738816363110716,bot,0,0,0,0,0,0,0,0,0,0,0,0,0,1
1989033323595792393,1988734240679456775,bot,0,1,0,0,0,0,0,0,0,0,0,0,0,0
1989033823229665569,1988792758497341829,bot,0,0,0,0,0,0,0,0,0,0,0,0,0,0
1989040557201522710,1988978659445895446,bot,0,0,0,0,0,0,0,0,0,0,0,0,0,0
1989106242434879554,1989042966845853947,bot,0,0,0,0,0,0,0,0,0,0,1,0,0,0
1989344717641834868,1988927853342388700,bot,0,0,0,0,0,0,0,0,0,0,0,0,0,0
1989345353515032677,1989038372958904792,bot,0,0,0,0,0,0,0,0,0,0,0,0,0,0
1989345358393041155,1989270161296429087,bot,0,0,0,0,0,0,0,0,0,0,0,0,0,0
1989347795057197548,1989097762223452609,bot,0,0,0,0,0,0,0,0,0,0,0,0,0,0
1989348939078775265,1989288954089394380,bot,0,0,0,0,0,0,0,0,0,0,0,0,0,0
1989776914660114814,1989725064971882771,bot,0,0,0,0,0,0,0,0,0,0,0,0,0,0
1989779497650905437,1988967633153310845,bot,0,0,0,0,0,0,0,1,0,0,0,0,0,0
1989781596459721128,1989650567019598248,bot,0,0,0,1,0,0,0,0,0,0,0,0,0,0
1989781872172290551,1989733854366896145,bot,0,0,0,0,0,0,0,0,0,0,0,0,0,0
1989788820800147778,1989699497534926925,bot,0,0,0,0,0,0,0,0,0,0,1,0,0,0
1989808692288479390,1989730717933174819,bot,0,0,0,0,0,0,0,0,0,0,0,0,0,0
1989821308490686574,1989774950513652001,bot,0,0,0,0,1,0,0,0,0,0,0,0,0,0
1990171276300710112,1990106370650046907,bot,0,0,0,0,0,0,0,0,0,0,0,0,0,0
1990173795273867265,1989856498445353364,bot,0,0,1,0,0,0,0,0,0,0,0,0,0,0
1990173928744997099,1989829738483900845,bot,0,0,0,0,0,0,0,0,0,1,0,0,0,0
1990174960803782779,1990037470231109971,bot,0,0,0,1,0,0,0,0,0,0,0,0,0,0
1990175782849630559,1990081853856911678,bot,0,0,0,0,0,0,0,0,0,0,0,0,0,0
1990176134663688339,1989801481256726638,bot,0,0,0,0,0,0,0,0,0,0,0,0,0,0
1990176517159084428,1990053500693463184,bot,0,0,0,0,0,0,0,0,0,0,0,0,0,0
1990536682752413980,1990430954666504377,bot,0,0,0,0,0,0,0,0,0,0,0,0,0,0
1990536749466927506,1990063213258412160,bot,0,0,0,0,0,0,0,0,0,0,0,0,0,0
1990536951812764114,1990417262491173263,bot,0,0,0,0,0,0,0,0,0,0,0,0,0,0
1990537808956596661,1990432079679512595,bot,0,0,0,0,0,0,0,0,0,0,0,0,0,0
1990538164734177712,1990372080131690891,bot,0,0,0,0,0,1,0,0,0,0,0,0,0,0
1990538690246947305,1990374563943952814,bot,0,0,0,0,0,0,0,0,0,0,0,0,0,0
1990538987044307043,1990286835088834588,bot,0,0,0,0,0,0,0,0,0,0,0,0,0,0
1990539243345571967,1990423146327859432,bot,0,0,0,0,0,0,0,0,0,0,0,0,0,0
1990825348796199325,1990454469482459409,bot,0,0,0,0,0,0,0,0,0,0,0,0,0,0
1990827711959331128,1990449713414611366,bot,0,0,0,0,0,0,0,0,0,0,0,0,0,0
1990885560626356649,1990668980126953633,bot,0,0,0,0,0,0,0,0,0,0,0,0,0,0
1990914928866201758,1990857364686451171,bot,0,0,0,0,0,0,0,0,0,0,0,0,0,0
1990915638408183816,1990553627157823797,bot,0,0,0,0,0,0,0,0,0,0,0,0,0,0
1990916557107540361,1990859185966465187,bot,0,0,0,0,0,0,0,0,0,0,0,0,0,0
1990918509484736912,1990832584721338737,bot,0,0,0,0,1,0,0,0,0,0,0,0,0,0
1991152818170876075,1990891195669594127,bot,1,0,0,0,0,0,0,0,0,0,0,0,0,0
1991153119816765560,1990864842169987299,bot,0,0,0,0,0,0,0,0,0,0,0,0,0,0
1991155557189701747,1990981896914751704,bot,0,0,0,0,1,0,0,0,0,0,0,0,0,1
1991155788652421447,1990898983917543859,bot,0,0,0,0,0,0,0,0,0,0,0,0,0,0
1991158222716105059,1991086285855805453,bot,0,0,0,0,0,0,0,0,0,0,0,0,0,0
1991160634658972093,1990939616988590157,bot,0,0,0,0,0,1,0,0,0,0,0,0,0,0
1991160812434571682,1991114610380771619,bot,1,0,0,0,0,0,0,0,0,0,0,0,0,0
1991161301284888934,1990806831493533942,bot,0,0,0,0,0,0,0,0,0,0,1,0,0,0
1991162603628838972,1990905168095793537,bot,0,0,1,0,0,0,0,0,0,0,0,0,0,0
1991162864938197364,1990648863754256521,bot,0,0,0,0,0,0,0,0,0,0,0,0,0,0
1991163295969993028,1990744196375065194,bot,0,0,0,0,0,0,0,0,0,0,0,0,0,0
1991342786457608486,1991258040679399618,bot,0,0,1,0,0,0,0,0,0,0,0,0,0,0
1991343097070928052,1991220081443901919,bot,0,1,0,0,0,0,0,0,0,0,0,0,0,0
1991504672159342973,1991397362049380500,bot,0,0,1,0,0,0,0,0,0,0,0,0,0,0
1991504946944938348,1991160032570827100,bot,0,0,0,0,0,0,0,0,0,0,0,0,0,0
1991521710315643344,1991434674045088169,bot,0,0,0,0,0,0,0,0,0,0,0,0,0,0
1991524530993459416,1991383284690080070,bot,1,0,0,0,0,0,0,0,0,0,0,0,0,0
1991525294470058464,1991114236555383117,bot,0,0,0,0,0,1,0,0,0,0,0,0,0,0
1991589284671787167,1991485074332872871,bot,0,0,0,0,0,1,0,0,0,0,0,0,0,0
1991590397399704038,1991515283975180350,bot,0,0,0,0,0,0,0,0,0,0,0,0,0,0
1991697491486544062,1991538959542046881,bot,0,0,0,0,0,0,0,0,0,0,0,0,0,0
1991875979787047097,1991512977711784363,bot,0,0,0,0,0,0,0,0,0,0,0,0,0,0
1991876373212795344,1991631330191503589,bot,0,1,0,0,0,0,0,0,0,0,0,0,0,0
1991877925268803777,1991575608711868786,bot,0,0,0,0,0,1,0,0,0,0,0,0,0,0
1991878132479975783,1991711749977043314,bot,0,0,0,0,0,0,0,0,0,0,1,0,0,0
1991878317696299368,1991605623964987552,bot,0,0,0,0,0,0,0,0,0,0,0,0,0,0
1991878699868713173,1991779355505328263,bot,0,0,0,0,0,0,0,0,0,0,0,0,0,0
1991879844049658086,1991497968289997094,bot,0,0,0,0,0,0,0,0,0,0,0,0,0,0
1991880885700858157,1991498269290295368,bot,0,0,0,0,0,0,0,0,0,0,0,0,0,0
1991881402661458035,1991574641929056516,bot,0,0,0,0,0,0,0,0,0,0,0,0,0,1
1992261187350745236,1992006267112657002,bot,0,0,0,0,0,0,0,0,0,0,0,0,0,1
1992261571725131989,1991541660757684636,bot,0,0,0,0,0,0,0,0,0,0,0,0,0,0
1992261858137362703,1991964050511794256,bot,0,0,0,0,0,0,0,0,0,0,0,0,0,0
1992262263219081310,1992160721241792930,bot,0,0,1,0,0,0,0,0,0,0,0,0,0,0
1992262935658279379,1992004078898172232,bot,0,0,0,0,0,0,0,0,0,0,0,0,0,0
1992355150845866051,1992207789909819878,bot,0,0,0,0,0,0,0,0,0,0,0,0,0,0
1992356060846256432,1991790093552783437,bot,0,0,1,0,0,0,0,0,0,0,0,0,0,0
1992356154853228796,1992150467674288217,bot,0,0,0,0,0,0,0,0,0,0,0,0,0,1
1992356387209224471,1992186300569387022,bot,0,0,0,0,0,0,0,0,0,0,0,0,0,0
1992357844666990840,1992209189247320548,bot,0,0,0,0,0,0,0,0,0,0,0,0,0,0
1992358135701364980,1991911800296919081,bot,0,0,0,0,0,0,0,0,0,0,0,0,0,0
1992605400235913387,1992546601139634674,bot,0,0,0,0,0,0,0,0,0,0,0,0,0,0
1992607119338602989,1992554494434164898,bot,0,0,1,0,0,0,0,0,0,0,0,0,0,0
1992607472243109904,1992332138264645781,bot,0,0,0,0,0,0,0,0,0,0,0,0,0,0
1992608117067014468,1991845033168019625,bot,0,0,0,0,0,0,0,0,0,0,1,0,0,0
1992608592680092009,1992484150818009429,bot,0,0,0,0,1,0,0,0,0,0,0,0,0,0
1992695169850777628,1992404104313016499,bot,0,0,0,0,0,0,0,0,0,0,0,0,0,0
1992696137883562330,1992590502013940140,bot,0,0,0,0,0,0,0,0,0,0,0,0,0,1
1992696334160101585,1992377007460753581,bot,0,0,0,0,0,0,0,0,0,1,0,0,0,0
1992697476256514379,1992553582302834777,bot,1,0,0,0,0,0,0,0,0,0,0,0,0,0
1992697857699123560,1992579312067961022,bot,0,0,0,0,0,0,0,1,0,0,0,0,0,0
1992698876206195027,1992262673149591661,bot,0,0,0,0,0,0,0,0,0,0,0,0,0,0
1992699767311274403,1992547371016696155,bot,0,0,0,0,0,0,0,0,0,0,0,0,0,0
1992955881026138582,1992709191430201621,bot,0,0,0,0,0,0,0,0,0,0,0,0,0,0
1992957882111815852,1992572116198170633,bot,0,0,0,0,0,0,0,0,0,0,0,0,0,0
1992959675457749475,1992915801398247854,bot,1,0,0,1,0,0,0,0,0,0,0,0,0,0
1992960974999957693,1992592751515619425,bot,0,0,0,0,0,0,0,0,0,0,0,0,0,1
1992961494128951367,1992723284258173200,bot,0,0,0,0,0,0,0,0,0,0,0,0,0,0
1992962374148530376,1991778612891250971,bot,1,0,0,0,0,0,0,0,0,0,0,0,0,0
1992976787681231252,1992247035576389928,bot,0,0,0,0,0,0,0,0,0,0,0,0,0,0
1992977173104189917,1992743603299668152,bot,0,0,0,0,0,0,0,0,0,0,0,0,0,0
1993325245759975617,1992934553795829862,bot,0,0,0,0,0,0,0,1,0,0,0,0,0,0
1993325925685940463,1993201909721972856,bot,0,0,0,0,0,0,0,0,0,0,0,0,0,0
1993326196709343318,1993016837777637459,bot,0,0,0,0,0,0,0,0,0,0,0,0,0,0
1993326625551798471,1993100758959476862,bot,1,0,0,0,0,0,0,0,0,0,0,0,0,0
1993327675478348019,1993188163104411825,bot,0,0,0,0,0,0,0,0,0,0,0,0,0,0
1993328024658264415,1993078048292508146,bot,0,0,0,0,0,0,0,0,0,0,0,0,0,0
1994083184074453129,1993864708005515398,bot,0,0,0,0,0,1,0,0,0,0,0,0,0,0
1994084561051926836,1993897582725353977,bot,0,0,0,0,0,0,0,0,0,0,0,0,0,0
1994084648087888226,1993923660701422059,bot,0,0,0,0,0,0,0,0,0,0,0,0,0,1
1994084796402639181,1994013425437909073,bot,0,0,0,0,0,0,0,0,0,0,0,0,0,0
1994085061054926989,1993933140210118747,bot,0,0,0,0,1,0,0,0,0,0,0,1,0,0
1994085233713434867,1993921468804263983,bot,0,0,0,0,0,0,0,0,0,0,0,0,0,0
1994192905834053835,1994109618411172003,bot,0,0,0,0,0,0,0,0,0,0,0,0,0,0
1994195529429827913,1993953277478908059,bot,0,0,0,0,0,0,0,0,0,0,1,0,0,0
1994834300278042799,1994635593276690631,bot,0,0,0,0,1,0,0,0,0,0,0,0,0,1
1994834852185563146,1994527330711343321,bot,0,1,0,0,0,0,0,0,0,0,0,0,0,0
1994836278236393718,1994649877872349475,bot,0,0,0,0,1,0,0,0,0,0,1,0,0,0
1994837470597300341,1994500791823225318,bot,0,0,0,0,0,0,0,0,0,0,0,0,0,0
1994837679997870461,1994122730287898659,bot,0,0,0,0,1,0,0,0,0,0,0,0,0,0
1994837838571946106,1994559296835915829,bot,0,0,0,0,0,0,0,0,0,0,0,1,0,0
1995164449653534990,1994885891098382706,bot,0,0,1,0,0,0,0,0,0,0,0,0,0,0
1995164676372443491,1994819620520579553,bot,0,0,0,0,0,0,0,0,0,0,0,0,0,0
1995164978165190979,1994662664023224640,bot,0,0,0,0,0,0,0,0,0,0,0,0,0,1
1995595159027814435,1995523289050140691,bot,0,0,0,0,0,1,0,0,0,0,0,0,0,0
1995596618133872735,1995431930637033783,bot,0,0,0,0,0,0,0,0,0,0,0,0,0,0
1995597541430182356,1995506417688862944,bot,0,0,0,0,0,0,0,0,0,0,0,0,0,0
1995597951536648647,1995487740671238516,bot,0,0,0,0,0,0,0,0,0,0,1,0,0,0
1995598624969875598,1995479684293779516,bot,0,0,0,0,0,0,0,0,0,0,0,0,0,0
1995598843648311618,1995481750772834450,bot,0,0,0,0,0,0,0,0,0,0,0,0,0,0
1995599430142046373,1995312577040294244,bot,0,0,0,0,0,0,0,1,0,0,0,0,0,0
1995952905711399141,1995772485493494264,bot,1,0,0,0,0,0,0,0,0,0,0,0,0,0
1995956638696538224,1995642199481127143,bot,0,0,0,0,0,0,0,0,0,0,0,0,0,0
1995957049776087133,1995813976664371516,bot,0,0,0,0,0,0,0,1,0,0,0,0,0,0
1995957199525351659,1995898181779853748,bot,0,0,0,0,0,0,0,0,0,0,0,0,0,0
1995958289595560115,1995845525028176307,bot,0,0,0,0,0,0,0,0,0,0,0,0,0,0
1995958516570333550,1995665751240311258,bot,0,0,0,0,0,0,0,0,0,0,0,0,0,0
1995958769927282840,1995740180511424947,bot,0,0,0,0,0,0,0,0,0,0,0,0,0,0
1996307039442612640,1995939460803166291,bot,0,0,0,0,0,0,0,0,0,0,1,0,0,0
1996307451029643385,1996273709016117619,bot,0,0,1,0,1,0,0,0,0,0,0,0,0,0
1996307758639894812,1996282032465555518,bot,0,0,0,0,0,0,0,0,0,0,0,0,0,0
1996307979444920699,1996104977857892735,bot,0,0,0,0,0,1,0,0,0,0,0,0,0,0
1996311341804429747,1996282858952892751,bot,0,0,0,0,0,0,0,0,0,0,0,0,0,0
1996952498502836364,1996600957774274919,bot,0,0,0,0,0,0,0,0,0,0,0,0,0,0
1996953159957127432,1996732217272553515,bot,0,0,0,0,0,0,0,0,0,0,0,0,0,0
1996954334421012837,1996853584642654356,bot,0,0,1,0,0,0,0,0,0,0,0,0,0,0
1996955912808902775,1996606110673818040,bot,0,0,0,0,0,0,0,0,0,0,0,0,0,0
1996956351080112335,1996827690788368655,bot,0,0,0,0,0,0,0,0,0,0,0,0,0,0
1996956527895134265,1996823202660864197,bot,0,0,0,0,0,0,0,0,0,0,0,0,0,0
1996958573092298901,1996339410581786875,bot,0,0,0,0,0,0,0,0,0,0,0,0,0,0
1996958849765442008,1996459757998424210,bot,0,0,0,0,0,0,0,0,0,0,0,0,0,0
1997034740805689700,1996788548696264769,bot,0,0,0,0,0,0,0,0,0,0,0,0,0,0
1997338766541721815,1997057678099513452,bot,0,0,0,0,0,0,0,0,0,0,0,0,0,0
1997338827543752895,1997168537794945175,bot,0,0,0,0,0,0,0,0,0,0,1,0,0,0
1997340429293965440,1997182736549978439,bot,0,0,0,0,0,0,0,0,0,0,0,0,0,0
1997341310164889664,1997146911959404616,bot,0,0,1,0,0,0,0,0,0,0,0,0,0,0
1997341587110494402,1997232054627344420,bot,0,0,0,0,0,0,0,0,0,0,0,0,0,0
1997682091127869871,1997307358893027470,bot,0,0,0,0,0,0,0,0,0,0,0,0,0,0
1997682396557172812,1997345298000036101,bot,0,0,1,0,0,0,0,0,0,0,0,0,0,0
1997682691769065683,1997369294150365622,bot,0,0,1,0,0,0,0,1,0,0,0,0,0,0
1997682850712146347,1997338296125452655,bot,0,0,0,0,0,0,0,0,0,0,0,0,0,0
1997682868097630283,1997222602964623653,bot,0,0,0,0,0,0,0,0,0,0,0,0,0,0
1998131652883603706,1997995139994911092,bot,0,0,0,0,0,0,0,0,0,0,0,0,0,1
1998133229425967423,1998057508674351164,bot,0,0,0,0,0,0,0,0,0,0,0,0,0,1
1998134500295922117,1998003712464441626,bot,0,0,0,0,0,0,0,0,0,0,0,0,0,0
1998134927934488624,1998058947581001948,bot,0,0,0,0,0,0,0,0,0,0,0,0,0,0
1998135959854965003,1997976548956069906,bot,0,0,1,0,0,0,0,0,0,0,0,0,0,0
1998136306933608651,1997859502255956078,bot,0,0,0,0,0,0,0,0,0,0,1,0,0,0
1998425653062885417,1998383700866687475,bot,0,0,0,0,0,0,0,0,0,0,0,0,0,0
1998426056240328750,1998178697942331859,bot,0,0,0,0,0,0,0,0,0,0,0,0,0,0
1998426268207829459,1998117617505374493,bot,0,0,0,0,0,0,0,0,0,0,0,0,0,0
1998426562979360933,1998225781370315205,bot,0,0,0,0,0,0,0,0,0,0,0,0,0,0
1998426775102099882,1997993906894422275,bot,0,0,0,0,0,0,0,0,0,0,0,0,0,0
1998768547753775213,1998537864032797145,bot,0,0,0,0,0,0,0,0,0,0,0,0,0,0
1998769514511495493,1998443347095203887,bot,0,0,0,0,0,0,0,0,0,0,0,0,0,0
1998827449702891589,1998449008147124482,bot,0,0,0,0,0,0,0,0,0,0,0,0,0,0
1998827719987974312,1998456029193879744,bot,0,0,0,0,1,0,0,0,0,0,0,0,0,0
1998828981701763260,1998787332401766429,bot,0,0,1,0,0,0,0,0,0,0,0,0,0,0
1998835206518698244,1998474545968349678,bot,0,0,0,0,0,0,0,0,0,0,0,0,0,0
1998838196071801099,1998679205517603083,bot,0,0,0,0,0,0,0,0,0,0,0,0,0,0
1999191729367392464,1998984900272398418,bot,0,0,0,0,0,0,0,0,0,0,0,0,0,0
1999211176014569961,1999172991360598078,bot,0,0,0,0,1,0,0,0,0,0,0,0,0,0
1999211961108549642,1999108156061089848,bot,0,0,1,0,0,0,0,0,0,0,0,0,0,0
1999234933080854863,1999072675419795915,bot,0,0,0,0,0,0,0,0,0,0,0,0,0,1
1999274779761652001,1999040961763266807,bot,0,0,0,0,0,0,0,0,0,0,0,0,0,0
1999568286304850367,1999279510689317242,bot,0,1,0,0,0,0,0,0,0,0,0,0,0,0
1999568506405167352,1999516609971650766,bot,0,0,0,0,0,0,0,0,0,0,0,0,0,1
1999570339160875123,1999224229938839940,bot,0,0,0,0,0,0,0,0,0,0,0,0,0,0
1999576125031289001,1997636721513468244,bot,0,0,0,0,0,0,0,0,0,0,0,0,0,0
1999577399839572353,1999465312966836305,bot,0,0,0,0,0,0,0,0,0,0,0,0,0,0
1999874841927627178,1999615958240100570,bot,0,0,0,0,0,0,0,0,0,0,0,0,0,0
1999875796593230094,1999558733488357817,bot,0,0,0,0,0,0,0,0,0,0,0,0,0,0
1999878077526970570,1999436146481463317,bot,0,0,0,0,0,0,0,0,0,0,0,0,0,0
1999878460504735803,1999659571317469497,bot,0,0,0,0,0,0,0,0,0,0,0,0,0,1
1999882753785905332,1999771015233392877,bot,0,0,0,0,0,0,0,0,0,0,0,0,0,0
2000220295949430901,2000136179292029102,bot,0,0,0,0,0,0,0,0,0,0,0,0,0,0
2000220748472889536,2000180602713047480,bot,0,0,0,0,0,0,0,0,0,0,0,0,0,0
2000221185976451344,2000152080334397489,bot,0,0,0,0,0,0,0,0,0,0,0,0,0,0
2000221566303429067,2000055182051401823,bot,0,0,0,0,0,0,0,0,0,0,0,0,0,0
2000221868184215991,2000145996505051624,bot,0,0,1,0,0,0,0,0,0,0,0,0,0,0
2000572908419055816,2000336052981289452,bot,0,0,0,0,0,0,0,0,0,0,0,0,0,0
2000576295931932722,2000105280387035220,bot,0,0,0,0,0,0,0,0,0,0,0,0,0,0
2000661264578588722,2000474376475742675,bot,0,0,0,0,0,0,0,1,0,0,0,0,0,0
2000663462322508137,2000072998603399649,bot,0,0,0,0,0,0,0,0,0,0,0,0,0,0
2000691936538116294,2000644529360109749,bot,0,0,0,0,0,0,0,0,0,0,0,0,0,0
2000954446843412604,2000572920976785444,bot,0,0,0,0,0,0,0,0,0,0,0,0,0,0
2000954780466794561,2000578552354218242,bot,0,0,0,0,0,1,0,0,0,0,0,0,0,0
2001040153154896036,2000949322246951011,bot,0,0,0,0,0,0,0,0,0,0,0,0,0,1
2001040371535503660,2000924951566803299,bot,0,0,0,0,0,0,0,0,0,0,0,0,0,0
2001045539039707170,2000912528730145171,bot,0,0,0,0,0,0,0,0,0,0,0,0,0,0
2001045899565220084,2000691281358410122,bot,1,0,0,0,0,0,0,0,0,0,0,0,0,0
2001293891803234570,2001183219199377764,bot,1,0,0,0,0,0,0,0,0,0,0,0,0,0
2001295777696567578,2001082745288638621,bot,1,0,0,0,0,0,0,0,0,0,0,0,0,0
2001296020060209325,2001198935201759735,bot,0,0,0,0,0,0,0,0,0,0,1,0,0,1
2001296845897691141,2000927253052711237,bot,0,0,0,0,0,0,0,0,0,0,0,0,0,0
2001298109695967313,2001074004845875268,bot,0,0,0,0,0,1,0,0,0,0,0,0,0,0
2001684893802123665,2001411128383914187,bot,0,0,0,0,0,0,0,0,0,0,0,0,0,0
2001729324202819620,2001408323309178966,bot,0,0,0,0,0,0,0,0,0,0,0,0,0,0
2001732660046037388,2001676812586299780,bot,0,0,0,0,0,0,0,0,0,0,0,0,0,0
2001733555508953367,2001649204142444781,bot,0,0,0,0,1,0,0,0,0,0,0,0,0,0
2001734054941438114,2001433377325359126,bot,0,0,0,0,0,0,0,0,0,0,0,0,0,0
2002064849526718511,2001717497461117074,bot,0,0,1,0,0,0,0,0,0,0,0,0,0,0
2002110594137063445,2002068966198686173,bot,0,0,0,0,0,0,0,0,0,0,0,0,0,0
2002112564545691728,2001353420809089086,bot,0,0,0,0,0,0,0,0,0,0,0,0,0,1
2002114844506435769,2002047328660910360,bot,0,0,0,0,0,0,0,0,0,0,1,0,0,1
2002115360867140023,2002026189326893408,bot,1,0,0,0,0,0,0,0,0,0,0,0,0,0
2002486482079011080,2002036816501776631,bot,0,0,0,0,0,0,0,0,0,0,0,0,0,0
2002487103423205758,2002129260472119559,bot,0,0,0,0,0,0,0,0,0,0,0,0,1,0
2002487621847564354,2002308962440433717,bot,0,0,0,0,0,0,0,0,0,0,0,0,0,0
2002488001897570403,2001964634291785735,bot,0,0,0,0,0,0,0,0,0,0,0,0,0,0
2002489404942610475,2002181219652673899,bot,0,0,0,0,0,0,0,0,0,0,0,0,0,0
2002817110863474748,2002751895736402181,bot,0,0,0,0,0,0,0,0,0,0,0,0,0,0
2002817923736383795,2002138538620715199,bot,0,0,0,0,0,0,0,0,0,0,0,0,0,0
2002818764325130355,2002762426492596311,bot,0,0,0,0,0,0,0,0,0,0,0,0,0,0
2002821493076418822,2002541734337925472,bot,0,0,0,0,0,0,0,1,0,0,0,0,0,0
2002823732021133641,2002580987172315583,bot,0,0,0,0,0,0,0,0,0,0,0,0,0,1
2003102360504041842,2003067944629366869,bot,0,0,0,0,0,1,0,0,0,0,0,0,0,0
2003102600829325568,2002875344697933924,bot,0,0,0,0,0,0,0,0,0,0,0,0,0,0
2003104864444801053,2003045498161356899,bot,0,0,0,0,0,0,0,1,0,0,0,0,0,0
2003105255181988209,2002960524166979864,bot,0,0,0,0,0,0,0,0,0,0,0,0,0,0
2003105825514991969,2002959783364534418,bot,0,0,0,0,0,0,0,0,0,0,0,0,0,0
2003255415123886410,2002871267326865507,bot,0,0,0,0,0,0,0,0,0,0,0,0,0,0
2003256147113808316,2003215953363145152,bot,0,0,0,0,0,0,0,0,0,0,0,0,0,0
2003256334217584862,2003019459892789293,bot,0,0,1,0,0,0,0,0,0,0,0,0,0,0
2003256555852939646,2003154665043820559,bot,0,0,0,0,0,0,0,0,0,0,0,0,0,0
2003598636203020611,2003475274608873791,bot,0,0,0,0,0,0,0,0,0,0,0,0,0,0
2003599499076243961,2003405687582523772,bot,0,0,0,0,0,0,0,0,0,0,0,0,0,0
2003599735362408771,2003519739717722383,bot,0,0,0,0,0,0,0,1,0,0,0,0,0,0
2003600861893726500,2003281825171423628,bot,0,0,0,0,0,0,0,0,0,0,0,0,0,0
2003601880388178092,2003479692683227418,bot,0,0,0,0,0,1,0,0,0,0,0,0,0,0
2003940177819980275,2003573280280838653,bot,0,0,0,0,0,0,0,0,0,0,0,0,0,0
2003943792072593891,2003902655593316547,bot,0,0,0,0,0,0,0,0,0,0,0,0,0,0
2003944497525248075,2003649129210347829,bot,0,0,0,0,1,0,0,0,0,0,0,0,0,0
2003945164457324810,2003843990114963946,bot,0,0,0,0,0,0,0,0,0,0,0,0,0,0
2003945567861248453,2003837927663849970,bot,0,0,0,0,0,1,0,0,0,0,0,0,0,0
2004326616638345449,2004225070408126580,bot,0,0,1,0,0,0,0,0,0,0,0,0,0,0
2004327465846444197,2004040637201764707,bot,0,0,0,0,0,0,0,0,0,0,0,0,0,0
2004328176772677837,2004213084077142065,bot,0,0,0,0,0,0,0,0,0,0,0,0,0,0
2004331162173391280,2004154803447079109,bot,1,0,0,0,0,1,0,0,0,0,0,0,0,0
2004331563060781365,2004060777209278561,bot,0,0,0,0,0,0,0,0,0,0,0,0,0,0
2004612028611109370,2004383823908557151,bot,0,0,0,0,0,0,0,0,0,0,1,0,0,0
2004691536823427310,2004311121445245318,bot,0,0,0,0,0,0,0,0,0,0,0,0,0,0
2004692514096164883,2004418942027420092,bot,0,0,0,0,0,0,0,0,0,0,0,0,0,0
2004692967194304751,2004593979904713045,bot,0,0,0,0,1,0,0,0,0,0,0,0,0,0
2004694204958589287,2004553446553534497,bot,0,0,0,0,0,0,0,0,0,0,0,0,1,0
2004700557949214817,2004565103866478862,bot,0,0,0,0,0,0,0,0,0,0,0,0,0,0
2004986052025499751,2004635860000788840,bot,0,0,0,0,0,0,0,0,0,0,0,0,0,0
2005051228418424874,2004638069241139364,bot,0,0,1,0,0,0,0,0,0,0,0,0,0,0
2005068218260447295,2004917530591449498,bot,0,0,0,0,0,1,0,0,0,0,0,0,0,0
2005070519259873349,2004979838604734637,bot,0,0,1,1,0,0,0,0,0,0,0,0,0,0
2005073064166297838,2004832236672344315,bot,0,0,0,0,0,0,0,0,0,0,1,0,0,0
2005287258228752776,2004857651600196088,bot,0,0,0,0,0,0,0,0,0,0,0,0,0,0
2005396230185075073,2005341956814319848,bot,0,0,0,0,0,1,0,0,0,0,0,0,0,0
2005396985226870931,2004934887007305762,bot,0,0,0,0,0,0,0,0,0,0,0,0,0,0
2005397725500645408,2005169083273343403,bot,0,0,0,0,0,0,0,0,0,0,0,0,0,1
2005401113680400676,2004964952877277301,bot,0,0,0,0,0,0,0,0,0,0,0,0,0,0
2005636954797253076,2005426723244917111,bot,0,0,0,0,0,0,0,0,0,0,1,0,0,0
2005637251078717525,2005528666948997336,bot,0,0,0,0,0,1,0,0,0,0,0,0,0,0
2005637522328531079,2005224802555191323,bot,0,0,1,0,0,0,0,0,0,0,0,0,0,0
2005740305190936753,2005651672786460806,bot,0,0,0,0,0,0,0,0,0,0,1,0,0,0
2005743653935808680,2005689170271035577,bot,0,0,0,0,0,0,0,0,0,0,0,0,0,0
2006048882132647987,2005674355406324120,bot,0,0,0,0,0,0,0,1,0,0,0,0,0,0
2006054928486179202,2005825648934162722,bot,0,0,0,0,0,0,0,0,0,0,0,0,0,0
2006103916849619235,2005897707383107783,bot,0,0,0,0,1,0,0,0,0,0,0,0,1,0
2006104585933328860,2005998579744399738,bot,0,0,1,0,0,0,0,0,0,0,0,1,0,0
2006105910477787272,2006063664017670644,bot,0,0,0,0,0,0,0,0,0,0,0,0,0,0
2006567584250937710,2006428776029368821,bot,0,0,0,0,0,0,0,1,0,0,0,0,0,0
2006567927542157717,2006446080783954112,bot,0,0,0,0,1,0,0,0,0,0,0,0,0,0
2006569740647489963,2006467379237368016,bot,0,0,0,0,0,0,0,0,0,0,0,0,0,1
2006575894148612548,2006465349198426409,bot,1,0,0,0,0,0,0,0,0,0,0,0,0,0
2006577983096562116,2006458802594541905,bot,0,0,0,0,0,0,0,0,0,0,0,0,0,0
2006908780533977181,2006609531221258741,bot,0,0,0,0,0,0,0,0,0,0,0,0,0,0
2006910244597690594,2006467566450209095,bot,0,0,0,0,0,0,0,1,0,0,0,0,0,0
2006910455764197866,2006620151677165608,bot,0,0,0,0,0,0,0,0,0,0,0,0,0,0
2006912661225623726,2006787404901048654,bot,0,0,0,1,0,0,0,0,0,0,0,0,0,0
2007069633627476349,2006538366334984444,bot,0,0,0,0,0,0,0,0,0,0,0,0,0,0
2007087052626550904,2006902944264757570,bot,0,0,0,0,0,0,0,0,0,0,0,0,0,1
2007087933749121194,2006861744539382084,bot,0,0,0,0,0,0,0,0,0,0,0,0,0,0
2007290410616369412,2007127247241744510,bot,0,0,0,0,0,1,0,0,0,0,0,0,0,0
2007290673213411385,2006994759978799418,bot,0,0,0,0,1,0,0,0,0,0,0,0,0,1
2007291539949486452,2007195198271697395,bot,0,0,0,0,0,0,0,0,0,0,0,0,0,0
2007616695456731578,2007478705690423778,bot,0,0,0,1,0,0,0,0,0,0,0,0,0,0
2007618613667127326,2007470096810213398,bot,0,0,0,0,0,0,0,0,0,0,0,0,0,0
2007619111010881622,2007483048808591405,bot,0,0,0,0,0,1,0,0,0,0,0,0,0,0
2007692061550485588,2007594052204839208,bot,0,0,0,0,0,0,0,0,0,0,0,0,0,0
2007693417023717536,2007641764140855367,bot,0,0,0,0,0,1,0,0,0,0,0,0,0,0
2007857981526884551,2007398592152293598,bot,0,0,0,0,0,0,0,0,0,0,0,0,0,0
2007859381476450673,2007541912753058028,bot,1,0,0,0,0,1,0,0,0,0,0,0,0,0
2007861104915993050,2007537143112183917,bot,0,1,0,0,0,0,0,0,0,0,0,0,0,0
2007948315476767066,2007914135712055549,bot,0,0,0,0,0,0,0,0,0,0,0,0,0,0
2007950592379863071,2007857093857186123,bot,0,0,0,0,0,0,0,0,0,0,0,0,0,0
2008174223345258527,2007903551197151675,bot,0,0,0,0,0,1,0,0,0,0,0,0,0,0
2008174597426880772,2008034127371706806,bot,0,0,0,0,0,0,0,0,0,0,0,0,0,0
2008175698729390344,2007806428594241832,bot,0,0,0,0,0,0,0,0,0,0,0,0,0,1
2008177374345548029,2007954089645080622,bot,1,1,0,0,0,0,0,0,0,0,0,0,0,0
2008178235725545913,2007875304220749916,bot,0,0,0,0,0,0,0,0,0,0,0,0,0,0
2008536373322461616,2008284434638815374,bot,0,0,0,0,0,0,0,0,0,0,0,0,0,0
2008537500583608433,2008232217525580007,bot,0,0,0,0,0,0,0,0,0,0,0,0,0,0
2008538433233305718,2008224599725797507,bot,0,0,0,0,0,0,0,0,0,0,0,0,0,1
2008540203653173692,2008230010432479543,bot,0,0,0,0,0,0,0,0,0,0,0,0,0,0
2008540889098977287,2008328414558617796,bot,0,0,0,0,0,0,0,0,0,0,0,0,0,0
2008908701583781977,2008705124500398420,bot,0,0,1,0,0,0,0,0,0,0,0,0,0,0
2008909216522584146,2008701611984511280,bot,0,0,0,0,0,0,0,0,0,0,0,0,0,1
2008910126053241315,2008622098390946217,bot,0,0,0,0,0,0,0,0,0,0,0,0,0,0
2008910399115071619,2008601788354585064,bot,0,0,0,0,0,0,0,0,0,0,0,0,0,0
2008912947054084202,2008689534968754427,bot,0,0,0,0,0,0,0,0,0,0,0,0,0,0
2009457981939744817,2009342949101064598,bot,0,0,0,0,0,0,0,0,0,0,0,0,0,0
2009458630085538214,2009206637962383809,bot,0,0,0,0,0,0,0,0,0,0,0,0,0,0
2009461838623146393,2009345392182501756,bot,0,1,0,0,0,0,0,0,0,0,0,0,0,0
2009464093497765889,2009123245094572408,bot,0,0,0,0,0,0,0,0,0,0,0,0,0,0
2009626249384046746,2009379264567685392,bot,0,0,0,0,0,0,0,0,0,0,0,0,0,0
2009628594788581649,2008390188452524241,bot,0,0,0,0,0,0,0,0,0,0,0,0,0,0
2010010471466697177,2009885346792714285,bot,0,0,0,0,0,0,0,0,0,0,0,0,0,0
2010011102986277028,2009917318458126524,bot,0,0,0,0,1,0,0,0,0,0,0,0,0,0
2010718200258777159,2010679425453437362,bot,0,0,0,0,0,0,0,0,0,0,0,0,0,0
2010718682276634809,2010601592098304194,bot,0,0,0,0,0,0,0,0,0,0,0,0,0,0
2011079826543706192,2011001084278358382,bot,0,0,0,0,0,0,0,0,0,0,0,0,0,0
2011448517634523591,2011154203268481368,bot,0,0,0,1,1,0,0,0,0,0,0,0,0,0
2011458260746879098,2011269753000841376,bot,0,0,0,0,0,0,0,0,0,0,0,0,0,1
2011461846822277197,2011115650396062104,bot,0,0,0,0,0,0,0,0,0,0,0,0,0,0
2011825162702684600,2011488113970069877,bot,0,0,0,0,0,0,0,0,0,0,0,0,0,0
1984616469364183506,1984564290662051897,bot,0,0,0,0,0,0,0,0,0,1,0,0,0,0
1984617607056478359,1984445054010671526,bot,0,0,0,0,0,0,0,0,0,0,0,0,0,0
1984618172566147329,1984459581968556108,bot,0,0,0,0,0,0,0,0,0,0,0,0,0,0
1984618870280237152,1984391277656621199,bot,0,0,0,0,0,1,0,0,0,0,1,0,0,0
1984621314410242544,1984245380738138448,bot,0,0,0,0,0,0,0,0,0,0,0,0,0,0
1984630474040316239,1984373940404318218,bot,0,0,0,0,0,0,0,0,0,0,0,0,0,0
1984632106895466672,1984371426258993466,bot,0,0,0,0,0,0,0,0,0,0,0,0,0,0
1984979073408323672,1984657921699910010,bot,0,0,0,0,0,0,0,0,0,0,0,0,0,0
1984979906007007627,1984691991855112619,bot,0,0,0,0,0,0,0,0,0,0,0,0,0,0
1984980385999073430,1984511682262048855,bot,0,0,0,0,0,0,0,0,0,0,1,0,0,0
1984981506574492058,1984628631126360533,bot,0,0,0,0,0,0,0,0,0,0,0,0,0,0
1984982042019344519,1984758406779969831,bot,0,0,0,0,0,0,0,0,0,0,0,0,0,0
1985349338113925572,1985203965319913898,bot,0,0,0,0,0,0,0,0,0,0,0,0,0,0
1985351654560928003,1985107824020730333,bot,0,0,0,0,0,0,0,0,0,0,0,0,0,0
1985353451849544037,1985050563407720666,bot,1,0,0,1,0,0,0,0,0,0,0,0,0,0
1985355151167627641,1985060387910271023,bot,0,0,0,0,0,0,0,0,0,0,0,0,0,1
1985355501794685020,1985079789057949883,bot,0,0,0,0,1,0,0,0,0,0,0,0,0,0
1985369330117218373,1984993104886165905,bot,0,0,1,0,0,0,0,0,0,0,0,0,0,0
1985370057325576228,1985066426026144042,bot,1,0,0,0,0,0,0,0,0,0,0,0,0,0
1985424690706293046,1985277430500643031,bot,0,0,0,0,0,0,0,0,0,0,0,0,0,0
1985431020041085433,1985098119458279672,bot,0,0,0,0,0,1,0,0,0,0,0,0,0,0
1985793226343624728,1974393872567681079,bot,0,0,0,0,0,0,0,0,0,0,0,0,0,0
1985794955374133537,1985750550156062749,bot,0,0,0,0,0,0,0,0,0,0,0,0,0,0
1985795654715617599,1985679827748143143,bot,0,0,0,0,0,0,0,0,0,0,0,0,0,0
1985796770484412673,1985760796518039853,bot,0,0,0,0,0,0,0,0,0,0,0,0,0,0
1985796896653217824,1985402231483502631,bot,0,0,0,0,0,0,0,0,0,0,1,0,0,0
1985798054985793701,1985393423856107694,bot,0,0,0,0,0,0,0,0,0,0,0,0,0,0
1985798370019995814,1985715220103213258,bot,0,0,0,0,0,1,0,0,0,0,0,0,0,0
1985798669463884125,1985530254425825752,bot,0,0,0,0,0,0,0,0,0,1,0,0,0,0
1985799370923503899,1985342055598481851,bot,0,0,0,0,0,0,0,0,0,0,0,0,0,0
1985801485393797395,1985424236794490946,bot,0,0,0,0,0,0,0,0,0,0,0,0,0,0
1985801944460402902,1985709161900868025,bot,0,0,0,0,0,0,0,0,0,0,0,0,0,0
1985802092271874386,1985581423152312678,bot,0,0,1,0,0,0,0,1,0,0,0,0,0,0
1986105961354862875,1986048900680352196,bot,0,0,0,0,0,0,0,0,0,0,0,0,0,0
1986106487425405325,1985966429276160154,bot,0,0,0,0,0,0,0,0,0,0,0,0,0,0
1986106993161973877,1985782640104939992,bot,0,0,0,0,0,1,0,0,0,0,0,0,0,0
1986107292211708134,1986038085302222852,bot,0,0,0,0,0,0,0,0,0,0,0,0,0,0
1986107887756726704,1985763752567001215,bot,0,0,0,0,0,0,0,0,0,0,0,0,0,0
1986108579711992245,1985544438760759670,bot,0,0,0,0,0,0,0,0,0,0,0,0,0,0
1986488967475134558,1986249676455137429,bot,0,0,0,0,0,0,0,0,0,0,0,0,0,0
1986489354970149191,1986426028990877701,bot,0,0,0,0,0,0,0,0,0,0,0,0,1,0
1986489860400533730,1986453225810301057,bot,0,0,0,0,0,0,0,0,0,0,0,0,0,0
1986490621469601915,1986219320645448147,bot,0,0,0,0,0,0,0,0,0,0,0,0,0,0
1986491066564931898,1986408017957409109,bot,0,0,0,0,0,0,0,0,0,0,0,0,1,0
1986492165581660200,1986355135887667677,bot,0,0,1,0,0,0,0,0,0,0,0,0,0,0
1986818137354912242,1986507411314659346,bot,0,0,0,0,0,0,0,0,0,0,0,0,0,0
1986876967430307869,1986709745961484462,bot,0,0,0,0,0,0,0,0,0,0,0,0,0,0
1986877898859454868,1986520069204287914,bot,0,0,0,0,0,0,0,0,0,0,0,0,0,0
1986878388867371186,1986817447396020437,bot,0,0,0,0,0,0,0,0,0,0,0,0,0,1
1986878705075954054,1986528002914545971,bot,0,0,0,0,0,0,0,0,0,0,0,0,0,0
1986879132991471868,1986777625629442137,bot,0,0,0,0,0,1,0,0,0,0,0,0,0,0
1987236445254234330,1986905944555475164,bot,0,0,0,0,0,0,0,0,0,0,0,0,0,0
1987238565890105814,1986994343526170888,bot,0,0,0,0,0,1,0,0,0,0,0,0,0,0
1987238967415075153,1987139033777250391,bot,0,0,0,0,0,0,0,0,0,0,0,0,0,0
1987250480880189511,1987168864958927261,bot,0,0,0,0,0,1,0,0,0,0,0,0,0,0
1987250766411641001,1986827848330743964,bot,0,0,0,0,0,0,0,0,0,0,0,0,0,0
1987251322647662605,1987079428976087494,bot,0,0,0,0,0,0,0,0,0,0,0,0,0,0
1987625050447413535,1986887091473514780,bot,0,1,0,0,0,0,0,0,0,0,0,0,0,0
1987625314386636947,1986691360556994938,bot,0,0,0,0,0,0,0,0,0,0,0,0,0,0
1987625398952149429,1987540970271809722,bot,0,0,0,0,0,0,0,0,0,0,0,0,1,0
1987625630637126114,1987465515401637949,bot,0,0,0,0,0,0,0,0,0,0,1,0,0,0
1987625864884801952,1987545242065842368,bot,0,0,0,0,0,1,0,0,0,0,0,0,0,0
1987626881332470154,1987521338525843631,bot,0,0,0,0,0,0,0,0,0,0,0,0,0,0
1987923945677336989,1987203682505498848,bot,1,0,0,0,0,0,0,0,0,0,0,0,0,0
1987924193736888391,1987684499652854016,bot,0,0,0,0,0,0,0,1,0,0,0,0,0,0
1987924420585783615,1987737789270798498,bot,0,0,0,0,0,0,0,0,0,0,0,0,0,0
1987924489422746107,1987569879310803363,bot,0,0,0,0,0,0,0,0,0,0,0,0,1,0
1987924716909154550,1987864741491138649,bot,0,0,0,0,0,1,0,0,0,0,0,0,0,0
1988287475244998915,1988185236421636251,bot,0,0,0,0,0,1,0,0,0,0,0,0,0,0
1988288172212523331,1988001797961904269,bot,0,0,0,0,0,0,0,0,0,0,0,0,0,0
1988351847292076310,1988239256003772670,bot,0,0,0,0,1,0,0,0,0,0,0,0,0,1
1988352282799247855,1988264209902104794,bot,0,1,0,0,0,0,0,0,0,0,0,0,0,0
1988352605085438431,1988253213414330708,bot,0,0,1,0,0,0,0,0,0,0,0,0,1,0
1988383510042718631,1988065200050671967,bot,0,0,0,0,0,1,0,0,0,0,0,0,0,0
1988737300986032254,1988719123606417722,bot,0,0,0,0,0,0,0,0,0,0,0,0,1,0
1988738109232562228,1988629476754801121,bot,0,0,0,0,1,0,0,0,0,0,0,0,0,0
1988738431602540644,1988676948693020814,bot,0,0,0,0,0,0,0,0,0,0,0,0,0,0
1988739155442925663,1988667993975644618,bot,0,0,0,0,0,0,0,0,0,0,0,0,0,0
1988741091663683892,1988705021580702088,bot,0,0,0,0,0,0,0,0,0,0,0,0,0,0
1989007786919800978,1988690820002898166,bot,0,0,0,0,0,0,0,1,0,0,0,0,0,0
1989008765069242608,1988676183895245181,bot,0,0,0,0,0,0,0,0,0,0,0,0,0,0
1989039862612103438,1988903691865219213,bot,0,0,0,0,0,0,0,0,0,0,0,0,0,0
1989068142279086559,1988965069573497208,bot,0,0,0,0,0,1,0,0,0,0,0,0,0,0
1989068525575516579,1988856329713164773,bot,0,0,0,0,0,1,0,0,0,0,0,0,0,0
1989348398839841000,1989196318397591710,bot,0,0,1,0,0,0,0,0,0,0,0,0,0,0
1989349307351232671,1989066115281305951,bot,0,0,0,0,0,0,0,0,0,0,0,0,0,0
1989398224805773633,1989293822614917209,bot,0,0,0,0,0,0,0,0,0,0,0,0,0,0
1989398645074981323,1989283580204425332,bot,0,0,0,0,0,0,0,0,0,0,0,0,0,0
1989415920058388556,1989315118358745148,bot,0,0,0,0,0,0,0,0,0,0,0,0,0,0
1989447696336183782,1989205611909951678,bot,0,0,0,0,0,0,0,0,0,0,0,0,0,0
1989448214643183868,1989125742257664383,bot,0,0,0,0,0,0,0,0,0,0,1,0,0,0
1989818233038213493,1989681619146281286,bot,0,0,0,0,0,0,0,0,0,0,0,0,0,0
1989818725340414040,1989755354670838043,bot,0,1,0,0,0,0,0,0,0,0,0,0,0,0
1989819312752705570,1989803898509693275,bot,0,0,0,0,0,0,0,0,0,0,0,0,0,0
1989819735127539814,1989718030356811873,bot,0,0,0,0,0,1,0,0,0,0,0,0,0,0
1989820239924678745,1989749929334784497,bot,0,0,0,0,0,0,0,0,0,0,0,0,0,0
1989820680464998693,1989579511441019265,bot,0,0,0,0,0,0,0,0,0,0,0,0,0,0
1990088906151256094,1989707838579732894,bot,0,0,0,0,0,0,0,0,0,0,0,0,0,0
1990089130139607044,1989438386843914522,bot,0,0,1,0,0,0,0,0,0,0,0,0,0,0
1990147304825803112,1989904590305988749,bot,0,0,0,0,0,0,0,0,0,0,0,0,0,0
1990147308386664502,1990067720155447479,bot,0,0,0,0,0,0,0,0,0,0,0,0,0,0
1990147535952892316,1989879974170693757,bot,0,0,0,0,0,0,0,0,0,0,0,0,0,0
1990148142583451748,1989806178243670309,bot,0,0,0,0,0,0,0,0,0,0,0,0,0,0
1990149174038331653,1989876625459351960,bot,0,0,0,0,0,0,0,0,0,0,0,0,0,0
1990149291755606301,1990060599527813464,bot,0,0,0,0,0,0,0,0,0,0,0,0,0,0
1990149877184012576,1990108811160350901,bot,0,0,0,0,0,0,0,0,0,0,0,0,0,0
1990437813125341665,1990225780455145960,bot,0,1,0,0,0,0,0,0,0,0,0,0,0,0
1990439509150875654,1990229021364519102,bot,0,0,0,0,0,0,0,0,0,0,0,0,0,0
1990440958328975415,1990131367187759121,bot,0,0,0,0,0,0,0,0,0,0,0,0,0,1
1990446639522136399,1990158203569746195,bot,0,0,0,0,0,0,0,0,0,0,0,0,0,0
1990447073703969096,1990161251872223448,bot,0,0,0,0,0,0,0,0,0,0,1,0,0,0
1990447450423808422,1989539912312336640,bot,0,0,0,0,0,0,0,0,0,0,0,0,0,0
1990447677016826102,1990198888175939691,bot,0,0,1,0,0,0,0,0,0,0,0,0,0,0
1990826157294387422,1990674832485233051,bot,0,0,0,0,0,0,0,0,0,0,0,0,0,0
1990828440577077573,1990383678682456084,bot,0,0,0,0,0,0,0,0,0,0,0,0,0,0
1990843706346193103,1990693518793220430,bot,0,0,0,0,0,0,0,0,0,0,0,0,0,0
1990844307754864666,1990715101893013724,bot,0,0,0,0,0,0,0,0,0,0,0,0,0,0
1990851010533659089,1990576408377401828,bot,0,0,0,0,0,0,0,0,0,0,0,0,0,0
1990917355203969261,1990839147414581656,bot,0,0,0,1,0,0,0,0,0,0,0,0,0,0
1991161976425164962,1990917853462077729,bot,0,0,1,0,0,0,0,0,0,0,0,0,0,0
1991162344450232627,1990957849372209235,bot,0,0,0,0,0,0,0,0,0,0,0,0,0,0
1991180145713987829,1990544321737810420,bot,0,0,0,0,0,0,0,0,0,0,0,1,0,0
1991180741443531132,1990809389872075155,bot,0,0,0,0,0,0,0,0,0,0,0,0,0,0
1991181001217765804,1990907998789636123,bot,0,0,0,0,0,0,0,0,0,0,0,0,0,0
1991181888858259787,1990846111074906183,bot,0,0,0,0,0,0,0,0,0,0,0,0,0,0
1991583500487581772,1991372086716113333,bot,1,0,1,0,0,0,0,0,0,0,0,0,0,0
1991583918517080066,1991277807964680225,bot,0,0,0,0,0,0,0,0,0,0,0,0,0,0
1991584331505017045,1991505555496792146,bot,0,0,0,0,1,0,0,0,0,0,0,0,0,0
1991587038882054398,1991293785003712874,bot,0,0,0,0,0,0,0,0,0,0,0,0,0,0
1991587804971729074,1991576680956117123,bot,0,0,0,0,0,0,0,0,0,0,0,0,0,0
1991588428933157084,1991522085403783287,bot,0,0,0,0,0,0,0,0,0,0,0,0,0,0
1991905739837751545,1991195731839836459,bot,0,0,0,0,0,0,0,0,0,0,1,0,0,0
1991905983107330469,1991471750354436355,bot,0,0,0,0,0,0,0,0,0,0,0,0,0,0
1991906408648827346,1991808184626098294,bot,0,0,0,0,0,0,0,0,0,0,0,0,0,0
1991906428659884519,1991823990403338723,bot,0,0,0,0,0,0,0,0,0,0,0,0,0,0
1991907526682570857,1991266332877152414,bot,0,0,0,0,0,0,0,0,0,0,0,0,0,0
1991907752646467867,1991825618980503795,bot,0,0,0,0,0,1,0,0,0,0,0,0,0,0
1991908475757035906,1991567063307915342,bot,0,0,0,0,0,0,0,0,0,0,0,0,0,0
1992264109274873989,1991945750486614366,bot,0,0,0,0,0,0,0,0,0,0,0,0,0,0
1992264262270476458,1991854783838425215,bot,0,0,0,0,0,0,0,0,0,0,0,0,0,0
1992265159197265998,1992114908037841209,bot,0,0,0,0,0,0,0,0,0,0,0,0,0,1
1992265545391944015,1991881061341843572,bot,0,0,0,0,0,0,0,0,0,0,0,0,0,0
1992265794240016651,1991895993466683764,bot,0,0,0,0,0,0,0,0,0,0,0,0,0,0
1992266427730895006,1991876856195535227,bot,0,0,0,0,0,0,0,0,0,0,0,0,0,0
1992608955281936446,1992404634342993925,bot,0,0,0,0,0,0,0,0,0,0,0,0,0,0
1992609284471833012,1992428973268287762,bot,0,0,0,0,0,0,0,0,0,0,0,0,0,0
1992609581579604137,1991959126134632958,bot,0,0,0,0,0,0,0,0,0,0,0,0,0,0
1992609908408135782,1992391271969943776,bot,0,0,0,1,0,0,0,0,0,0,0,0,0,0
1992610206967079180,1992260266298327310,bot,0,0,0,0,0,0,0,0,0,0,0,0,0,0
1992970119526359311,1992885850938745326,bot,0,0,0,0,1,0,0,0,0,0,0,0,0,0
1992970629826453706,1980042655565520906,bot,0,0,0,0,0,0,0,0,0,0,0,0,0,0
1992970917589242003,1992675783442067888,bot,1,0,0,0,0,0,0,0,0,0,0,0,0,0
1992971261396303873,1992601874092929152,bot,0,0,0,0,0,0,0,0,0,0,0,0,0,0
1992971922775167060,1992919160054259885,bot,1,0,0,1,0,0,0,0,0,0,0,0,0,0
1993316339788775490,1987449045544309180,bot,0,0,0,0,0,0,0,0,0,0,0,0,0,0
1993317230952493399,1993149553198112911,bot,0,1,0,0,0,0,0,0,0,0,0,0,0,0
1993319215701377454,1993100192837489111,bot,0,0,0,0,0,0,0,0,0,0,0,0,0,0
1993320152104882336,1993141235545260482,bot,0,0,0,0,0,0,0,0,0,0,0,0,0,0
1993320447878766641,1993068077240725676,bot,0,0,0,0,0,0,0,0,0,0,0,0,0,1
1994130376319447211,1993688441763102944,bot,0,0,0,0,0,0,0,0,0,0,0,0,0,0
1994186664525107405,1993871767178199208,bot,0,0,0,0,0,0,0,0,0,0,0,0,0,0
1994824368170360852,1994526844314685778,bot,0,0,0,0,0,0,0,0,0,0,0,0,0,0
1994831056063664470,1994352199514681594,bot,0,0,0,0,0,0,0,0,0,0,0,0,0,0
1994833552026849383,1994481322434465878,bot,0,0,0,0,0,0,0,0,0,0,1,0,0,0
1994833853458874500,1994681485811757372,bot,0,0,0,0,0,0,0,0,0,0,1,0,0,0
1994900603751784804,1994821659564368276,bot,0,0,0,0,0,0,0,0,0,0,0,0,0,0
1994902566526722185,1994646860774903810,bot,0,0,0,0,0,0,0,0,0,0,0,0,0,0
1995154021422657981,1994862380833280504,bot,0,0,0,0,0,0,0,0,0,0,0,0,0,0
1995154718071419009,1994944574784246162,bot,0,0,0,0,0,0,0,0,0,0,0,0,0,0
1995154917510500640,1995016951010414921,bot,0,0,0,0,0,0,0,0,0,0,0,0,0,0
1995155689438687421,1995043384424313205,bot,0,0,0,0,0,0,0,1,0,0,0,0,0,1
1995156000588906802,1994883484658102287,bot,0,0,0,0,0,0,0,0,0,0,0,0,0,0
1995156630879576307,1995095463670829264,bot,0,0,0,0,0,0,0,0,0,0,0,0,0,0
1995568216572129707,1995377311236133070,bot,0,0,0,0,0,0,0,0,0,0,0,0,0,0
1995572852301459527,1995132641251627505,bot,0,0,0,0,0,0,0,0,0,0,0,0,1,0
1995581314339061802,1995214834590519523,bot,0,0,0,0,0,0,0,0,0,0,0,0,0,0
1995581725657768181,1995466136096252215,bot,0,0,0,0,0,0,0,0,0,1,0,0,0,0
1995582121335738760,1995503070151602565,bot,0,0,0,0,0,0,0,0,0,0,0,0,0,0
1995871409449415142,1995670502548144413,bot,0,0,0,0,0,0,0,0,0,0,0,0,0,0
1995871713842606385,1995497378208698529,bot,0,0,0,0,0,0,0,0,0,0,0,0,0,0
1995871943346507838,1995650074270204409,bot,0,0,0,0,0,0,0,0,0,0,0,0,0,0
1995872138813669679,1995732515923927289,bot,0,0,0,0,0,0,0,0,0,0,0,0,0,0
1995872447682253184,1995614487626518753,bot,0,1,0,0,0,0,0,0,0,0,0,0,0,0
1995959752912732566,1995842091256332800,bot,0,0,0,0,0,0,0,0,0,0,0,0,0,0
1996228063256842672,1996068379078414662,bot,0,0,0,0,0,0,0,0,0,0,1,0,0,0
1996231628448772586,1996031327427322229,bot,0,0,0,0,0,1,0,0,0,0,1,0,0,0
1996231955952627782,1996020707080503805,bot,0,0,1,0,0,0,0,0,0,0,0,0,0,0
1996232657730994525,1996037567431762228,bot,0,0,0,0,0,0,0,0,0,0,0,0,0,0
1996233098485235940,1995830079822463046,bot,0,0,0,0,0,0,0,0,0,0,0,0,0,0
1996312454075130359,1996187285180850482,bot,0,0,0,0,0,0,0,0,0,0,1,0,0,0
1996313393486004632,1995810221109715091,bot,0,0,0,0,0,0,0,0,0,0,0,0,0,0
1996314323493241252,1996189535559151812,bot,0,0,0,0,0,0,0,0,0,0,0,0,0,0
1996315778254021042,1995937784532746510,bot,0,0,0,0,0,0,0,0,0,0,0,0,1,0
1996937851477344257,1996776164619125188,bot,0,0,0,0,0,0,0,0,0,0,0,0,0,1
1996938640333676640,1996814513761562759,bot,0,0,0,0,0,0,0,0,0,0,0,0,0,0
1996939025534361947,1996798101936656517,bot,0,0,0,0,1,0,0,0,0,0,0,0,0,0
1996939419341684844,1996765032504242352,bot,0,0,0,0,1,0,0,0,0,0,0,0,0,0
1996940528617758939,1996590656207351848,bot,0,0,0,0,0,0,0,0,0,0,1,0,0,0
1996941184158093801,1996845051415351659,bot,0,0,1,0,0,0,0,0,0,0,0,0,0,0
1996941721721090391,1996734981570445778,bot,0,0,0,0,0,0,0,0,0,0,0,0,0,0
1996942528847790090,1996731249130422758,bot,0,0,0,0,0,0,0,0,0,0,0,0,0,0
1997032470475059275,1996693541553139858,bot,0,0,0,0,0,0,0,0,0,0,0,0,0,0
1997033927077179842,1996806302883062128,bot,0,1,0,0,0,0,0,0,0,0,0,0,0,0
1997034198037565751,1996852793294938125,bot,0,0,0,0,0,0,0,0,0,0,0,0,0,0
1997344333670875145,1996884940307194315,bot,0,0,0,0,1,0,0,0,0,0,0,0,0,0
1997344837754822755,1996945036572086500,bot,0,0,1,0,0,0,0,0,0,0,0,0,0,0
1997345905423335594,1997043553923420668,bot,0,0,0,0,0,0,0,0,0,0,0,0,0,0
1997348318137983271,1997124841032634388,bot,0,0,0,0,0,0,0,0,0,0,0,0,0,0
1997348548220793094,1996749284876615682,bot,0,0,0,0,1,0,0,0,0,0,0,0,0,0
1997348671331991769,1997125505200582703,bot,0,0,0,0,1,0,0,0,0,0,0,0,0,0
1997684238225703366,1997318307691508194,bot,0,0,0,0,1,0,0,0,0,0,0,0,0,1
1997685369563644003,1997410772121522233,bot,0,0,0,0,0,0,0,0,0,0,0,0,0,0
1997789819485778242,1997696702917300356,bot,0,0,0,0,0,0,0,0,0,0,0,0,0,0
1997791625230102623,1997632974628479243,bot,0,0,0,0,0,0,0,0,0,0,0,0,0,0
1998033265869848724,1997940011883438214,bot,0,0,0,0,0,0,0,0,0,0,0,0,0,0
1998035588696416554,1997958058585321484,bot,0,0,0,0,0,1,0,0,0,0,0,0,0,0
1998036020609089686,1997841267628077284,bot,0,0,0,0,0,0,0,0,0,0,0,0,0,0
1998039940236505350,1997640389432340618,bot,0,0,0,0,0,0,0,0,0,0,0,0,0,0
1998042847862272403,1997752601379807648,bot,0,0,0,0,0,0,0,0,0,0,0,0,0,0
1998045980667646385,1997810282006269988,bot,0,0,0,0,0,0,0,0,0,0,0,0,0,1
1998417304472687088,1998302276629475585,bot,0,0,0,0,0,0,0,0,0,0,0,0,0,0
1998418736718492106,1998120395652694502,bot,0,0,0,0,1,0,0,0,0,0,0,0,0,0
1998419372310737274,1998050038082359322,bot,0,0,0,0,0,0,0,1,0,0,0,0,0,0
1998419898691727710,1998337258483490865,bot,0,0,1,0,0,0,0,0,0,0,0,0,0,0
1998421818877559181,1998074269545157004,bot,0,0,0,0,0,1,0,0,0,0,0,0,0,0
1998757877410853127,1998724512574222792,bot,0,0,0,0,0,1,0,0,0,0,0,0,0,0
1998758133682807130,1998553979828195495,bot,0,0,0,0,1,0,0,0,0,0,0,0,0,1
1998760462649827787,1998587540794732627,bot,0,0,0,0,0,0,0,0,0,0,0,0,0,0
1998764549583798632,1998419540422930655,bot,0,0,0,0,1,0,0,0,0,0,0,0,0,0
1998764847433916697,1998562017377136974,bot,0,0,0,0,0,0,0,0,0,0,1,0,0,0
1999127581505814969,1998912018850656622,bot,0,0,0,0,0,0,0,0,0,0,0,0,0,0
1999128792795652352,1998946200503128493,bot,0,0,0,0,0,0,0,0,0,0,0,0,0,1
1999131386515497071,1998838301696962787,bot,0,0,0,0,0,0,0,0,0,0,0,0,0,0
1999140393594638736,1998779406932697208,bot,0,0,0,0,0,0,0,0,0,0,0,0,0,0
1999140673249857704,1998778738176077833,bot,0,0,0,0,0,0,0,0,0,0,0,0,0,0
1999482283036737577,1999158281030267391,bot,0,0,0,0,0,0,0,0,0,0,0,0,0,0
1999485477666132085,1999409878981320907,bot,0,0,0,0,0,1,0,0,0,0,0,0,0,0
1999485914179862786,1999284819881238642,bot,0,1,0,0,0,0,0,0,0,0,0,0,0,0
1999486939624292488,1998800437039018113,bot,0,0,0,0,0,0,0,0,0,0,0,0,0,0
1999487468123328916,1999266149457100940,bot,0,1,0,0,0,0,0,0,0,0,0,0,0,0
1999883080291495982,1999534399843336429,bot,0,0,0,0,0,0,0,0,0,0,0,0,0,0
1999883791888781368,1999639750907691081,bot,0,0,0,0,0,1,0,0,0,0,0,0,0,0
1999884441494094180,1999501545121906985,bot,0,0,0,0,0,0,0,0,0,0,0,0,0,0
1999932408687149548,1999896141757108342,bot,0,0,0,0,0,0,0,0,0,0,0,0,0,0
1999934549543809258,1999499688882639244,bot,0,0,0,0,0,0,0,0,0,0,0,0,0,0
2000240657990861232,2000174542283850124,bot,0,0,0,0,0,0,0,0,0,0,0,0,0,0
2000243798538899819,2000058321487777835,bot,0,0,0,0,0,0,0,0,0,0,0,0,0,0
2000244395530953133,1999881572103905351,bot,0,0,0,0,0,1,0,0,0,0,0,0,0,0
2000244992330076384,2000211988601860512,bot,0,0,0,0,0,0,0,0,0,0,0,0,0,0
2000310854948934141,2000228545914667184,bot,0,0,0,0,0,0,0,0,0,0,0,0,0,0
2000567405089603917,2000521382262951939,bot,1,0,0,0,0,1,0,0,0,0,0,0,0,0
2000569460571193365,2000487081672602092,bot,0,0,0,0,0,0,0,0,0,0,0,0,0,0
2000569703765344694,2000200165353783736,bot,0,0,0,0,0,1,0,0,0,0,0,0,0,0
2000570933774291042,2000449395159105662,bot,0,0,1,0,1,0,0,0,0,0,0,0,0,0
2000572571998097902,2000520335834353760,bot,0,0,0,0,0,1,0,0,0,0,0,0,0,0
2000938732149411934,2000597915140813002,bot,0,0,0,0,0,0,0,0,0,0,0,0,0,0
2000939751969288302,2000674944649216466,bot,0,0,0,0,0,0,0,1,0,0,0,0,0,0
2000940161505411232,2000668211197464996,bot,0,0,0,0,1,0,0,0,0,0,0,0,0,0
2000953681395527963,2000761329939046459,bot,0,0,0,0,0,1,0,0,0,0,0,0,0,0
2000953897695739984,2000583071058247918,bot,1,0,0,0,0,0,0,0,0,0,0,0,0,0
2001336377653227638,2001145858218451135,bot,0,0,0,0,0,0,0,0,0,0,0,0,1,0
2001342190283370895,2001184152591249801,bot,0,0,0,0,0,0,0,0,0,0,0,0,0,0
2001342364858663399,2001124652119417024,bot,0,0,0,0,1,0,0,0,0,0,0,0,0,0
2001342884025430452,2001069017834926247,bot,0,0,0,0,0,1,0,0,0,0,0,0,0,0
2001373817294246126,2001338375643554213,bot,0,0,0,1,0,0,0,0,0,0,0,0,0,0
2001690413699084349,2001376912359477708,bot,0,0,0,0,0,0,0,0,0,0,0,0,0,0
2001690924733112711,2001436900905693648,bot,0,1,0,0,0,0,0,0,0,0,0,0,0,0
2001691469120188646,2001451535859941564,bot,0,0,0,0,0,0,0,0,0,0,0,0,0,0
2001724531531001985,2001582965512626415,bot,1,0,1,0,0,0,0,0,0,0,0,0,0,0
2001724858938388869,2001394259748888728,bot,0,0,0,0,0,0,0,0,0,0,0,0,0,0
2002026143881261241,2001730351144595921,bot,0,0,0,0,0,0,0,0,0,0,0,0,0,0
2002028766202048641,2001903915017851041,bot,0,0,0,0,1,0,0,0,0,0,0,0,0,0
2002031861644558514,2001818917095063847,bot,0,0,0,0,0,0,0,0,0,0,0,0,0,0
2002032224653148339,2001648319274324085,bot,0,0,0,0,0,0,0,0,0,0,0,0,0,0
2002032923059311024,2001867913737966074,bot,0,0,1,0,0,0,0,0,0,0,0,0,0,0
2002482002730119505,2002415154395517317,bot,0,0,0,0,0,0,0,0,0,0,0,0,0,0
2002482208582361326,2002329490262012414,bot,0,0,0,0,1,0,0,0,0,0,0,0,0,0
2002483148760789416,2002125427939422413,bot,0,0,0,0,0,1,0,0,0,0,0,0,0,0
2002485249029066811,2002463367395688594,bot,0,0,0,0,0,0,0,0,0,0,0,0,0,0
2002486158073188609,2002400533353804289,bot,0,0,0,0,0,0,0,1,0,0,0,0,0,0
2002752129690173541,2002468283501719853,bot,0,0,0,0,0,0,0,0,0,0,0,0,0,0
2002752314797391886,2002438853723107608,bot,0,0,0,0,0,0,0,0,0,0,0,0,0,0
2002756419007770869,2002599800362184730,bot,0,0,0,0,1,0,0,0,0,0,0,0,0,0
2002756671244833216,2002633400126222487,bot,0,0,0,0,0,0,0,0,0,0,0,0,0,0
2002756900010496290,2002681756533801331,bot,0,0,0,0,0,0,0,0,0,0,0,0,0,0
2003106667232158058,2002911504543396034,bot,0,0,0,0,0,0,0,0,0,0,0,0,0,0
2003108439799566784,2002854715462430986,bot,0,0,0,0,0,0,0,0,0,0,0,0,0,0
2003108838090649837,2002718852816498734,bot,0,0,0,0,0,0,0,0,0,0,0,0,0,0
2003109142462955728,2002697982811181131,bot,0,0,0,0,0,0,0,0,0,0,0,0,0,1
2003110559357546915,2002698381333000663,bot,0,0,0,0,0,0,0,0,0,0,0,0,0,0
2003472766217949423,2003314624817688942,bot,0,0,1,0,0,0,0,0,0,0,0,0,0,0
2003482300315574626,2003219875523965245,bot,0,0,0,0,0,0,0,0,0,0,0,0,0,0
2003484908807672014,2003254628142780631,bot,0,0,0,0,0,0,0,0,0,0,0,0,0,0
2003596444943503742,2003500259679650185,bot,0,0,0,0,0,0,0,1,0,0,0,0,0,0
2003596737450070100,2003236303689937369,bot,0,0,0,0,0,0,0,0,0,0,0,0,0,0
2003597279425413553,2003193307346915543,bot,0,0,0,0,0,0,0,0,0,0,0,0,0,0
2003830866062066080,2003728387676995950,bot,0,0,0,0,0,0,0,0,0,0,0,0,0,1
2003831189899972967,2003774762229924187,bot,0,0,0,0,1,0,0,0,0,0,0,0,0,0
2003831734580691111,2003755566787903980,bot,0,0,0,0,0,0,0,0,0,0,0,0,0,0
2003833284468302023,2003772605468406140,bot,0,0,0,0,0,1,0,1,0,0,0,0,0,0
2003834206049181977,2003692845400752348,bot,0,0,0,0,0,0,0,1,0,0,0,0,0,0
2004208751658602802,2003933669782880659,bot,0,0,0,0,0,1,0,0,0,0,0,0,0,0
2004208946433716272,2003852010031120800,bot,0,0,0,0,0,0,0,0,0,0,0,0,0,0
2004209434776486314,2003918729965662337,bot,1,0,0,0,0,1,0,0,0,0,0,0,0,0
2004320488948953227,2004285326135857523,bot,0,0,0,0,0,0,0,0,0,0,0,0,0,0
2004321446101680466,2004275766130016684,bot,0,0,0,0,0,0,0,0,0,0,0,0,0,0
2004564074604990843,2004454633339855029,bot,0,0,0,0,0,0,0,0,0,0,0,0,0,1
2004566355442352287,2004415656108994958,bot,0,0,0,0,0,0,0,0,0,0,0,0,0,0
2004567450059206746,2004159512253812864,bot,0,0,0,0,0,0,0,0,0,0,0,0,0,0
2004567736760881634,2004357388854288633,bot,0,0,0,0,0,0,0,0,0,0,0,0,0,0
2004568191482118608,2004373242287653055,bot,0,0,0,0,0,0,0,0,0,0,0,0,0,0
2005001435461689714,2004879935983513809,bot,0,0,0,0,0,0,0,0,0,1,0,0,0,0
2005002128863941105,2004896333275300232,bot,0,0,0,0,0,0,0,0,0,0,0,0,0,0
2005037434027872447,2004536830667133049,bot,0,0,1,0,0,0,0,0,0,0,0,0,0,0
2005037995909341376,2004667619845214511,bot,0,0,0,0,1,0,0,0,0,0,0,0,0,0
2005038875811467690,2004966538257072318,bot,0,0,0,0,0,0,0,0,0,0,0,0,0,0
2005392628825637316,2005306927967023286,bot,0,0,0,0,1,0,0,0,0,0,0,0,0,0
2005392924456931766,2005054889232142844,bot,0,0,0,0,0,0,0,0,0,0,0,0,1,0
2005393136034480448,2005308521618010530,bot,0,0,0,0,1,1,0,0,0,0,0,0,0,0
2005395696728309978,2005280633866846231,bot,0,0,0,0,0,0,0,0,0,0,0,0,0,0
2005395915100635473,2005066481277526147,bot,0,0,0,0,0,0,0,0,0,0,0,0,0,0
2005630306674491606,2005372994546532480,bot,0,0,0,0,0,0,0,0,0,0,0,0,0,0
2005632331843776849,2005332421588451419,bot,0,0,0,0,0,0,0,0,0,0,0,0,0,0
2005632617354277156,2005529912015565245,bot,1,0,0,0,0,0,0,0,0,0,0,0,0,0
2005633236269981760,2005299131187634596,bot,0,0,0,0,0,0,0,0,0,0,0,0,0,0
2005633905110487409,2005279743655211433,bot,0,0,0,0,0,0,0,0,0,0,0,0,0,0
2006004809992659059,2005611613148094559,bot,0,0,0,0,1,0,0,0,0,0,1,0,0,0
2006005384704586123,2005797768393040117,bot,0,0,0,0,0,0,0,0,0,0,0,0,0,0
2006013648091681169,2005717731140870205,bot,0,0,0,0,0,0,0,0,0,0,0,0,0,1
2006013986773360913,2005899780795535587,bot,0,0,0,0,0,1,0,0,0,0,0,0,0,0
2006047453976383756,2005745191953805813,bot,0,0,0,0,0,0,0,1,0,0,0,0,0,0
2006342181024358653,2006156485395353613,bot,0,0,0,0,0,0,0,0,0,0,0,0,0,0
2006345669057937428,2006233324684206511,bot,0,0,0,0,0,0,0,0,0,0,0,0,0,0
2006346078841446413,2006091489244238015,bot,1,0,0,0,0,0,0,0,0,0,0,0,0,0
2006347170111181247,2006189356990562341,bot,0,0,1,0,0,0,0,0,0,0,0,0,0,1
2006347883008627041,2006103032334016557,bot,1,0,0,0,0,0,0,0,0,0,0,0,0,0
2006721988912464143,2006402900004937850,bot,0,0,0,0,0,0,0,0,0,0,0,0,0,0
2006723103498379685,2006462122805571717,bot,0,0,0,0,0,0,0,0,0,0,0,0,0,0
2006723968347091362,2006551468971847825,bot,0,0,0,0,0,0,0,0,0,0,1,0,0,0
2006728621902143923,1996140830625804530,bot,0,0,0,0,0,0,0,1,0,0,0,0,0,0
2006730544474710437,2006594749948637541,bot,0,0,0,0,0,0,0,0,0,0,0,0,0,0
2007080022889181657,2006888494874956081,bot,0,0,0,0,0,1,0,0,0,0,0,0,0,0
2007080702391525390,2006836328194064772,bot,0,0,0,0,0,0,0,0,0,0,0,0,0,0
2007080996533850361,2006939647516217351,bot,0,0,0,0,0,0,0,0,0,0,0,0,0,0
2007082137594347902,2006903968853799062,bot,0,0,0,0,1,0,0,0,0,0,0,0,0,0
2007082365248516355,2006728821329076504,bot,0,0,0,0,0,0,0,0,0,0,0,0,0,0
2007461596763660371,2007439222471295424,bot,0,0,0,0,0,0,0,0,0,0,1,0,0,0
2007466810300420241,2007354972338565181,bot,0,0,0,0,0,0,0,0,0,0,0,0,0,0
2007467421183983723,2007228963379462637,bot,0,0,1,0,0,0,0,0,0,0,0,0,0,0
2007468139576004804,2007227809945522431,bot,0,0,0,1,0,0,0,0,0,0,0,0,0,0
2007469991910601202,2007181799454322874,bot,0,0,0,0,0,0,0,0,0,0,0,0,0,0
2007944380804403523,2007900166641119662,bot,0,0,0,0,0,0,0,0,0,0,0,0,0,0
2007945136286662985,2007925207613538592,bot,0,0,0,0,0,0,0,0,0,0,0,0,0,0
2007945456215536035,2007671486337691919,bot,0,0,0,0,0,0,0,0,0,0,1,0,0,0
2007945683987206228,2007917340340752830,bot,0,0,0,0,0,0,0,0,0,0,0,0,0,0
2007945989047435301,2007916564767752701,bot,0,0,0,0,1,0,0,0,0,0,0,0,0,0
2008167931968999467,2007891287912124761,bot,0,0,0,0,0,0,0,0,0,0,0,0,0,1
2008170738256113686,2007935119110058478,bot,0,0,0,0,0,0,0,0,0,0,0,0,0,0
2008172165825253527,2007627004901036542,bot,0,0,0,0,0,0,0,0,0,0,0,0,0,0
2008172365272715287,2008036519098118527,bot,0,0,0,0,0,0,0,0,0,0,0,0,0,0
2008173249608274032,2007641871938662716,bot,0,0,0,0,0,1,0,0,0,0,0,0,0,0
2008549265841299626,2008244658514837940,bot,0,0,0,0,0,0,0,1,0,0,0,0,0,0
2008550168497455283,2008116328935334244,bot,0,0,0,0,0,0,0,0,0,0,0,0,0,0
2008550413293724017,2008177085987311922,bot,0,0,0,0,0,0,0,0,0,0,0,0,0,0
2008552678440271986,2008348635558297991,bot,0,0,0,0,0,0,0,1,0,0,0,0,0,0
2008553110482960573,2008331463154950416,bot,0,1,0,0,0,0,0,0,0,0,0,0,0,0
2008734648973627704,2008508951110053951,bot,1,0,0,0,0,1,0,0,0,0,0,0,0,0
2008735315498873129,2008676797320176082,bot,0,1,0,0,0,0,0,0,0,0,0,0,0,0
2008735798221279250,2008654788653969804,bot,0,0,0,0,0,0,0,0,0,0,0,0,0,0
2008736346232311823,2008633315998249087,bot,0,0,0,0,0,0,0,0,0,0,0,0,0,0
2008768172892045639,2008678342908899716,bot,0,0,0,0,0,0,0,0,0,0,0,0,0,0
2008768849018003468,2008584445629272250,bot,0,0,0,0,0,0,0,0,0,0,0,0,0,0
2008769530365886530,2008356891513295170,bot,0,0,0,0,0,1,0,0,0,0,0,0,0,0
2008928996369514563,2008538543556358228,bot,0,0,0,0,0,0,0,0,0,0,0,0,0,1
2008929487426056657,2008647152650821745,bot,0,0,0,0,0,0,0,0,0,0,0,0,0,0
2008931450679173571,2008575107426591221,bot,0,0,0,0,1,0,0,0,0,0,0,0,0,0
2008932838633058439,2008865020277346687,bot,0,0,0,0,0,0,0,0,0,0,0,0,0,0
2009452698442035476,2009414819485458673,bot,0,0,0,0,0,0,0,0,0,0,0,0,0,0
2009455583099859365,2009384948281594114,bot,0,0,0,0,0,0,0,0,0,0,0,0,0,0
2009622653665947991,2009341953415233581,bot,0,0,0,0,0,0,0,0,0,0,0,0,0,0
2009622984579805433,2009558906155291069,bot,0,0,0,0,0,0,0,0,0,0,1,0,0,0
2009624059881881816,2009402257956348401,bot,0,0,0,1,0,0,0,0,0,0,0,0,0,0
2009629481648984423,2009449979195347051,bot,0,0,0,0,0,0,0,0,0,0,0,0,0,0
2009635000128323644,2009128879877972149,bot,0,0,0,0,0,0,0,0,0,0,0,0,0,0
2010009164735459333,2009845296721801316,bot,0,0,0,0,0,0,0,0,0,0,0,0,0,0
2010009900030574670,2009963677815078916,bot,0,1,0,0,0,0,0,0,0,0,0,0,0,0
2010010144575263133,2009852399293444503,bot,0,0,0,0,1,0,0,0,0,0,0,0,0,0
2010013261303853253,2009735503340548263,bot,0,0,0,0,0,1,0,0,0,0,0,0,0,0
2011163087466827852,2010905241894731805,bot,0,0,0,0,1,0,0,0,0,0,0,0,0,0
2011447849045602379,2011106952974352671,bot,0,0,0,0,0,0,0,0,0,0,0,0,0,0
2011453551239688202,2011302067839910316,bot,0,0,0,1,0,0,0,0,0,0,0,0,0,0
2011827353006100580,2011622882452128157,bot,0,0,0,1,1,0,0,0,0,0,0,0,0,0
2012201849449832458,2011833253682880579,bot,0,0,0,0,0,0,0,0,0,0,0,0,0,0
2017244337134841946,2016910927770067043,bot,0,0,0,0,0,0,0,0,0,0,0,0,0,0
2017249367959228650,2016756605350543563,bot,0,0,0,0,0,0,0,0,0,0,1,0,0,0
2017253143482884567,2017018700889522270,bot,0,0,0,0,0,0,0,0,0,0,0,0,0,0
1984626763582902471,1984457722763624470,bot,0,0,0,0,0,0,0,0,0,0,0,0,0,0
1984627019515076652,1984457958776787274,bot,0,0,0,0,0,0,0,0,0,0,0,0,0,0
1984627351078993949,1984282377099878636,bot,0,0,0,0,0,0,0,0,0,0,0,0,0,0
1984628288354975978,1984335127661387831,bot,0,0,0,0,0,0,0,0,0,0,0,0,0,0
1984628706426449920,1984345894477762985,bot,0,0,0,0,0,0,0,0,0,0,0,0,0,0
1984633082519908815,1984179787552735620,bot,0,0,0,0,0,0,0,0,0,0,0,0,0,0
1984635930355900731,1984237794160672936,bot,0,0,0,0,0,0,0,0,0,0,0,0,0,0
1984719070185320777,1983885310200037506,bot,1,0,0,0,0,0,0,1,0,0,0,0,0,0
1985008374946074940,1984689144631800226,bot,0,0,1,0,0,0,0,0,0,0,0,0,0,0
1985008612821913610,1984670182699053135,bot,0,0,0,0,0,0,0,0,0,0,0,0,0,1
1985008927277215824,1984845909361050008,bot,0,0,1,0,0,0,0,0,0,0,0,0,0,0
1985009570188595594,1984921631416893891,bot,0,0,0,0,0,0,0,0,0,0,0,0,0,0
1985010177691599043,1983918247268270408,bot,0,0,0,0,0,0,0,0,0,0,0,0,0,0
1985012514506055849,1984699007541920159,bot,0,0,0,0,0,0,0,0,0,0,0,0,0,0
1985360737531842680,1984651611499876677,bot,0,0,0,0,0,0,0,0,0,0,0,0,0,0
1985361048694653287,1985168804352069901,bot,0,0,1,0,0,0,0,0,0,0,0,0,0,1
1985362117541740891,1985172792036536415,bot,0,0,0,0,1,0,0,0,0,0,0,0,0,0
1985362599077085514,1984745537115930713,bot,0,0,0,0,0,0,0,0,0,0,0,0,0,0
1985365071925596634,1985046460958978196,bot,0,0,1,0,0,0,0,0,0,0,0,0,0,0
1985435417697489202,1985145058748739687,bot,1,0,0,0,0,0,0,0,0,0,0,0,0,0
1985821894382133539,1985505916913951107,bot,0,0,0,0,1,0,0,0,0,0,0,0,0,0
1985836349472034945,1985746360411607190,bot,0,0,0,0,0,0,0,0,0,0,0,0,1,0
1985838117262180500,1985743927006126277,bot,0,0,0,0,0,0,0,0,0,1,0,0,0,0
1985849554776870986,1985799034687099331,bot,0,0,0,0,0,0,0,0,0,0,1,0,0,0
1985851948893958476,1985785031890272439,bot,0,0,0,0,0,0,0,0,0,0,0,0,0,0
1986110226408280373,1985952963278619062,bot,0,0,0,0,0,0,0,0,0,0,0,0,0,0
1986111429569552476,1985967414979215402,bot,0,0,0,0,0,1,0,0,0,0,0,0,0,0
1986112110238056646,1985907801961742466,bot,0,0,0,0,0,0,0,0,0,0,0,0,0,0
1986113737950912960,1985657541356110044,bot,0,0,0,0,0,0,0,0,0,0,0,0,0,0
1986114129107530228,1985846358885191698,bot,0,0,0,0,0,0,0,0,0,0,0,0,0,0
1986114445660041394,1985491786383454684,bot,0,0,0,0,0,0,0,0,0,0,0,0,0,0
1986115472182448631,1985620224364986498,bot,0,0,0,0,0,0,0,0,0,0,0,0,0,0
1986116102691205565,1985879925144924396,bot,0,0,0,0,0,0,0,0,0,0,0,0,0,0
1986118345981059227,1985856130808234130,bot,0,0,0,0,0,0,0,0,0,0,0,0,0,0
1986481108825870669,1986261101411962956,bot,1,0,0,0,0,1,0,0,0,0,0,0,0,0
1986484768943280493,1986226854093848679,bot,0,0,0,0,0,0,0,0,0,0,0,0,0,0
1986485263636312281,1986443206322774411,bot,0,0,0,0,0,0,0,0,0,0,0,0,0,0
1986487190990336074,1986150696434258217,bot,0,0,0,0,0,0,0,0,0,0,0,0,0,0
1986491521340739662,1986119875992142286,bot,0,0,0,0,0,0,0,0,0,0,0,0,0,0
1986818835706495226,1986602162559066452,bot,0,0,0,0,0,0,0,0,0,0,0,0,0,0
1986828836424589772,1986538101431243213,bot,0,0,0,0,0,0,0,0,0,0,0,0,0,0
1986830997980172541,1986732362944676205,bot,0,0,0,0,0,0,0,0,0,0,0,0,0,0
1986832054214959186,1986671981958418751,bot,0,0,0,0,0,0,0,0,0,0,0,0,0,0
1986832473884410138,1986470743740194903,bot,0,0,0,1,0,0,0,0,0,0,0,0,0,0
1987232021379264873,1986899114072711339,bot,0,0,0,0,0,1,0,1,0,0,0,0,0,0
1987236767733252602,1986893766775771632,bot,0,0,0,0,0,0,0,0,0,0,0,0,0,0
1987237378495308004,1986896462907658347,bot,0,0,1,0,0,0,0,0,0,0,0,0,0,0
1987237884278030825,1987015962164396128,bot,0,0,0,0,0,0,0,0,0,0,0,0,0,0
1987238148342948205,1986893570004127836,bot,0,1,0,0,0,0,0,0,0,0,0,0,0,0
1987252916940321275,1987045794675892732,bot,0,0,0,0,0,0,0,1,0,0,0,0,0,0
1987253284558565537,1986916217798435148,bot,0,0,0,0,0,0,0,0,0,0,0,0,0,0
1987253676285603970,1987120414565269913,bot,0,0,0,0,0,0,0,0,0,0,0,0,0,0
1987331317516706047,1987124793003434394,bot,0,0,0,0,0,0,0,0,0,0,0,0,0,0
1987334226790809693,1987039463025918004,bot,0,0,0,0,0,0,0,0,0,0,0,0,0,0
1987334826886680706,1987262233458712848,bot,0,0,0,0,0,0,0,0,0,0,0,0,0,0
1987334996692975736,1987204463170290103,bot,0,0,0,0,0,0,0,0,0,0,0,0,0,0
1987547418372497761,1987299211365486614,bot,0,0,0,0,0,0,0,0,0,0,0,0,0,0
1987549373857767506,1987539904608579859,bot,0,0,0,0,0,1,0,0,0,0,0,0,0,0
1987659251695677712,1987627574558622116,bot,0,0,0,0,0,0,0,0,0,0,0,0,0,0
1987660158646816923,1987620280420712576,bot,0,0,0,0,1,0,0,0,0,0,0,0,0,0
1987661065602105386,1987573136255254576,bot,0,0,0,0,0,0,0,0,0,0,0,0,0,0
1987662310777766268,1987271129749463142,bot,0,0,0,0,0,1,0,0,0,1,0,0,0,0
1987925129687412980,1987660792326746499,bot,0,0,0,0,0,0,0,0,0,0,0,0,0,0
1987925795411497169,1987644379696435579,bot,0,0,0,0,0,0,0,0,0,1,0,0,0,0
1987926946416603348,1987590472622350664,bot,0,0,0,0,0,0,0,0,0,0,0,0,0,0
1987927386147418173,1987632414739358135,bot,0,0,0,0,0,0,0,0,0,0,0,0,0,0
1988028688219136163,1987717128934625644,bot,0,0,0,0,0,0,0,0,0,0,0,0,0,0
1988029955309985996,1987910161672114332,bot,0,0,0,0,0,0,0,1,0,0,0,0,0,0
1988311529519813053,1987599272531947661,bot,0,0,1,0,0,0,0,0,0,0,0,0,0,0
1988314189975228864,1987859676734874074,bot,0,0,0,0,0,0,0,0,0,0,0,0,0,0
1988315684120449347,1988069071607525569,bot,0,0,0,0,0,0,0,0,0,0,0,0,0,0
1988348740399190373,1988080312308691035,bot,0,0,0,0,0,0,0,0,0,0,0,0,0,0
1988350926592074088,1987925846506545580,bot,0,0,0,0,0,0,0,0,0,0,0,0,0,0
1988351518009950606,1988233067501175234,bot,0,0,0,0,0,0,0,0,0,0,0,0,0,0
1988665572364574960,1988499142851674424,bot,0,0,0,0,1,0,0,0,0,0,0,0,1,0
1988667754602242511,1988446387466334516,bot,0,0,0,0,0,0,0,0,0,0,0,0,0,0
1988687803564089352,1988617007093158120,bot,0,0,0,0,0,0,0,0,0,0,0,0,0,0
1988689247650402770,1988557644521710026,bot,0,0,0,0,0,0,0,0,0,0,0,0,0,0
1988693301596213755,1988639107761717663,bot,0,0,0,0,0,0,0,0,0,0,0,0,0,0
1988997494051582297,1988974813432738183,bot,0,0,0,0,0,0,0,0,0,0,0,0,0,0
1988999489785348563,1988720836401066457,bot,0,0,0,0,0,0,0,0,0,0,0,0,0,0
1989002061938040957,1988860187151589847,bot,0,0,0,0,0,0,0,0,0,0,0,0,0,0
1989003989090775531,1988639131258233307,bot,0,0,0,0,0,0,0,0,0,0,0,0,0,0
1989004803872076113,1988838932407108000,bot,0,0,0,0,0,0,0,0,0,0,0,0,0,0
1989394841021653467,1989367457954607138,bot,0,0,0,0,0,0,0,0,0,0,0,0,0,0
1989395622286254590,1989160179708084437,bot,0,0,0,0,0,0,0,0,0,0,0,0,0,0
1989396495905226837,1989228590190456973,bot,0,0,0,0,0,0,0,0,0,0,0,0,0,0
1989397051398889897,1989319322313822491,bot,0,0,0,0,0,0,0,1,0,0,0,0,1,0
1989397170752020575,1989037321497538885,bot,0,0,0,0,0,1,0,0,0,0,0,0,0,0
1989397296975352290,1989230207451197915,bot,0,0,0,0,0,0,0,0,0,0,0,0,1,0
1989397511379783833,1989354247054381132,bot,0,0,0,0,0,0,0,0,0,0,0,0,0,0
1989786636515766652,1989457104005206036,bot,0,0,0,1,0,0,0,0,0,0,0,0,0,0
1989787170253484245,1989551172256956598,bot,0,0,0,0,1,1,0,0,0,0,0,0,0,0
1989787665923768605,1989621990756413517,bot,0,0,0,0,0,0,0,0,0,0,0,0,0,0
1989802545108107502,1989728852235444504,bot,0,0,0,0,0,0,0,0,0,0,0,0,0,0
1989803234177790097,1989683744945340589,bot,0,0,0,0,0,0,0,0,0,0,0,0,0,0
1989803776782266448,1989713752204185742,bot,0,1,0,0,0,0,0,0,0,0,0,0,0,0
1989805286475915399,1989505091230208481,bot,0,0,0,0,1,0,0,0,0,0,0,0,0,0
1989806638224539917,1989638578062987648,bot,0,0,0,0,0,0,0,1,0,0,0,0,0,0
1989807364971573451,1989527625845391560,bot,0,0,0,0,0,0,0,0,0,0,0,0,0,0
1990120363531862120,1990069171044974806,bot,0,0,0,0,0,0,0,0,0,0,0,0,0,0
1990122092356907215,1989834247872680239,bot,0,0,0,0,0,0,0,0,0,0,0,0,0,0
1990126148626313678,1989852157441409533,bot,0,0,0,0,0,0,0,0,0,0,0,0,0,0
1990126597358190783,1989877119032463823,bot,0,0,1,0,0,0,0,0,0,0,0,0,0,0
1990127437942857788,1989770876943044979,bot,0,0,0,0,0,0,0,0,0,0,0,0,0,1
1990127712350974114,1990038229127491719,bot,0,0,0,0,0,0,0,0,0,0,0,0,0,0
1990128195014721662,1989779460565209509,bot,0,0,1,0,0,0,0,0,0,0,0,0,0,0
1990497265530663296,1990280119282471091,bot,0,0,0,0,0,0,0,0,0,0,0,0,0,0
1990497681752375619,1990312633916928380,bot,0,0,0,0,0,0,0,0,0,0,0,0,0,0
1990497970211438753,1990425581997985969,bot,0,0,0,0,0,0,0,0,0,0,0,0,0,0
1990498310998688052,1990253726477766848,bot,0,0,0,0,0,0,0,0,0,0,0,0,0,0
1990498557757903130,1990387364720504893,bot,0,0,1,0,0,0,0,0,0,0,0,0,0,0
1990806926242845059,1990096789085802708,bot,0,0,1,0,0,0,0,0,0,0,0,0,0,0
1990807578608050559,1990659600606228514,bot,0,0,0,1,0,0,0,0,0,0,0,0,0,0
1990807845344845901,1990406689795760323,bot,0,0,0,0,0,0,0,0,0,0,0,0,0,0
1990809345651569085,1990549271905730863,bot,0,0,0,0,0,0,0,0,0,0,0,0,0,0
1990809589801943542,1990558854443372598,bot,0,0,0,0,0,0,0,0,0,0,0,0,0,1
1990824366322381290,1990192559369707724,bot,0,0,0,0,0,0,0,0,0,0,0,0,0,0
1990826927230161250,1990421523706843544,bot,0,0,1,0,0,0,0,0,0,0,0,0,0,0
1990851750681546869,1990622776449696246,bot,0,0,1,0,0,0,0,0,0,0,0,0,0,0
1991290575400616419,1991141320744677590,bot,0,0,0,0,0,0,0,0,0,0,0,0,1,0
1991291201266368519,1991193502630199537,bot,0,0,0,0,0,0,0,0,0,0,0,0,0,0
1991291763764437467,1991231332488270030,bot,0,0,0,0,1,0,0,0,0,0,0,0,1,0
1991292399771898056,1991151576980079075,bot,0,0,0,0,0,0,0,0,0,0,0,0,0,0
1991322357286240467,1991226888904208758,bot,0,0,0,0,0,0,0,0,0,0,0,0,0,0
1991323624695890152,1991027394514202758,bot,0,0,0,0,0,0,0,0,0,0,0,0,0,0
1991323819923939371,1991276993623781724,bot,0,0,0,0,0,0,0,1,0,0,0,0,0,0
1991620756803875138,1991560227171312115,bot,0,0,0,0,0,0,0,0,0,0,0,0,0,0
1991624162054488439,1991507054801088755,bot,0,0,0,0,0,0,0,0,0,0,0,0,0,0
1991624574442565857,1991592759271256142,bot,0,0,0,0,0,0,0,0,0,0,0,0,0,0
1991626000615047540,1991582760847499492,bot,0,0,0,0,0,0,0,0,0,0,0,0,0,0
1991642611136786833,1991282425406562532,bot,0,0,0,0,0,0,0,0,0,0,0,0,0,0
1991932172119236699,1991571635741290606,bot,0,0,1,0,0,0,0,0,0,0,0,0,0,0
1991932702413471767,1991816957122031757,bot,0,0,0,0,0,1,0,0,0,0,0,0,0,0
1991933197685280929,1991860416310603975,bot,0,0,0,0,0,0,0,1,0,0,0,0,0,0
1991933279797182602,1991636720278745344,bot,0,0,0,0,0,1,0,0,0,0,0,0,0,0
1991933333417144635,1991863814908973348,bot,0,0,0,0,0,0,0,0,0,0,0,0,0,0
1991933550120128927,1991650230270656762,bot,1,0,0,0,0,0,0,0,0,0,0,0,0,0
1992266676541255974,1991821351834005994,bot,0,0,0,0,0,0,0,0,0,0,0,0,0,0
1992267825814143272,1991891827583324298,bot,0,0,0,0,0,0,0,0,0,0,0,0,0,0
1992268093238743089,1992043016685535618,bot,0,0,0,0,0,0,0,0,0,0,0,0,0,0
1992268289595052499,1992084430752809227,bot,0,0,0,0,0,0,0,0,0,0,1,0,0,0
1992269238870974600,1991858295116894367,bot,0,0,0,0,0,0,0,0,0,0,0,0,0,0
1992610694491934977,1992348553906426268,bot,0,0,0,0,0,0,0,0,0,0,0,0,0,0
1992610830668496909,1992417156433318310,bot,0,0,0,0,0,0,0,0,0,0,0,0,0,0
1992612231096193388,1992511378578723168,bot,0,0,0,0,0,1,0,0,0,0,0,0,0,0
1992612990030344654,1992234205116551356,bot,0,0,0,0,0,0,0,0,0,0,0,0,0,1
1992613429975138469,1992286750664700342,bot,0,0,1,0,0,0,0,0,0,0,0,0,0,0
1992972274668884110,1992666413081989525,bot,0,0,0,0,0,0,0,0,0,0,0,0,0,0
1992972725464219940,1992600489813565550,bot,0,0,0,0,0,0,0,0,0,0,0,0,0,0
1992973284153999838,1991849832957227105,bot,0,0,0,0,0,0,0,0,0,0,0,0,0,0
1992973552220360790,1991874328213041197,bot,0,0,0,0,0,0,0,0,0,0,0,0,0,0
1992973922388553983,1992796049753436501,bot,0,0,0,0,0,0,0,0,0,0,0,0,0,0
1993328734493913331,1992338584595247390,bot,0,0,0,0,0,0,0,0,0,0,0,0,0,0
1993330669259264440,1992909043946656149,bot,0,0,0,0,0,0,0,0,0,0,1,0,0,0
1993331141554688335,1992884297951277246,bot,0,0,0,0,0,0,0,0,0,0,0,0,0,0
1993331428465975539,1993224790803693948,bot,0,0,0,0,0,0,0,0,0,0,0,0,0,0
1993331682372440473,1993177247822516587,bot,0,0,0,0,0,0,0,0,0,0,0,0,0,1
1993332305029415349,1993156887597269316,bot,0,0,0,0,0,0,0,0,0,0,1,0,0,0
1994085662564229375,1993882940636582372,bot,0,0,0,0,0,0,0,0,0,0,1,0,0,0
1994087061939196368,1993785377111593045,bot,0,0,1,0,0,0,0,0,0,0,0,0,0,0
1994088177720566175,1993971361119916169,bot,0,0,1,0,0,0,0,0,0,0,0,0,0,0
1994090814373294171,1993684046115914138,bot,0,0,0,0,0,0,0,0,0,0,0,0,0,0
1994187045946695829,1994066307453506031,bot,0,0,0,1,0,0,0,0,0,0,0,0,0,0
1994187809800798441,1993902763173138724,bot,0,0,1,0,0,0,0,0,0,0,0,0,0,0
1994188964484325673,1993715891931095325,bot,0,0,0,0,1,0,0,0,0,0,0,0,0,0
1994194515339489430,1993855055175250219,bot,0,0,0,0,0,0,0,0,0,0,0,0,0,0
1994194575645200836,1993798920108192097,bot,0,0,1,0,0,0,0,0,0,0,0,0,0,0
1994827804366491990,1994526844314685778,bot,0,0,0,0,0,0,0,0,0,0,0,0,0,0
1994829140420149584,1994466398249054563,bot,0,0,0,0,0,0,0,1,0,0,0,0,0,0
1994903284029469144,1994796640688115947,bot,0,0,0,0,0,1,0,0,0,0,0,0,0,0
1994903671717429714,1993668305069154638,bot,0,0,1,0,0,0,0,0,0,0,0,0,0,0
1994904237751292212,1994717414991229105,bot,0,0,0,0,0,0,0,0,0,0,0,0,0,0
1994905233181298920,1994753342417850590,bot,0,0,0,0,0,1,0,0,0,0,0,0,0,0
1994907658583720291,1994816373537870053,bot,1,0,0,0,0,0,0,0,0,0,0,0,0,0
1995158348119920885,1994834265343762742,bot,0,0,0,0,0,0,0,0,0,0,0,0,0,0
1995158669927883221,1994948582978499059,bot,0,0,1,0,0,0,0,0,0,0,0,0,0,0
1995160059689447785,1994256577218633928,bot,0,0,0,0,0,0,0,0,0,0,0,0,0,0
1995160570685763681,1994975721832476742,bot,0,0,0,0,0,0,0,0,0,0,0,0,0,0
1995161594318238170,1995036032522490310,bot,0,0,0,0,0,0,0,1,0,0,0,0,0,0
1995506033876144242,1995136037593776449,bot,0,0,0,0,0,0,0,0,0,0,0,0,0,0
1995508058068328556,1995323303305605522,bot,0,0,0,0,0,0,0,0,0,0,1,0,0,0
1995509499214340405,1995339009804193877,bot,0,0,0,0,0,0,0,0,0,0,1,0,0,1
1995510290390057037,1995305702513098994,bot,0,0,0,0,1,0,0,0,0,0,0,0,0,0
1995510770818220527,1995298576436789640,bot,0,0,0,0,0,0,0,0,0,0,0,0,0,0
1995873173372366884,1995555073200361795,bot,0,0,0,0,0,0,0,0,0,0,0,0,0,0
1995874112615436617,1980961929494728712,bot,0,0,0,0,0,0,0,0,0,0,0,0,0,0
1995875484190625927,1995233963506598116,bot,0,0,0,0,0,1,0,0,0,0,0,0,0,1
1995875901494497765,1995675027325550872,bot,0,0,0,0,0,0,0,0,0,0,0,0,0,0
1995877467446223355,1995608361367400940,bot,0,0,0,0,0,0,0,0,0,0,0,0,0,0
1996225656816841033,1995892820163658065,bot,0,0,0,0,0,0,0,0,0,0,0,0,0,0
1996226007628399038,1995958618328629431,bot,0,0,0,0,0,0,0,0,0,0,0,0,0,0
1996226262654767441,1996034289662919121,bot,0,0,0,0,0,0,0,0,0,0,0,0,0,0
1996227712499712002,1995964165303988245,bot,0,0,0,0,0,0,0,0,0,0,0,0,0,1
1996227838190502231,1995904277999747496,bot,0,0,0,0,0,0,0,0,0,0,0,0,0,0
1996317473889550376,1996055537088344548,bot,0,0,0,0,0,0,0,0,0,0,0,0,0,0
1996318287139897570,1996187727721865517,bot,0,0,0,0,0,0,0,0,0,0,0,0,0,0
1996579879211413860,1996311027651338690,bot,0,0,0,0,0,0,0,0,0,0,0,0,0,0
1996639377628266584,1996587234334831004,bot,0,0,1,0,0,0,0,0,0,0,0,0,0,0
1996643306118185187,1996514879373705642,bot,0,0,0,0,0,0,0,0,0,0,0,0,0,0
1996663477008494956,1996612254825865400,bot,0,0,0,0,0,0,0,0,0,0,0,0,0,0
1996665155388645404,1996216349518164199,bot,0,0,0,0,0,0,0,0,0,0,0,0,0,0
1996665301602103513,1996612078015000894,bot,0,0,0,0,0,0,0,0,0,0,0,0,0,0
1996959538172285361,1996714620284031407,bot,0,0,0,0,1,0,0,0,0,0,0,0,0,0
1996961507171602476,1996660339489100050,bot,0,0,0,0,0,0,0,0,0,0,0,0,0,0
1996961849707827359,1996677915136954417,bot,0,0,0,0,0,0,0,0,0,0,0,0,0,0
1996963040730681754,1996483384390934734,bot,1,0,0,0,0,0,0,0,0,0,0,0,0,0
1997031696818991599,1996660309084590112,bot,0,0,0,0,0,0,0,0,0,0,0,0,0,0
1997329070267290043,1997300416703524958,bot,0,0,0,0,0,0,0,0,0,0,0,0,0,0
1997329398756757824,1997217246037631336,bot,0,0,0,0,0,0,0,0,0,0,0,0,0,0
1997329537986613265,1997235466807214405,bot,0,0,0,0,0,0,0,0,0,0,0,0,0,0
1997330525191643223,1997139507502796874,bot,0,0,0,0,0,0,0,0,0,0,0,0,0,0
1997333321357971672,1996810923118678374,bot,0,0,0,0,0,0,0,0,0,0,0,0,0,0
1997673496424362379,1997366516463947934,bot,0,0,0,1,0,0,0,0,0,0,0,0,0,0
1997674368571265221,1997244848508981536,bot,0,0,0,0,0,0,0,0,0,0,0,0,0,0
1997677147134005589,1997469133101814065,bot,0,0,0,0,0,0,0,1,0,0,0,0,0,0
1997678201850474913,1997379182943486320,bot,0,0,1,0,0,0,0,0,0,0,0,0,0,0
1997678601265692863,1997124464287330535,bot,0,0,0,0,0,0,0,0,0,0,1,0,0,0
1998125352263053474,1997767531474321544,bot,0,0,0,0,0,0,0,0,0,0,1,0,0,0
1998125601404625402,1997877481378820206,bot,0,0,0,0,0,0,0,0,0,0,1,0,0,0
1998127181105356913,1997717689159360954,bot,0,0,1,0,0,0,0,0,0,0,0,0,0,0
1998127472387191147,1998099287889351050,bot,0,0,0,0,0,0,0,0,0,0,0,0,0,0
1998129284863455726,1997740177670963207,bot,0,0,0,0,0,0,0,0,0,0,0,0,0,0
1998476680680047010,1998400704537403638,bot,0,0,0,0,0,0,0,0,0,0,0,0,0,0
1998481764524699788,1998158915758870768,bot,1,0,0,0,0,0,0,0,0,0,0,0,0,0
1998484723677515891,1998399537107333244,bot,0,0,0,0,0,0,0,0,0,0,0,0,0,0
1998491594983453083,1998347694922768506,bot,0,0,0,0,0,0,0,1,0,0,0,0,0,0
1998492194164838477,1997743185678725157,bot,0,0,0,0,0,0,0,0,0,0,0,0,0,0
1998765207212978519,1998523668348154266,bot,0,0,0,0,0,0,0,0,0,0,0,0,0,0
1998765820663447855,1998504578262945999,bot,0,0,0,0,0,0,0,0,0,0,0,0,0,0
1998766295777439962,1998628475222331762,bot,0,0,0,0,0,0,0,0,0,0,0,0,0,0
1998766561780215821,1998462597922783544,bot,0,0,0,0,0,0,0,0,0,0,0,0,0,0
1998766843041919103,1997846574387560618,bot,0,0,0,0,0,0,0,0,0,0,0,0,0,0
1999144241734222018,1998908069586284995,bot,0,0,0,0,0,1,0,0,0,0,0,0,0,0
1999144865146327316,1998951200285450246,bot,0,0,0,0,0,0,0,0,0,0,1,0,0,0
1999145140695245192,1998958751878099008,bot,0,0,0,0,0,0,0,0,0,0,1,0,0,0
1999145944462344276,1998876786684473567,bot,0,0,0,0,0,0,0,0,0,0,0,0,0,0
1999147595415822744,1998856748506185932,bot,0,0,0,0,0,0,0,0,0,0,0,0,0,0
1999523296841183449,1999161532937015367,bot,0,0,1,0,0,0,0,0,0,0,0,0,0,0
1999524351792582722,1999397468811805141,bot,0,0,0,0,0,0,0,0,0,0,0,0,0,0
1999526147705426107,1999307806319739195,bot,0,1,0,0,0,0,0,0,0,0,0,0,0,0
1999526488178032824,1999323445855686900,bot,0,0,0,0,0,0,0,0,0,0,0,0,0,0
1999526658542354501,1999469875144823222,bot,0,0,0,0,0,0,0,0,0,0,0,0,0,0
1999935753472582064,1999783928886911474,bot,0,0,0,0,1,0,0,0,0,0,0,0,0,0
1999938051548581998,1999651966046343296,bot,0,0,0,0,0,0,0,0,0,0,1,0,0,0
1999950553737032042,1999800341181956344,bot,0,0,1,0,0,0,0,0,0,0,0,0,0,0
1999951359806771310,1999420467396940025,bot,0,0,0,0,0,0,0,0,0,0,0,0,0,0
1999961783428125088,1999797003786531260,bot,1,0,0,0,0,0,0,0,0,0,0,0,0,0
2000312795179385217,2000133870012842067,bot,0,0,0,0,0,0,0,0,0,0,0,0,0,0
2000315642113634480,2000155774576910401,bot,0,0,1,0,0,0,0,0,0,0,0,0,0,0
2000326783527170511,2000027557899735125,bot,0,0,0,0,0,0,0,1,0,0,0,0,0,0
2000327261480755373,2000156725714866626,bot,0,0,0,0,0,0,0,0,0,0,0,0,0,0
2000327403248189820,2000016226291188179,bot,0,0,0,0,0,0,0,0,0,0,0,0,0,1
2000578866096550296,2000524950512214055,bot,0,0,0,0,0,0,0,0,0,0,0,0,0,0
2000579079288832241,2000509614480343428,bot,0,0,0,0,0,0,0,0,0,0,0,0,0,0
2000579306007736513,2000521804712919426,bot,0,0,0,0,0,0,0,0,0,0,0,0,0,0
2000579623164264914,2000524076616503771,bot,0,1,0,0,0,0,0,0,0,0,0,0,0,0
2000579874826641839,2000520147694669932,bot,1,0,0,0,0,0,0,0,0,0,0,0,0,0
2000930650694570013,2000628552035635248,bot,0,0,0,0,0,0,0,0,0,0,0,0,0,0
2000931784393908238,2000762248080580958,bot,0,0,0,0,0,0,0,0,0,0,0,0,0,0
2000932368299757820,2000820685615321438,bot,0,1,0,0,0,0,0,0,0,0,0,0,0,0
2000934802640236746,2000837335550976303,bot,0,1,0,1,0,0,0,0,0,0,0,0,0,0
2000935038976659696,2000612727086067983,bot,0,0,0,0,0,0,0,0,0,0,0,0,0,0
2001374127463059587,2001308905352351974,bot,0,0,0,0,0,0,0,0,0,0,0,0,0,0
2001375755549200887,2001062164237574246,bot,0,0,0,0,0,0,0,0,0,0,0,0,0,0
2001376841718776171,2001288006800494627,bot,0,0,0,0,0,0,0,1,0,0,0,0,0,0
2001377904668631527,2001329037998948357,bot,0,0,0,0,0,0,0,0,0,0,0,0,0,1
2001381039361384612,2001048492559503670,bot,0,0,0,0,0,0,0,0,0,0,0,0,0,0
2001381305657798778,2001256018827993460,bot,0,0,1,0,0,0,0,0,0,0,0,0,0,0
2001679202605494671,2001501901385265631,bot,0,0,0,0,0,0,0,0,0,0,0,0,0,0
2001681471229059524,2001572518680010891,bot,0,0,0,0,0,0,0,0,0,0,0,0,1,0
2001682240011440412,2001337939234824368,bot,0,0,0,0,0,0,0,0,0,0,0,0,0,0
2001682884189450351,2001522835357925793,bot,0,0,0,0,0,0,0,0,0,0,0,0,0,0
2001684129520206066,2001605299384521129,bot,0,0,0,0,0,0,0,0,0,0,0,0,0,0
2002033521716564268,2001647553700598239,bot,0,0,1,0,0,0,0,0,0,0,0,0,0,0
2002034337596719206,2001672014487314829,bot,0,0,0,0,0,0,0,0,0,0,0,0,0,0
2002034716988391616,2001769227271725409,bot,0,0,0,0,0,0,0,0,0,0,0,0,0,0
2002035068718473263,2001626016838803692,bot,0,0,0,0,0,0,0,0,0,0,0,0,0,0
2002062038403609027,2001857541517775082,bot,0,0,0,0,0,0,0,1,0,0,0,0,0,0
2002400947079651434,2002282878860669413,bot,0,0,0,1,0,0,0,0,0,0,0,0,0,0
2002401738716758170,2002134344337424623,bot,0,0,0,0,0,0,0,0,0,0,0,0,0,0
2002402117202407762,2002324368224129343,bot,0,0,1,0,0,0,0,0,0,0,0,0,0,0
2002402523475247555,2002223981542453628,bot,0,0,0,0,0,0,0,0,0,0,0,0,0,0
2002402991727325281,2002363414773944720,bot,0,0,0,0,0,0,0,0,0,0,0,0,0,0
2002746491090133304,2002690782051147966,bot,0,0,0,0,0,0,0,0,0,0,0,0,0,0
2002747618565169415,2002549045567553553,bot,0,0,0,0,0,1,0,0,0,0,0,0,0,0
2002748005879824500,2002496078684529023,bot,0,0,0,0,1,0,0,0,0,0,0,0,0,0
2002748338349756760,2002511449126810017,bot,0,0,0,0,0,0,0,0,0,0,0,0,0,1
2002748759650791776,2002497624344244359,bot,0,0,0,0,0,1,0,0,0,0,0,0,0,0
2003118008487600634,2002439077254344763,bot,0,0,0,0,0,0,0,0,0,0,0,0,0,0
2003118574005518362,2002699333553041415,bot,0,0,0,1,0,0,0,0,0,0,0,0,0,0
2003118835780477095,2002863653058715930,bot,0,0,0,0,0,0,0,0,0,0,0,0,0,0
2003253431918596558,2003196090456375491,bot,0,0,0,0,0,0,0,1,0,0,0,0,0,0
2003253661359608138,2003228434584195416,bot,0,0,0,0,0,0,0,0,0,0,0,0,0,0
2003470142462714103,2003329283889201325,bot,0,0,0,0,0,1,0,0,0,0,0,0,0,0
2003470874469417457,2003351334536512001,bot,0,0,0,0,0,0,0,0,0,0,0,0,1,0
2003472545236889739,2002813579251368379,bot,1,0,0,0,0,1,0,0,0,0,0,0,0,0
2003473400635810153,2003262760017350845,bot,0,0,0,0,0,0,0,0,0,0,0,0,0,0
2003474291841478803,2003178058187178095,bot,0,0,0,0,0,0,0,0,0,0,0,0,0,0
2003834901037015066,2003648722388025684,bot,0,0,0,0,0,0,0,1,0,0,0,0,0,0
2003835655386726614,2003511118803660959,bot,0,0,0,0,0,0,0,0,0,0,0,0,0,0
2003836032442065329,2003705080340426824,bot,0,0,0,0,0,0,0,0,0,0,0,0,0,0
2003849985603813769,2003510916130963487,bot,0,0,1,0,0,0,0,0,0,0,0,0,0,0
2003939570434400560,2003671146076742056,bot,0,0,0,0,1,0,0,0,0,0,0,0,0,0
2004321710774861921,2003828942395052114,bot,0,0,0,0,0,0,0,0,0,0,0,0,0,0
2004322810437452056,2003965117567033807,bot,0,0,0,0,0,0,0,0,0,0,0,0,0,0
2004323874272358682,2004215195225542833,bot,0,0,0,0,0,0,0,1,0,0,0,0,0,0
2004324208638149012,2004254169570726258,bot,0,0,0,0,0,0,0,0,0,0,0,0,0,0
2004324493527851513,2004230084413276417,bot,0,0,0,0,0,0,0,0,0,0,0,0,0,0
2004687520081056009,2004631343272263964,bot,0,0,0,0,0,0,0,0,0,0,0,0,0,0
2004688306563432680,2004321368456810808,bot,0,0,1,0,0,0,0,0,0,0,0,0,0,0
2004688986694881325,2004613802944557430,bot,0,0,0,0,0,0,0,0,0,0,0,0,0,0
2004690774655377709,2004581963785789832,bot,0,0,0,0,0,0,0,0,0,0,0,0,0,0
2004691234107887659,2004506787072917993,bot,1,0,0,0,0,0,0,0,0,0,0,0,0,0
2005040541239533955,2004636775294402949,bot,0,0,0,0,0,1,0,0,0,0,0,0,0,0
2005040837428724207,2005001608115925135,bot,0,0,0,0,0,0,0,0,0,0,1,0,0,1
2005042540647477343,2004944062168924660,bot,0,0,0,0,0,0,0,0,0,0,0,0,0,0
2005043162805420165,2004781789144121637,bot,0,0,0,0,0,0,0,0,0,0,0,0,0,0
2005043740033863766,2004767164751086075,bot,0,0,0,0,0,0,0,0,0,0,0,0,0,0
2005281845542293605,2005101184177078563,bot,0,0,0,0,0,1,0,0,0,0,0,0,0,0
2005282378281844852,2004948546458714399,bot,0,0,0,0,0,0,0,0,0,0,0,0,0,0
2005283345509302351,2004934043192656120,bot,0,0,0,0,0,0,0,0,0,0,0,0,0,0
2005285637230850550,2005155175129121166,bot,0,0,1,0,0,0,0,0,0,0,0,0,0,0
2005286119508738296,2004937973167485132,bot,0,0,0,0,1,0,0,0,0,0,0,0,0,0
2005634157477609578,2005374152186990851,bot,0,0,0,0,0,0,0,0,0,0,0,0,0,1
2005634678984687987,2005325273118695708,bot,0,0,0,0,0,0,0,0,0,0,0,0,0,0
2005635151888359525,2005335551717880137,bot,0,0,0,0,0,0,0,0,0,0,0,0,0,0
2005635523604369571,2005529304202100777,bot,0,0,0,0,0,0,0,0,0,0,0,0,0,0
2005635829515825303,2005052621552582992,bot,1,0,0,0,0,0,0,0,0,0,0,0,0,0
2005993845478023574,2005783389069271524,bot,0,0,0,0,0,0,0,0,0,0,0,0,0,0
2005994086692467023,2005911743261012284,bot,0,0,1,0,0,0,0,0,0,0,0,0,0,0
2005994436912664727,2005945702715973691,bot,0,0,0,0,0,1,0,0,0,0,0,0,0,0
2005995233561948243,2005707892389998887,bot,0,0,1,0,0,0,0,0,0,0,0,0,0,0
2005995722059977210,2005812373404147911,bot,0,0,0,1,0,0,0,0,0,0,0,0,0,0
2006353427333353803,2006119735012802587,bot,0,0,0,0,0,0,0,0,0,0,1,0,0,0
2006354444422709443,2006044334873858556,bot,0,0,0,0,1,0,0,0,0,0,0,0,0,0
2006360323859632279,2005957037067493516,bot,0,0,0,0,0,1,0,0,0,0,0,0,0,0
2006360661698236660,2006032941638369424,bot,0,0,0,0,0,0,0,0,0,0,0,0,0,0
2006566849278857401,2006465361999442028,bot,0,0,0,0,0,0,0,1,0,0,0,0,0,0
2006718487570305290,2006623170690732376,bot,0,0,0,0,0,0,0,0,0,0,0,0,0,1
2006718789665112223,2006387562714427741,bot,0,0,0,0,0,0,0,0,0,0,0,0,0,0
2006720797881070059,2006430865501597881,bot,0,0,0,0,0,0,0,0,0,0,0,0,0,0
2006721141876887886,2006296463307923525,bot,0,0,0,0,0,0,0,0,0,0,0,0,0,1
2006721433280364628,2006250097265537459,bot,0,0,0,0,0,0,0,0,0,0,0,1,0,0
2007082743084040629,2006759905550807510,bot,0,0,0,0,1,0,0,0,0,0,0,0,0,0
2007084232162570273,2006914503292633391,bot,0,0,0,0,0,0,0,0,0,0,0,0,0,0
2007084709700911271,2006860002099929220,bot,0,0,0,0,0,0,0,0,0,0,0,0,0,0
2007086366786531771,2006798545144463485,bot,1,0,0,0,0,0,0,0,0,0,0,0,0,0
2007086589399187715,1977821721744040146,bot,0,0,0,0,0,0,0,0,0,0,0,0,0,1
2007470817836233058,2007128746084700168,bot,0,0,0,0,0,0,0,0,0,0,1,0,0,0
2007472887452602717,2006951864118685993,bot,0,0,0,0,0,0,0,0,0,0,0,0,0,0
2007473450588250359,2007351765826695240,bot,0,0,0,0,0,0,0,0,0,0,0,0,0,0
2007475404701835427,2007344510595117469,bot,0,0,0,0,0,1,0,0,0,1,0,0,0,0
2007616388760825993,2007501362309857302,bot,0,0,0,0,0,0,0,0,0,0,0,0,0,0
2007843659673194870,2007589754167025754,bot,0,0,0,0,0,1,0,0,0,0,0,0,0,0
2007844316467589213,2007468669623001582,bot,0,0,0,0,1,0,0,0,0,0,0,0,0,1
2007845165164032383,2007521241054515317,bot,0,0,0,1,0,0,0,0,0,0,0,0,0,0
2007846741870059908,2007779647426371973,bot,0,0,0,0,0,0,0,0,0,0,0,0,0,0
2007847910906429600,2007457717040931265,bot,0,0,0,0,0,0,0,0,0,0,0,0,0,0
2008164201613701599,2007956758753583348,bot,0,0,0,0,0,0,0,0,0,0,0,0,0,0
2008164812144902620,2007657780904083655,bot,0,0,1,0,0,0,0,0,0,0,0,0,0,0
2008165941595504928,2007916134633443626,bot,0,0,0,0,0,0,0,0,0,0,0,0,0,0
2008166686298423730,2008025170355884414,bot,0,0,0,0,0,0,0,0,0,0,0,0,0,1
2008167150536560664,2007902394924073390,bot,0,0,0,0,0,0,0,0,0,0,0,0,0,0
2008545176482955563,2008254706301497469,bot,0,0,0,0,0,0,0,0,0,0,0,0,0,0
2008545885517468032,2008254997281268116,bot,0,0,0,0,0,0,0,0,0,1,0,0,0,0
2008546518983155720,2008280105466872158,bot,0,0,0,0,1,0,0,0,0,0,0,0,0,0
2008547191867002955,2008323126937997678,bot,0,0,0,0,0,1,0,0,0,0,0,0,0,0
2008549034974142544,2008327402213069111,bot,0,0,0,0,0,1,0,0,0,0,0,0,0,0
2008735003048329216,2008598912756838509,bot,0,0,0,0,0,0,0,0,0,0,0,0,0,0
2008735800205139976,2008654788653969804,bot,0,0,0,0,0,0,0,1,0,0,0,0,0,0
2008736344067944502,2008633315998249087,bot,0,0,0,0,0,0,0,0,0,0,0,0,0,0
2008736611568144655,2008530398163403132,bot,0,0,0,0,0,0,0,1,0,0,0,0,0,0
2008768479961231686,2008696140456145058,bot,0,0,0,0,0,0,0,0,0,0,0,0,0,0
2008769532387602491,2008356891513295170,bot,0,0,0,0,0,0,0,0,0,0,0,0,0,0
2008769840157266052,2008643890534842742,bot,0,0,0,0,0,0,0,0,0,0,0,0,0,0
2008770110580814107,2008686426976592315,bot,0,0,0,0,0,0,0,0,0,0,0,0,0,0
2008924862044143913,2008710651817116154,bot,0,0,0,0,0,1,0,0,0,0,0,0,0,0
2008928547516125500,2008508951110053951,bot,1,0,0,0,0,0,0,0,0,0,0,0,0,0
2008931845484822840,2008644091681067426,bot,0,0,0,0,0,0,0,0,0,0,0,0,0,0
2009465853079679244,2009365299259428906,bot,0,0,0,0,0,0,0,0,0,0,0,0,0,0
2009467758593929469,2008850506353987654,bot,0,0,1,0,0,0,0,0,0,0,0,0,0,0
2009629875104109044,2009502816545742921,bot,0,0,0,0,0,0,0,0,0,0,0,0,0,0
2010717808758272137,2010637355787649066,bot,1,0,0,0,0,0,0,0,0,0,1,0,0,0
2011163884267209129,2011101508922757602,bot,1,0,0,0,0,0,0,0,0,0,0,0,0,0
2011449472220283127,2011167533492023691,bot,0,0,0,0,0,0,0,0,0,0,0,0,0,0
2011450070923641265,2011305270279094695,bot,0,0,0,0,1,0,0,0,0,0,0,0,1,0
2011825555990040886,2011599733547286927,bot,0,0,0,0,0,0,0,0,0,0,0,0,0,0
2011825970043338867,2011755984784376257,bot,0,0,0,0,0,0,0,0,0,0,0,0,0,0
2012205392625897487,2011918275169374544,bot,0,0,0,0,0,0,0,0,0,0,0,0,0,0
2013652663582232857,2013411849803304999,bot,0,0,0,0,0,0,0,0,0,0,1,0,0,0
2017242598901961082,2017030248504627495,bot,1,0,0,0,0,0,0,0,0,0,0,0,1,0
2017243093703991409,2017139859664884013,bot,0,0,0,0,1,0,0,0,0,0,0,0,0,0
2017244925365047744,2017193574014787597,bot,0,0,0,0,0,0,0,0,0,0,0,0,0,0
1995850616573231392,1995772485493494264,human,0,0,0,0,0,0,0,0,0,0,0,0,0,0
1986000172527096054,1985967414979215402,human,0,0,0,0,0,0,0,0,0,0,0,0,0,0
1986002610273353842,1985783259327054239,human,0,0,0,0,0,0,0,0,0,0,0,0,0,0
1987549966798037208,1987006290837839979,human,0,0,0,0,0,0,0,0,0,0,0,0,0,0
1991516833342480477,1991258040679399618,human,0,0,0,0,0,0,0,0,0,0,0,0,0,0
2012485923041140811,2007227809945522431,human,0,0,0,0,0,0,0,0,0,0,0,0,0,0
1985888571559968950,1985620224364986498,human,0,0,0,0,0,0,0,0,0,0,0,0,0,0
2004683899235156463,2004321368456810808,human,0,0,0,0,0,0,0,0,0,0,0,0,0,0
1993343384019239101,1992338584595247390,human,0,0,1,0,0,0,0,0,0,0,0,0,0,0
1985417690534854772,1985340076226924556,human,0,0,0,0,0,0,0,0,0,0,1,0,0,0
1998409548516794816,1998117617505374493,human,0,0,0,0,0,0,0,0,0,0,0,0,0,0
1987231340245467517,1987201521449075132,human,0,0,0,0,0,0,0,0,0,0,1,0,0,0
2001197625266057624,2001069017834926247,human,0,0,0,0,0,0,0,0,0,0,1,0,0,0
2002396663953183179,2002310525963907540,human,0,0,1,0,0,0,0,0,0,0,0,0,0,0
2011138681248133164,2011101508922757602,human,0,0,1,0,0,0,0,0,0,0,0,0,0,0
1989493089740677590,1989440177090302084,human,0,0,0,0,0,0,0,0,0,0,0,0,0,0
1987366531349827900,1987168864958927261,human,0,0,0,0,0,0,0,0,0,0,0,0,0,0
1987285723687403799,1987043717077999927,human,0,0,0,0,0,0,0,0,0,0,0,0,0,0
1989353206346867181,1989009112097566866,human,0,0,0,0,0,0,0,0,0,0,0,0,0,0
1991680923960578106,1991576680956117123,human,0,0,0,0,0,0,0,0,0,0,1,0,0,0
1991273327726379227,1991258040679399618,human,0,0,0,0,0,0,0,0,0,0,0,0,0,0
2005466308343918624,2005426723244917111,human,0,0,0,0,0,0,0,0,0,0,0,0,0,0
1992081583495675906,1992043016685535618,human,0,0,0,0,0,0,0,0,0,0,0,0,0,0
1995466626591015007,1995173541143363963,human,0,0,0,0,0,1,0,0,0,0,0,0,0,0
1996073044025245952,1995459325863584052,human,0,0,0,0,0,0,0,0,0,1,0,0,0,0
2000782909188530404,2000612727086067983,human,0,0,0,0,0,0,0,0,0,1,0,0,0,0
1992455356438524033,1991547994886307979,human,0,0,0,0,0,0,0,0,0,0,0,0,0,0
1994744205898383445,1994559296835915829,human,0,0,0,0,0,0,0,0,0,0,0,0,0,0
2006367250932982158,2006110545208824111,human,0,0,0,0,0,0,0,0,0,0,0,0,0,0
1986031292945776688,1985879925144924396,human,0,0,0,0,0,0,0,0,0,0,0,0,0,0
1995974272196677800,1995904277999747496,human,0,0,0,0,0,0,0,0,0,0,0,0,0,0
2008751950179819956,2008710651817116154,human,0,0,0,0,0,0,0,0,0,0,0,0,0,0
1987678339058815128,1987620280420712576,human,0,0,0,0,1,0,0,0,0,0,0,0,0,0
2000198523632107612,2000136179292029102,human,0,0,0,0,0,0,0,0,0,0,0,1,0,0
2004307496069156963,2004275766130016684,human,0,0,0,0,0,0,0,0,0,0,1,0,0,0
1992134738971172955,1992084430752809227,human,0,0,0,0,0,0,0,0,0,0,1,0,0,0
2000043850803417193,1999797003786531260,human,0,0,0,0,0,0,0,0,0,0,0,0,0,0
2001355736798912602,2001288006800494627,human,0,0,0,0,0,0,0,0,0,0,0,0,0,0
1988016621894418833,1987777364202586141,human,0,0,0,0,0,0,0,0,0,0,0,0,0,0
2002835099729989875,2002699333553041415,human,0,0,0,0,0,0,0,0,0,0,0,0,0,0
2000941885112676809,1998838301696962787,human,0,0,0,0,0,0,0,0,0,0,0,0,0,0
1994576649715642374,1994559296835915829,human,0,0,0,0,0,0,0,0,0,0,0,1,0,0
1992422188067041512,1992107088034795917,human,0,0,0,0,0,0,1,0,0,0,0,0,0,0
2009397722248290396,2009345392182501756,human,0,0,0,0,0,0,0,0,0,0,0,0,0,0
2004994058423599277,2004636775294402949,human,0,0,0,0,0,0,0,0,0,0,1,0,0,0
2005424253827711406,2005341956814319848,human,0,0,0,0,0,0,0,0,0,0,0,0,0,0
2007725719489503467,2007719361327636731,human,0,0,0,0,0,0,0,0,0,0,1,0,0,0
1989340025192865980,1988927853342388700,human,0,0,0,0,0,0,0,0,0,0,0,0,0,0
1984599949208617018,1984459581968556108,human,0,0,0,0,0,0,0,0,0,0,1,0,0,0
1987673893683818703,1987627574558622116,human,0,0,0,0,0,0,0,0,0,0,0,0,0,0
1987915439876227191,1987684499652854016,human,0,0,0,0,0,0,0,0,0,0,0,0,0,0
1997747202618184033,1997717689159360954,human,0,0,0,0,0,0,0,0,0,0,1,0,0,0
1992052633524179072,1991831700767396310,human,0,0,0,0,0,0,0,0,0,0,0,0,0,0
2001333973000093987,2001256018827993460,human,0,0,0,0,0,0,0,0,0,0,1,0,0,0
1989456586293825565,1989066115281305951,human,0,0,0,0,0,0,0,0,0,0,0,0,0,0
2006959003964699007,2006759905550807510,human,0,0,0,0,1,0,0,0,0,0,0,0,0,0
1995610364286042212,1992590502013940140,human,0,0,0,0,0,0,0,0,0,0,0,0,0,0
2008540481186082985,2008327402213069111,human,0,0,0,0,0,0,0,0,0,0,0,0,0,0
1998448801191993794,1998399537107333244,human,0,0,0,0,0,0,0,0,0,0,0,0,0,0
2017340997840343326,2017030248504627495,human,0,0,0,0,0,0,0,0,0,0,0,0,0,0
1990357489787842879,1990038229127491719,human,0,0,0,0,0,0,0,0,0,0,0,0,0,0
1992467071897084346,1992380912395579503,human,0,0,0,0,0,0,0,0,0,0,0,0,0,0
2004546337992274287,2004373242287653055,human,0,0,0,0,0,0,0,0,0,0,0,0,0,0
1990804349128233268,1990715101893013724,human,0,0,0,0,0,0,0,0,0,0,0,0,0,0
1990043069681434775,1989707838579732894,human,0,0,0,0,0,0,0,0,0,0,1,0,0,0
1997109928092143993,1997043553923420668,human,0,0,0,0,0,0,0,0,0,0,0,0,0,0
1996099475572449304,1996068379078414662,human,0,0,0,0,0,0,0,0,0,0,1,0,0,0
1994811172550222137,1994748150825771266,human,0,0,0,0,0,0,0,0,0,0,0,0,0,0
1991888502275834035,1991825618980503795,human,0,0,0,0,0,0,0,0,0,0,0,0,0,0
2000996094038122932,2000691281358410122,human,0,0,0,0,0,0,0,0,0,0,1,0,0,0
1987542223806931080,1987201521449075132,human,0,0,0,0,0,0,0,0,0,0,0,0,0,0
1988776705553736003,1988667993975644618,human,0,0,0,0,0,0,0,0,0,0,0,0,0,0
1990107386254970993,1990038229127491719,human,0,0,0,0,0,0,0,0,0,0,0,0,0,0
1987214863631089868,1986893766775771632,human,0,0,0,0,0,0,0,0,0,0,1,0,0,0
1988418307515388073,1988239357992726978,human,0,0,0,0,0,0,0,0,0,0,0,0,0,0
1992498509384155395,1992391271969943776,human,0,0,0,0,0,0,0,0,0,0,0,0,0,0
1992505436382113853,1992428973268287762,human,0,0,0,0,0,0,0,0,0,0,0,0,0,0
1991281866461073496,1991231332488270030,human,0,0,0,0,1,0,0,0,0,0,0,0,0,0
1992849412960219181,1992572116198170633,human,0,0,0,0,0,0,0,0,0,0,0,0,0,0
1991321732993458568,1991258040679399618,human,0,0,0,0,0,0,0,0,0,0,0,0,0,0
1988976508510290166,1988796762069631123,human,0,0,1,0,0,0,0,0,0,0,0,0,0,0
2007577009959195037,2007541912753058028,human,0,0,0,0,0,0,0,0,0,1,0,0,0,0
1996177896868655134,1995958618328629431,human,0,0,0,0,0,0,0,0,0,0,0,0,0,0
2003227099021344842,2003219875523965245,human,0,0,0,0,0,0,0,0,0,0,0,0,0,0
1984949816539959804,1984845909361050008,human,0,0,0,0,0,0,0,0,0,0,0,0,0,0
1989437272723525944,1989345763135213971,human,0,0,0,0,0,0,0,0,0,0,0,0,0,0
1991605315540865377,1991576680956117123,human,0,0,0,0,0,0,0,0,1,0,0,0,0,0
1991190943039430932,1991123357987680702,human,0,0,0,0,0,0,0,0,0,0,0,0,0,0
1996874933088276691,1996776164619125188,human,0,0,0,0,0,0,0,0,0,0,1,0,0,0
1990623113588203964,1990423146327859432,human,0,0,0,0,0,0,0,0,0,0,0,0,0,0
2000402729332773102,1999501545121906985,human,0,0,0,0,0,0,0,0,0,0,0,0,0,0
1992118187396132996,1991876856195535227,human,0,0,0,0,0,0,0,0,0,0,0,0,0,0
1997244552445669413,1997182736549978439,human,0,0,0,0,0,0,0,0,0,0,0,1,0,0
1990120800330854452,1990069171044974806,human,0,0,0,0,0,0,0,0,0,0,0,0,0,0
1992238607520649567,1991891827583324298,human,0,0,0,0,0,0,0,0,0,0,0,0,0,0
1984609885934199218,1984464886236131628,human,0,0,0,0,0,0,0,0,0,0,0,0,0,0
1989040822528942348,1988792758497341829,human,0,0,0,0,0,0,0,0,0,0,0,0,0,0
1985297024762143008,1985145058748739687,human,0,0,0,0,0,1,0,0,0,0,0,0,0,0
1989387703927079026,1989354247054381132,human,0,0,0,0,0,0,0,0,0,0,1,0,0,0
1985783144054743288,1985750550156062749,human,0,0,0,0,0,0,0,0,0,0,0,0,0,0
1993218436479033664,1993068077240725676,human,0,0,0,0,0,0,0,0,0,0,0,0,0,0
1992890890155671918,1992743603299668152,human,0,0,0,0,0,0,0,0,0,0,1,0,0,0
1992895664208883747,1992709191430201621,human,0,0,0,0,0,0,0,0,0,0,1,0,0,0
1996624039272415257,1996483384390934734,human,0,0,0,0,0,0,0,0,0,1,0,0,0,0
1994916298376036444,1994834265343762742,human,0,0,0,0,0,0,0,0,0,0,0,0,0,0
1993233166103199947,1987449045544309180,human,0,0,0,0,0,0,0,0,0,0,1,0,0,0
1987151169492226270,1986492803481018803,human,0,0,0,0,0,0,0,0,0,0,0,0,0,0
1986207667812245798,1986119875992142286,human,0,0,0,0,0,0,0,0,0,0,0,1,0,0
1995120324493344857,1995014910271697028,human,0,0,0,0,0,0,0,0,0,0,1,0,0,0
2003840916558156163,2003573280280838653,human,0,0,0,0,0,0,0,0,0,0,1,0,0,0
1990474557346726138,1990225780455145960,human,0,0,0,0,0,0,0,0,0,0,0,0,0,0
1990479281181634680,1990425581997985969,human,0,0,0,0,0,0,0,0,0,0,0,0,0,0
1997036025558995174,1996853584642654356,human,0,0,0,0,0,0,0,0,0,0,0,0,0,0
1985386360987885887,1985203965319913898,human,0,0,0,0,0,0,0,0,0,0,0,0,0,0
1985388289726005512,1985340076226924556,human,0,0,0,0,0,0,0,0,0,0,0,0,0,0
1985389073809187266,1985277430500643031,human,0,0,0,0,0,0,0,0,0,0,0,0,0,0
1985694639710462262,1985491786383454684,human,0,0,0,0,0,0,0,0,0,0,1,0,0,0
1997772251190771792,1997410772121522233,human,0,0,0,0,0,0,0,0,0,0,1,0,0,0
1987606392052896216,1987212260993806801,human,0,0,0,0,0,0,0,0,0,0,1,0,0,0
1994775575135678603,1994527330711343321,human,0,1,0,0,0,0,0,0,0,0,0,0,0,0
2008088280990921106,2007641871938662716,human,0,0,0,0,0,0,0,0,0,0,0,0,0,0
1990004241075667190,1989770876943044979,human,0,0,0,0,0,0,0,0,0,0,0,0,0,0
1991541955747332237,1991258040679399618,human,0,0,1,0,0,0,0,0,0,0,0,0,0,0
1994226361570034138,1994122730287898659,human,0,0,0,0,0,0,0,0,1,0,0,0,0,0
1989794754981486845,1989713752204185742,human,0,1,0,0,0,0,0,0,0,0,0,0,0,0
1996689899676741836,1996311027651338690,human,0,0,0,0,0,0,0,0,0,0,0,0,0,0
1997691042406285689,1997345298000036101,human,0,0,0,0,0,0,0,0,0,0,0,0,0,0
2002354818992554029,2002310525963907540,human,0,0,0,0,0,0,0,0,0,0,1,0,0,0
1992675077972799883,1992114908037841209,human,0,0,0,0,0,0,0,0,0,0,0,0,0,0
1998396938652156266,1998383700866687475,human,0,0,0,0,0,0,0,0,0,0,0,0,0,0
1995570813559550095,1995431930637033783,human,0,0,0,0,0,0,0,0,0,0,0,0,0,0
2000226019111022999,2000136179292029102,human,0,0,0,0,0,0,0,0,0,0,0,0,0,1
1985904554102137157,1985591055773814851,human,0,0,0,0,0,0,0,0,0,0,0,0,0,0
2000546011329040420,2000509614480343428,human,0,0,0,0,0,0,0,0,0,0,0,0,0,0
1988396776886350060,1988343457052848205,human,0,0,0,0,0,0,1,0,0,0,0,0,0,0
1984615675927933318,1984457722763624470,human,0,0,0,0,0,0,0,0,0,0,0,0,0,0
1992042100775358780,1991160032570827100,human,0,0,0,0,0,0,0,0,0,0,0,0,0,0
1988708532376797350,1988446387466334516,human,0,0,0,0,0,0,0,0,0,0,0,0,0,0
2008260074741895527,2008232217525580007,human,0,0,0,0,0,0,0,0,0,0,0,0,0,0
1984487496764268871,1984345894477762985,human,0,0,0,0,0,0,0,0,0,0,0,0,0,0
1984528899808637037,1984457722763624470,human,0,0,0,0,0,0,0,0,0,0,0,0,0,0
1984535808506724391,1984373940404318218,human,0,0,0,0,0,0,0,0,0,0,0,0,0,0
1984537769570357340,1984464886236131628,human,0,0,0,0,0,0,0,0,0,0,0,0,0,0
1984546719686652099,1984457958776787274,human,0,0,0,0,0,0,0,0,0,0,0,0,0,0
1986787208745939309,1986732362944676205,human,0,0,0,0,0,0,0,0,0,0,0,0,0,0
1998365188391661808,1998225781370315205,human,0,0,0,0,0,0,0,0,0,0,0,0,0,0
1986808835827544471,1986528002914545971,human,0,0,0,0,0,0,0,0,0,0,0,0,0,0
1986119506796716095,1985848230714757285,human,0,0,0,0,0,1,0,0,0,0,0,0,0,0
1986127787875537294,1985733488717545540,human,0,0,0,0,0,0,0,0,0,0,0,0,0,0
1992693777765724201,1992590502013940140,human,0,0,0,0,0,0,0,0,0,0,1,0,0,0
1995133237148995774,1995036032522490310,human,0,0,1,0,0,0,0,0,0,0,1,0,0,0
1998353285351186912,1998117617505374493,human,0,0,0,0,0,0,0,0,0,0,0,0,0,0
2000214506534744412,2000188768859603060,human,0,0,0,0,0,0,0,0,0,0,0,0,0,0
2002704874715095135,2002633400126222487,human,0,0,0,0,0,0,0,0,0,0,0,0,0,0
2008552322104705513,2008327402213069111,human,1,0,0,0,0,0,0,0,0,0,0,0,0,0
2007317329172951112,2007195198271697395,human,0,0,0,0,0,0,0,0,0,0,0,0,0,0
1986772466719424861,1986732362944676205,human,0,0,0,0,0,0,0,0,0,0,0,0,0,0
1992288358752784836,1992186300569387022,human,0,0,0,0,0,0,0,0,0,0,0,0,0,0
2006650810395148535,2006296463307923525,human,0,0,0,0,0,0,0,0,0,0,0,0,0,1
1997446107228442875,1997124464287330535,human,0,0,1,0,0,0,0,0,0,0,0,0,0,0
1986532516334084508,1986325425338061200,human,0,0,0,0,0,0,0,0,0,0,0,0,0,0
1989296086196838699,1989283580204425332,human,0,0,0,0,0,0,0,0,0,0,0,0,0,0
1997308963742765393,1996996340874674275,human,0,0,0,0,0,0,0,0,0,0,0,0,0,0
1996799341130834335,1996749284876615682,human,0,0,0,0,0,0,0,0,0,0,1,1,0,0
1996168126988206368,1995964165303988245,human,0,0,1,0,0,0,0,0,0,0,0,0,0,0
1986497317793570869,1986397520902430817,human,0,0,0,0,0,0,0,0,0,0,0,0,0,0
2002696454801072158,2002633400126222487,human,0,0,0,0,0,0,0,0,0,0,1,0,0,0
1985410553183948838,1985364652977447298,human,0,0,0,0,0,0,0,0,0,0,0,0,0,0
1998098872275513816,1998057508674351164,human,0,0,1,0,0,0,0,0,0,0,0,0,0,0
1986117654852051437,1986042681701630316,human,0,0,0,0,0,0,0,0,0,0,0,0,0,0
1991225601160827224,1991129617017540729,human,0,0,0,0,0,0,0,0,0,0,0,0,0,1
1988646038660432059,1988617007093158120,human,0,0,0,0,0,0,0,0,0,0,0,0,0,0
1988664823320654286,1988264209902104794,human,0,1,0,0,0,0,0,0,0,0,0,0,0,0
1992900213468479662,1992648495023710622,human,0,0,0,0,0,0,0,0,0,0,1,0,0,0
1990517356016095296,1990417262491173263,human,0,0,0,0,0,0,0,0,0,0,0,0,0,0
1985637684656668901,1985424236794490946,human,0,0,0,0,0,0,0,0,0,0,1,0,0,0
1989322259907989617,1989271391175319873,human,0,0,0,0,0,0,0,0,0,0,0,0,0,0
1984909976406478966,1984845909361050008,human,0,0,0,0,0,0,0,0,0,0,0,0,0,0
2001746861183635542,2001603470928068705,human,0,0,0,0,0,0,0,0,0,0,1,0,0,0
2012287102210425229,2011833253682880579,human,0,0,0,0,0,0,0,0,0,0,0,0,0,0
2005930829483044981,2005899780795535587,human,0,1,0,0,0,0,0,0,0,0,0,0,0,0
1986477128259699107,1986219320645448147,human,0,0,1,0,0,0,0,0,0,0,0,0,0,0
1987965998180560982,1987928829357347143,human,0,0,0,0,0,0,0,0,0,0,1,0,0,0
1988141465084785133,1987945233553002778,human,0,0,0,0,0,0,0,0,0,0,0,0,0,0
1993175536068415636,1992909043946656149,human,0,0,0,0,0,0,0,0,0,0,1,0,0,0
1993333001388994858,1993156887597269316,human,0,0,0,0,0,0,0,0,0,0,1,0,0,0
1996311469345145017,1996187727721865517,human,0,0,0,0,0,0,1,0,0,0,0,0,0,0
1987389510070501496,1986896462907658347,human,0,0,1,0,0,0,0,0,0,0,0,0,0,0
1986089410710880367,1985848230714757285,human,0,0,0,0,0,1,0,0,0,0,0,0,0,0
1991268980821225529,1991258040679399618,human,0,0,1,0,0,0,0,0,0,0,0,0,0,0
2000903057777840128,2000572920976785444,human,0,0,0,0,0,0,0,0,0,0,0,0,0,0
1989005967342645704,1988838932407108000,human,0,0,1,0,0,0,0,0,0,0,0,0,0,0
2002297860205793511,2002047328660910360,human,0,0,0,0,0,0,0,0,0,0,1,0,0,0
1987485363036709128,1987168864958927261,human,0,0,0,0,0,0,0,0,0,0,0,0,0,0
2008268559072305446,2008232217525580007,human,0,0,0,0,0,0,0,0,0,0,0,0,0,0
1986821107920363873,1986525526568120783,human,0,0,0,0,0,0,0,0,0,0,0,0,0,0
1998715240003805652,1998537864032797145,human,0,0,1,0,0,0,0,0,0,0,0,0,0,0
1997208262400155721,1996831133414363186,human,0,0,0,0,0,0,0,0,0,0,0,0,0,0
1984995133117362257,1984676390608818260,human,0,0,0,0,0,0,0,0,0,1,0,0,0,0
1994776468732162264,1994580435452792897,human,0,0,0,0,0,0,0,1,0,0,1,0,0,0
1997486646405611706,1997369294150365622,human,0,0,0,0,0,0,0,0,1,0,0,0,0,0
1986335985349873690,1985966429276160154,human,0,0,0,0,0,0,0,0,0,0,1,0,0,0
2005378047587877169,2005306927967023286,human,0,0,0,0,0,0,0,0,0,0,0,0,0,0
1986715116557984178,1986325425338061200,human,0,0,0,0,0,0,0,0,0,0,0,0,0,0
1987614995350274356,1987536370118627796,human,0,0,0,0,0,0,0,0,0,0,0,0,0,0
1992327324868734980,1992252270009057469,human,0,0,0,0,0,0,0,0,0,0,1,0,0,0
1998876056137392459,1998679205517603083,human,0,0,0,0,0,0,0,0,0,0,0,0,0,0
1990789252951781780,1990668980126953633,human,0,0,0,0,0,0,0,0,0,0,1,0,0,0
1998860838791209179,1998787332401766429,human,0,0,0,0,0,0,0,0,0,0,0,0,0,0
1990208710182936828,1986362046469099945,human,0,0,0,0,0,0,0,0,0,0,0,0,0,0
1992937267237650488,1992796049753436501,human,0,0,0,0,1,0,0,0,0,0,0,0,0,0
1996043962180636892,1995904277999747496,human,0,0,1,0,0,0,0,0,0,0,0,0,0,0
1996416465986085143,1996189535559151812,human,0,0,0,0,0,0,0,0,0,0,0,0,0,0
1986020784738021813,1985966429276160154,human,0,0,0,0,0,0,0,0,0,0,0,0,0,0
1991616620503183804,1991195731839836459,human,0,0,0,0,0,0,0,0,0,0,0,0,0,0
1994393785657123013,1994256577218633928,human,0,0,0,0,0,0,0,0,0,0,0,0,0,0
1995919717966774320,1995845525028176307,human,0,0,0,0,0,0,0,0,0,0,0,0,0,0
2003656304510869593,2003193307346915543,human,0,0,1,0,0,0,0,0,0,0,0,0,0,0
2004271392095936530,2004225070408126580,human,0,1,1,0,0,0,0,0,0,0,0,0,0,0
1997298055960248648,1996996340874674275,human,0,0,0,0,0,0,0,0,0,0,0,0,0,0
1988443241776300336,1988069607052050646,human,0,0,0,0,0,0,0,0,0,0,0,0,0,0
1985987159732404442,1985966429276160154,human,0,0,0,0,0,0,0,0,0,0,0,0,0,0
1989751843845444075,1989621990756413517,human,0,0,0,0,0,0,0,0,0,0,1,0,0,0
1987945791332241763,1987219102205923826,human,0,0,0,0,0,0,0,0,0,0,0,0,0,0
1985489659896500334,1985281470609436692,human,0,0,0,0,0,0,1,0,0,0,0,0,0,0
1990332412971126885,1988719123606417722,human,0,0,0,0,0,0,0,0,0,0,0,0,0,0
1995815709784301901,1995614487626518753,human,0,0,0,0,0,0,0,0,0,0,0,0,0,0
2000680370132468172,2000521382262951939,human,0,0,0,0,0,0,0,0,0,0,0,0,0,0
1987126047972757684,1986951005364506817,human,1,0,0,0,0,0,0,0,0,0,0,0,0,0
1992983661143105539,1992743603299668152,human,0,0,0,0,0,0,0,0,0,0,0,0,0,0
1988734790158160076,1988719123606417722,human,0,0,0,0,0,0,0,0,0,0,0,0,0,0
1989742885340942395,1989733854366896145,human,0,0,0,0,0,0,0,0,0,0,0,0,0,0
2006046226614014346,2005783389069271524,human,0,0,0,0,0,0,0,0,0,0,0,0,0,0
1992225835131060257,1991881061341843572,human,0,0,1,0,0,0,0,0,0,0,0,0,0,0
1999893276640280796,1999771015233392877,human,0,0,0,0,0,0,0,0,0,0,1,0,0,0
1990031630728364194,1989707838579732894,human,0,0,0,0,0,0,0,0,0,0,0,1,0,0
2008903090485768260,2008703764472221822,human,0,0,0,1,0,0,0,0,0,0,0,0,0,0
1998629298895282662,1998399537107333244,human,0,0,0,0,0,0,0,0,0,0,0,0,0,0
1988349998564864409,1988312595871527306,human,0,0,0,0,0,0,0,0,0,0,0,0,0,0
1997327379048366387,1996853584642654356,human,0,0,0,0,0,0,1,0,0,0,0,0,0,0
2000153826658263076,2000145996505051624,human,0,0,0,0,0,0,0,0,0,0,1,0,0,0
1998097717252288679,1998057508674351164,human,0,0,0,0,0,0,0,0,0,0,0,0,0,1
1997524470731251870,1996672641059692922,human,0,0,0,0,0,0,0,0,0,0,0,0,0,0
2011399096041697445,2011305270279094695,human,0,0,0,0,0,0,0,0,0,0,0,0,0,0
2008878678784999859,2008584445629272250,human,0,0,0,0,0,0,0,0,0,0,0,0,0,0
1987924339178541059,1987864741491138649,human,0,0,0,0,0,0,0,0,0,0,0,0,0,0
1998768036719833587,1998718105808249233,human,0,0,0,0,0,0,0,0,0,0,0,0,0,0
1992941462489559189,1992919160054259885,human,0,0,0,0,1,0,0,0,0,0,0,0,0,0
2006547815447585271,2006462122805571717,human,0,0,0,0,0,0,0,0,0,0,1,0,0,0
2007630906870379009,2007447015349776775,human,0,0,0,0,0,0,0,0,0,0,0,0,0,0
1991582875305623912,1991273429446603153,human,0,0,0,0,0,0,0,0,0,0,0,0,0,0
1991619963938103514,1991258040679399618,human,0,0,1,0,0,0,0,0,0,0,0,0,0,0
1989415367891149275,1989125742257664383,human,0,0,0,0,0,0,0,0,0,0,0,0,0,0
2000364330311708847,2000016226291188179,human,0,0,0,0,0,0,0,0,0,0,0,0,0,0
1986535003162108091,1986492803481018803,human,0,0,0,0,0,1,0,0,0,0,0,0,0,0
1996284388905291904,1996068379078414662,human,0,0,0,0,0,0,0,0,0,0,1,0,0,1
2000557678758903848,2000524076616503771,human,0,0,0,0,0,0,0,0,0,0,0,0,0,1
2008787377435689074,2008323126937997678,human,0,0,0,0,0,0,0,0,0,0,0,0,0,0
1992600380081864751,1992417156433318310,human,0,0,0,0,0,0,0,0,0,0,1,0,0,0
1990247266632774101,1990037470231109971,human,0,0,1,0,0,0,0,0,0,0,0,0,0,0
1986203824055590955,1985657541356110044,human,0,0,0,0,0,0,0,0,0,0,0,0,0,0
1990515223313478074,1990387364720504893,human,0,0,0,0,0,0,0,0,0,0,0,0,0,0
1990192968628891975,1989707838579732894,human,0,0,0,0,0,0,0,0,0,0,0,0,0,0
1987249352805654719,1986916217798435148,human,0,0,0,0,0,0,0,0,0,0,0,0,0,0
1994850844374643135,1994708413788688719,human,0,0,0,0,0,0,0,0,0,0,1,0,0,0
1996090136812020107,1995898181779853748,human,0,0,0,0,0,0,0,0,0,0,1,0,0,0
1987268902284632281,1987119426634694706,human,0,0,0,0,0,0,0,0,0,0,1,0,0,0
1997577080481951998,1996831133414363186,human,0,0,0,0,0,0,0,0,0,0,0,0,0,0
1989424040407113829,1988927853342388700,human,0,0,0,0,0,0,0,0,0,0,0,0,0,0
1995653175882178675,1995555073200361795,human,0,0,0,0,0,0,1,0,0,0,0,0,0,0
1992972280247316905,1992919160054259885,human,0,0,0,0,0,0,0,0,0,0,1,0,0,0
2009580530145308711,2009558906155291069,human,0,0,0,0,0,0,0,0,0,0,0,0,0,0
1995444918555197630,1995410923960635800,human,0,0,0,0,0,0,0,0,0,0,0,0,0,1
1986030091512496136,1985831396791726352,human,0,0,0,0,0,0,0,0,0,0,0,0,0,0
1990794890998104259,1990662605590130751,human,0,0,1,0,0,0,0,0,0,0,0,0,0,0
1991240742816346551,1990957849372209235,human,0,0,0,0,0,0,0,0,0,0,0,0,0,0
2002402204469375032,2002181219652673899,human,0,0,0,0,0,0,0,0,0,0,0,0,0,0
1988712823518859367,1988667993975644618,human,0,0,0,0,0,0,0,0,0,0,0,0,0,0
2009524305537978379,2009414819485458673,human,0,0,0,0,0,0,0,0,0,0,0,0,0,0
1994067042769477775,1993933140210118747,human,0,0,0,0,0,0,0,0,0,0,0,0,0,0
2011062986241188265,2011001084278358382,human,0,0,0,0,0,0,0,0,0,0,0,0,0,0
1996947487433937001,1996788548696264769,human,0,0,0,0,0,0,0,0,0,0,0,1,0,0
2004192424013307964,2003918729965662337,human,0,0,0,0,0,0,0,0,0,0,0,0,0,0
2008027454145704296,2007954089645080622,human,0,0,0,0,0,0,0,0,0,0,1,0,0,0
1991390505259749538,1991258040679399618,human,0,0,0,0,0,0,0,0,0,0,0,0,0,0
2007478794123170303,2007398592152293598,human,0,0,0,0,0,0,0,0,0,0,0,0,0,0
2011269056804921586,2011106952974352671,human,0,0,0,0,0,0,0,0,0,0,0,0,0,0
1989851124405346497,1989774950513652001,human,0,0,0,0,1,0,0,0,0,0,0,0,0,0
1995305617947242908,1995132641251627505,human,1,0,0,0,0,0,0,0,0,0,0,0,0,0
1987318912728387896,1987187995779182760,human,0,0,0,0,0,0,0,0,0,0,0,0,0,0
1984740360963150055,1984457722763624470,human,0,0,0,0,0,0,0,0,0,0,0,0,0,0
1986290114864067044,1986119875992142286,human,0,0,0,0,0,0,0,0,0,0,0,0,0,0
1991573307179577680,1991282425406562532,human,0,0,0,0,0,0,0,0,0,0,0,0,0,0
1991946452768035150,1991831458277990810,human,0,0,0,0,0,0,0,0,0,0,1,0,0,0
2005806013077651544,2005797768393040117,human,0,0,0,0,0,0,0,0,0,0,1,0,0,0
1989944765769495038,1989770876943044979,human,0,0,0,0,0,0,0,0,0,0,0,0,0,0
1992428659148296630,1992380912395579503,human,0,0,0,0,0,0,0,0,0,0,0,0,0,0
1997095184551534962,1996845051415351659,human,0,0,1,0,0,0,0,0,0,0,0,0,0,0
2003144420883923276,2002718852816498734,human,0,0,0,0,0,0,0,0,0,0,0,0,0,0
1991320427046568033,1991258040679399618,human,0,0,0,0,0,0,0,0,0,0,0,0,0,0
2009939987979030992,2008701611984511280,human,0,0,0,0,0,0,0,0,0,0,1,0,0,0
1985938170387841216,1985544438760759670,human,0,0,0,0,0,0,0,0,0,0,0,0,0,0
2003957717468434666,2003933669782880659,human,0,0,0,0,0,0,0,0,0,0,0,0,0,0
1997022687768838624,1996831133414363186,human,0,0,0,0,0,0,0,0,0,0,0,0,0,0
2000200355888689640,2000168676201558487,human,0,0,0,0,0,0,0,0,0,0,1,0,0,0
2006575016486330530,2006509614272229493,human,0,0,1,0,0,0,0,0,0,0,0,0,0,0
1989329835978641830,1989319322313822491,human,0,0,0,0,0,0,0,0,0,0,1,0,0,0
1984746894283665443,1984458032290394195,human,0,0,0,0,0,0,0,0,0,0,0,0,0,0
1990802961312645435,1990715101893013724,human,0,0,0,0,0,0,0,0,0,0,1,0,0,0
2003826682180837574,2003774762229924187,human,0,0,0,0,0,0,0,0,0,0,0,0,0,0
2000655096196002214,2000509614480343428,human,0,0,0,0,0,0,0,0,0,0,0,0,0,0
1987721186583920888,1987717128934625644,human,0,0,0,0,0,0,0,0,0,0,0,0,0,0
1986185419537719347,1985966429276160154,human,0,0,0,0,0,0,0,0,0,0,1,0,0,0
1989889846840643695,1989803898509693275,human,0,0,0,0,0,0,0,0,0,0,0,0,0,0
1990316076500955466,1990198888175939691,human,0,0,0,0,0,0,0,0,0,0,0,0,0,0
1985992094469480465,1985491786383454684,human,0,0,0,0,0,0,0,0,0,0,1,0,0,0
1995346925613375661,1994819620520579553,human,0,0,1,0,0,0,0,0,0,0,0,0,0,0
1989845651426062711,1989730717933174819,human,0,0,1,0,0,0,0,0,0,0,0,0,0,0
2002989190431301864,2002960524166979864,human,0,0,0,0,0,0,0,0,0,0,0,0,0,0
1990002877591597479,1989707838579732894,human,0,0,0,0,0,0,0,0,0,0,0,0,0,0
1996062048984187114,1995854578420724103,human,0,0,0,0,0,0,0,0,0,0,1,0,0,0
2001753483578364209,2001451535859941564,human,0,0,0,0,0,0,0,0,0,0,0,0,0,0
2009392886278701094,2009365299259428906,human,0,0,0,0,0,0,0,0,0,0,1,0,0,0
2004193658141135327,2004175545068933371,human,0,0,0,0,0,0,0,1,0,0,0,0,0,0
1987691779441795138,1987369026180263999,human,0,0,0,0,0,0,0,0,0,0,0,0,0,0
1999963339389034549,1999884689675596282,human,0,0,0,0,0,0,0,0,0,0,0,0,0,0
2008647683721097554,2008153338689556956,human,0,0,0,0,0,0,0,0,0,1,0,0,0,0
2009843067021381961,2009558906155291069,human,0,0,0,0,0,0,0,0,0,0,1,0,0,0
1992372532754719205,1992107088034795917,human,0,0,0,0,0,0,0,0,0,0,0,0,0,0
2001795647482024369,2001676812586299780,human,0,0,0,0,0,0,0,0,0,0,0,0,0,0
1990656125448912943,1990558854443372598,human,0,0,0,0,0,0,0,0,0,0,0,0,0,0
2005371202034966844,2005169083273343403,human,0,0,0,0,0,0,0,0,0,0,1,0,0,0
1990376957251383389,1989770876943044979,human,0,0,0,0,0,0,0,0,0,0,0,0,0,0
2009618536390414587,2009402257956348401,human,0,0,0,0,0,0,0,0,0,0,0,0,0,0
1986751886331117940,1986691360556994938,human,0,0,0,0,0,0,0,0,0,0,0,0,0,0
1998001253838655950,1997958058585321484,human,0,0,0,0,0,1,0,0,0,0,1,0,0,0
1997292433667690783,1997217671327502716,human,0,0,0,0,0,0,0,0,0,0,0,0,0,0
1999027822120063440,1998779406932697208,human,0,0,0,0,0,0,0,0,0,0,0,0,0,0
1985982094422450553,1985907801961742466,human,0,0,0,0,0,0,0,0,0,0,0,0,0,0
1995544384083837388,1980961929494728712,human,0,0,0,0,0,0,0,0,0,0,1,0,0,0
1986165154124599318,1985852952859345235,human,0,0,0,0,0,0,0,0,0,0,0,0,0,0
1992426193044263259,1992234205116551356,human,0,0,0,0,0,0,0,0,0,0,0,0,0,1
1999966291113701779,1999251484391981511,human,0,0,1,0,0,0,0,0,0,0,0,0,0,0
1990989842419708404,1989315118358745148,human,0,0,0,0,0,0,0,0,0,0,0,0,0,0
1990519476903637310,1990374563943952814,human,0,0,0,0,0,0,0,0,0,0,1,0,0,0
1994019084200194280,1993971361119916169,human,0,0,0,0,0,0,0,0,0,0,0,0,0,0
2007731527807824184,2006296463307923525,human,0,0,0,0,0,0,0,0,0,0,0,0,0,1
1998754558072271199,1998449008147124482,human,0,0,1,0,0,0,0,0,0,0,0,0,0,0
1989838895475745134,1989755354670838043,human,1,0,0,0,0,0,0,0,0,1,0,0,0,1
2006651253565337701,2006296463307923525,human,0,0,0,0,0,0,0,0,0,0,0,0,0,0
1991824969794281898,1991575608711868786,human,0,0,0,0,0,0,0,0,0,0,0,0,0,0
2008864835748888687,2008622098390946217,human,0,0,1,0,0,0,0,0,0,0,0,0,0,0
1987980067914301469,1986168991157489993,human,0,0,0,0,0,0,0,0,0,0,0,0,0,0
2000196628699889919,2000136179292029102,human,0,0,0,0,0,0,0,0,0,0,1,0,0,0
1993142759897567583,1993141235545260482,human,0,0,0,0,0,0,0,0,0,0,0,0,0,0
1987639874992968073,1987201521449075132,human,0,0,0,0,0,0,0,0,0,0,0,0,0,0
1987199431905615874,1986893570004127836,human,0,0,0,0,0,0,0,0,0,0,0,0,0,0
1996046482139500671,1995810221109715091,human,0,0,0,0,0,0,0,0,0,0,0,0,0,0
2008443729812631980,2008224599725797507,human,0,0,0,0,0,0,0,0,0,0,0,0,0,0
1986899889805303999,1986709745961484462,human,0,0,0,0,0,0,0,0,0,0,0,0,0,0
1986053317051466038,1986038085302222852,human,0,0,0,0,0,0,0,0,0,0,0,0,0,0
1990756973071990831,1990192559369707724,human,0,0,0,0,0,0,0,0,0,0,1,0,0,0
1992988616197386728,1992884297951277246,human,0,0,0,0,0,0,0,0,0,0,0,0,0,0
1998108525000556789,1998058947581001948,human,0,0,0,0,0,0,0,0,0,0,1,0,0,0
1999229293638090807,1999208409111949607,human,0,0,0,0,0,0,0,0,0,0,1,0,0,0
1991276670217601227,1991258040679399618,human,0,0,0,0,0,0,0,0,0,0,1,0,0,0
2004479547631096139,2004311121445245318,human,0,0,0,0,0,0,0,0,0,0,0,0,0,0
2008257011050574257,2008232217525580007,human,0,0,0,0,0,0,0,0,0,0,0,0,0,0
2000566279649022342,2000520147694669932,human,0,0,0,0,0,1,0,0,0,1,0,0,0,0
2003015936857837625,2002982014413336823,human,0,0,0,0,0,0,0,0,0,0,1,0,0,0
1993026447636939113,1992348553906426268,human,0,0,0,0,0,0,0,0,0,0,0,0,0,0
1987248025249435799,1987233663281697247,human,0,0,1,0,0,0,0,0,0,0,1,0,0,0
1994180769820848558,1994122730287898659,human,0,0,0,0,0,0,0,0,0,0,0,0,0,0
2002886806455329248,2002813579251368379,human,0,0,0,0,0,0,0,0,0,1,0,0,0,0
1992528187562271008,1992209189247320548,human,0,0,0,0,0,0,0,0,0,0,0,0,0,0
1993276069764337885,1993188163104411825,human,0,0,0,0,0,0,0,0,0,0,0,0,0,0
1989343203703583032,1989097762223452609,human,0,0,0,0,0,0,0,0,0,0,0,0,0,0
1989788955093676514,1989749929334784497,human,0,0,0,0,0,0,0,0,0,0,0,0,0,0
1991636837975163061,1991571635741290606,human,0,0,0,0,0,0,0,0,0,0,0,0,0,0
1998167079367930360,1998120395652694502,human,0,0,0,0,0,0,0,0,0,0,0,0,0,0
2006168849910276173,2005899780795535587,human,0,0,0,0,0,0,0,0,0,0,0,0,0,0
1986011349164679457,1985966429276160154,human,0,0,0,0,0,0,0,0,0,0,0,0,0,0
2000205080734093793,2000136179292029102,human,0,0,0,0,0,0,0,0,0,0,0,0,0,0
1999220935853817920,1999172991360598078,human,0,0,0,0,0,0,0,0,0,0,0,0,0,0
2008838654358171759,2008775935592636644,human,0,0,0,0,0,0,0,0,0,0,0,0,0,0
1988710455066406972,1988613820529746176,human,0,0,0,0,0,0,0,0,0,0,0,0,0,1
1994018420627788253,1993971361119916169,human,0,0,0,0,0,0,0,0,0,0,1,0,0,0
2008452942869733502,2008254997281268116,human,0,0,0,0,0,0,0,0,0,0,1,0,0,0
1988161473533886890,1987945233553002778,human,0,0,0,0,0,0,0,0,0,0,1,0,0,0
1984993352484343815,1984697757467316562,human,0,0,1,0,0,0,0,0,0,0,0,0,0,0
2006510490017730853,2006465361999442028,human,0,0,0,0,0,0,0,0,0,0,0,0,0,0
1998836916792283371,1998718105808249233,human,0,0,0,0,0,0,0,0,0,0,0,0,0,0
1988731701607166020,1988452838834385214,human,0,0,0,0,0,0,0,0,0,0,0,0,0,0
1991554954335539652,1991515283975180350,human,0,0,0,0,0,0,0,0,0,0,0,0,0,0
1989004542118183166,1988974813432738183,human,0,0,0,0,0,0,0,0,0,0,0,0,0,0
2003945511590478202,2003902655593316547,human,0,0,0,0,0,0,0,0,0,0,0,0,0,0
1999213796263440819,1998912018850656622,human,0,0,0,0,0,0,0,0,0,0,0,0,0,0
1984638331557462254,1984466430553964545,human,0,0,0,0,0,0,0,0,0,0,0,0,0,0
1991634251415187812,1991582760847499492,human,0,0,0,0,0,0,0,0,0,0,1,0,0,0
1992501831151337584,1992291850045001916,human,0,0,0,0,0,0,0,0,0,0,1,0,0,0
1989008280417702181,1988738816363110716,human,0,0,0,0,0,0,0,0,0,0,1,0,0,1
1997340083683524714,1997235466807214405,human,0,0,0,0,0,0,0,0,0,0,0,0,0,0
1991628790540431484,1991576680956117123,human,0,0,0,0,0,0,0,0,0,0,0,0,0,0
1991636331542507792,1991582760847499492,human,0,0,0,0,0,0,0,0,0,0,0,0,0,0
2000649076799385782,2000487081672602092,human,0,0,0,0,0,0,0,0,0,0,1,0,0,0
1996921144343973909,1996845051415351659,human,0,0,1,0,0,0,0,0,0,0,0,0,0,0
1997422806389141945,1997146911959404616,human,0,0,0,0,0,0,0,0,0,0,0,0,0,0
1988895518303355352,1988667993975644618,human,0,0,0,0,0,0,0,0,0,0,0,0,0,0
1991666702170595595,1991512977711784363,human,0,0,0,0,0,0,0,0,0,0,0,0,0,0
1991836246675509649,1991779355505328263,human,0,0,0,0,0,0,0,0,0,0,0,0,0,0
1984650674068488614,1984457722763624470,human,0,0,0,0,0,0,0,0,0,0,0,0,0,0
2006274992749830519,2006042199834710532,human,0,0,0,0,0,0,0,0,0,0,0,0,0,1
1985833710017486882,1985716345107829064,human,0,0,0,0,0,0,0,0,0,0,0,0,0,0
2008259795422502926,2008232217525580007,human,0,0,0,0,0,0,0,0,0,0,0,0,0,0
1992347409679323162,1992266868951069151,human,0,0,0,0,0,0,0,0,0,0,0,0,0,0
1995677199152672918,1995675027325550872,human,0,0,0,0,0,0,0,0,0,0,1,0,0,0
1989007646616138078,1988796762069631123,human,0,0,0,0,0,0,0,0,0,0,0,0,0,0
2001021666110185763,2001007430877241399,human,0,0,0,0,0,0,0,0,0,0,0,0,0,0
1998408394642772135,1998383700866687475,human,0,0,0,0,0,0,0,0,0,0,0,0,0,0
1987807242435936514,1987599272531947661,human,0,0,1,0,0,0,0,0,0,0,0,0,0,0
2000645083528618119,2000520147694669932,human,0,0,0,0,0,0,0,0,0,0,0,0,0,1
2005937695806079169,2005899780795535587,human,1,0,0,0,0,0,0,0,0,0,0,0,0,0
2009993283888439442,2009917318458126524,human,0,0,0,0,0,0,0,0,0,0,0,0,0,0
1994797931828789452,1994748150825771266,human,0,0,0,0,0,0,0,0,0,0,0,0,0,0
1998775665135325518,1998537864032797145,human,0,0,0,0,0,0,0,0,0,0,0,0,0,0
1992324752812200002,1992266868951069151,human,0,0,0,0,0,0,0,0,0,0,0,0,0,0
1995685675681685671,1995479684293779516,human,0,0,0,0,0,0,0,0,0,0,0,0,0,0
2001753578528968710,2001649522238501365,human,1,0,0,0,0,0,0,0,0,0,0,0,0,0
1984524383906377840,1984466430553964545,human,0,0,0,0,0,0,0,0,0,0,0,0,0,0
1991593186481893880,1991282425406562532,human,0,0,0,0,0,0,0,0,0,0,0,0,0,0
1996130253413233106,1996068379078414662,human,0,0,0,0,0,0,0,0,0,0,1,0,0,0
1999651325919834429,1999534399843336429,human,0,0,0,0,0,0,0,0,0,0,0,0,0,1
2001256943365595424,2001198935201759735,human,0,0,0,0,0,0,0,0,0,0,1,0,0,0
1997722201340903747,1997632974628479243,human,0,0,0,0,0,0,0,0,0,0,0,0,0,0
1997593457809125736,1997397107553026101,human,0,0,0,0,0,0,0,0,0,0,1,0,0,0
1996654926458687976,1996612078015000894,human,0,0,0,0,0,0,0,0,0,0,1,0,0,0
2001028300794184072,2001007430877241399,human,0,0,0,0,0,0,0,0,0,0,0,0,0,0
2002952665584595041,2002718852816498734,human,0,0,0,0,0,0,0,0,0,0,0,0,0,0
1984829574627148152,1984758406779969831,human,0,0,0,0,0,0,0,0,0,0,0,0,0,0
1985425486819049561,1985277430500643031,human,0,0,0,0,0,0,0,0,0,0,0,0,0,0
1991599510775087513,1991576680956117123,human,0,0,0,0,0,0,0,0,0,0,1,0,0,0
1990436435430609139,1990225780455145960,human,0,0,0,0,0,0,0,0,0,0,1,0,0,0
1997359616758317408,1997222602964623653,human,0,0,0,0,0,0,0,0,0,0,0,0,0,0
1986168988897059323,1985852952859345235,human,0,0,0,0,0,0,0,0,0,0,0,0,0,0
1991215835273207986,1990423146327859432,human,0,0,0,0,0,0,0,0,0,0,0,0,0,0
1990484271602282575,1990430954666504377,human,0,0,0,0,0,0,0,0,0,0,0,0,0,0
2005749722519162940,2005570737109925964,human,0,0,0,0,0,0,0,0,0,0,0,0,0,0
1998418451359293753,1998366776313422224,human,0,0,0,0,0,0,0,0,0,0,1,0,0,0
1985018159494267351,1984758406779969831,human,0,0,0,0,0,0,0,0,0,0,0,0,0,0
1998090926921486498,1998003712464441626,human,0,0,1,0,0,0,0,0,0,0,0,0,0,0
1991692309772013598,1991478705970114588,human,0,0,0,0,0,0,0,0,0,0,0,0,0,0
2000548539437580582,2000520335834353760,human,0,0,0,0,0,0,0,0,0,0,0,0,0,1
1994734244929892752,1994649877872349475,human,0,0,0,0,0,0,0,0,1,0,0,0,0,0
1989771459217043904,1989505091230208481,human,0,0,0,0,0,0,0,0,0,0,0,1,0,0
2003806259074703433,2003519739717722383,human,0,0,0,0,1,0,0,0,0,0,0,0,0,0
1998616285920506249,1998443347095203887,human,0,0,0,0,0,0,0,0,0,0,0,0,0,0
2001311839636873351,2001183219199377764,human,0,0,0,1,0,0,0,0,0,0,0,0,0,0
2001302968910438800,2001062164237574246,human,0,0,1,0,0,0,0,0,0,0,0,0,0,0
2006837057138647106,2006798545144463485,human,0,0,0,0,0,0,0,0,0,0,1,0,0,0
2007599035360940529,2007544849902490034,human,0,0,0,0,0,0,0,0,0,0,0,0,0,0
1985762409907470760,1985760796518039853,human,0,0,0,0,0,0,0,0,0,0,1,0,0,0
2008257395999600864,2008232217525580007,human,0,0,0,0,0,0,0,0,0,0,0,0,0,0
1991833992421576748,1991831700767396310,human,0,0,0,0,0,0,0,0,0,0,1,0,0,0
1987147811432087569,1986528002914545971,human,0,0,0,0,0,0,0,0,0,0,0,0,0,0
1991660029364301884,1991567063307915342,human,0,0,0,0,0,0,0,0,0,0,0,0,0,0
2003607476877267114,2003519739717722383,human,0,0,0,0,0,0,0,0,0,0,1,0,0,0
1997173196370415792,1997043553923420668,human,0,0,0,0,0,0,0,0,0,0,0,0,0,0
1987650838605824357,1987219102205923826,human,0,0,0,0,0,0,0,0,0,0,0,0,0,0
1993248470338027908,1993141235545260482,human,0,0,0,0,0,0,0,0,0,0,0,0,0,0
1995516087379890198,1995377311236133070,human,0,0,0,0,0,0,0,0,0,0,0,0,0,1
1990478828544651766,1989834247872680239,human,0,0,0,0,0,0,0,0,0,0,1,0,0,0
1992352759174365600,1992160721241792930,human,0,0,0,0,0,0,0,0,0,0,0,0,0,0
1987247065051570419,1987015962164396128,human,0,0,0,0,0,0,0,0,0,0,0,0,0,0
2000180338329604320,2000175099077599562,human,0,0,0,0,0,0,0,0,0,0,0,0,0,0
1987327844004077678,1987079428976087494,human,0,0,0,0,0,0,0,0,0,0,1,0,0,0
1992962173937635832,1991959126134632958,human,0,0,1,0,0,0,0,0,0,0,0,0,0,0
1985915347103596642,1985544438760759670,human,0,0,0,0,0,0,0,0,0,0,0,0,0,0
1992322230236368933,1992209189247320548,human,0,0,1,0,0,0,0,0,0,0,0,0,0,0
1989332825183555988,1989205611909951678,human,0,0,0,0,0,0,0,0,0,0,0,0,0,0
1991628570846982531,1991258040679399618,human,0,0,0,0,0,0,0,0,0,0,0,0,0,0
2006125398179078509,2006044334873858556,human,0,0,0,0,0,0,0,0,0,0,0,0,0,0
2009452435882827992,2009342949101064598,human,0,0,0,0,0,0,0,0,0,0,1,0,0,0
2003046199599727064,2002907981139353713,human,0,0,0,0,0,0,0,0,0,0,0,0,0,0
2002557059863130456,2002429781049241712,human,0,0,0,0,0,0,0,0,0,0,1,0,0,0
1992516855571906713,1992225341616853357,human,0,0,1,0,0,0,0,0,0,0,0,0,0,0
1990536419069067551,1990387364720504893,human,0,0,0,0,0,0,0,0,0,0,0,0,0,0
1992684205008978397,1992553582302834777,human,0,0,0,0,0,0,0,0,0,0,0,0,0,0
1985135898942488943,1985046460958978196,human,0,0,0,0,0,0,0,0,0,0,0,0,0,0
1988331097122320428,1988253213414330708,human,0,0,1,0,0,0,0,0,0,0,0,0,0,0
1990843699706601589,1990799837336367288,human,0,0,0,0,0,0,0,0,0,0,1,0,0,0
1999500869608321393,1999469875144823222,human,0,0,0,0,0,0,0,0,0,0,0,0,0,0
1989753764207878209,1989527625845391560,human,0,0,0,0,0,0,0,0,0,0,1,0,0,0
1995722710886830239,1995589542045516075,human,0,0,0,0,0,0,0,0,0,0,1,0,0,0
1984475851128250863,1984370718361207056,human,0,0,0,0,0,0,0,0,0,0,1,0,0,0
2005359512367112568,2005101184177078563,human,0,0,0,0,0,0,0,0,0,0,0,0,0,0
2006340166554894446,2005899780795535587,human,0,0,0,0,0,0,0,0,0,0,0,0,0,0
1990518676424921095,1990286835088834588,human,0,0,0,0,0,0,0,0,0,0,0,0,0,0
1998807257140629833,1998537864032797145,human,0,0,0,0,0,0,0,0,0,0,0,0,0,0
1996988989035720766,1996460807480390067,human,0,0,0,0,0,0,0,0,0,0,0,0,0,0
1995186087254532262,1994975721832476742,human,0,0,0,0,0,0,0,0,0,0,1,0,0,0
1986583829734138226,1986355135887667677,human,0,0,0,0,0,0,0,0,0,0,0,0,0,0
2006220778493137021,2005899780795535587,human,0,0,1,0,0,1,0,0,0,0,0,0,0,0
1998841279631773889,1998504578262945999,human,0,0,0,0,0,0,0,0,0,0,0,0,0,0
1988984451641008539,1988978659445895446,human,0,0,0,0,0,0,0,0,0,0,0,0,0,0
1997944219424407761,1997696702917300356,human,0,0,0,0,0,0,0,0,0,0,0,0,0,0
2003011724207939805,2002697982811181131,human,0,0,0,0,0,0,0,0,0,0,0,0,0,0
1999649079773843615,1999342443125174603,human,0,0,0,0,0,1,0,0,0,0,0,0,0,0
1994808291713515624,1994748150825771266,human,0,0,0,0,0,0,0,0,0,0,0,0,0,0
1999226805514080386,1999208409111949607,human,0,0,0,0,0,0,0,0,0,0,1,0,0,0
1998815155304493286,1998718105808249233,human,0,0,0,0,0,0,0,0,0,0,0,0,0,0
2010580995519500474,2009558906155291069,human,0,0,0,0,0,0,0,0,0,0,1,0,0,0
1992861512470306824,1992666413081989525,human,0,0,0,0,0,0,0,0,0,0,0,0,0,0
1989398316983968046,1988720836401066457,human,0,0,0,0,0,0,0,0,0,0,0,0,0,0
1992143276875403535,1991845033168019625,human,0,0,0,0,0,0,0,0,0,0,0,0,0,0
2008070109059809334,2007902394924073390,human,0,0,0,0,0,0,0,0,0,0,0,0,0,0
1995920178513895516,1995892820163658065,human,0,0,0,0,0,0,0,0,0,0,0,0,0,0
2005423371224588494,2005325273118695708,human,0,0,0,0,0,0,0,0,0,0,0,0,0,0
1990247109262536737,1990053500693463184,human,0,0,0,0,0,0,0,0,0,0,0,0,0,0
1998430695547613459,1997146911959404616,human,0,0,0,0,0,0,0,0,0,0,0,1,0,0
2008743503732277742,2008678355797684567,human,0,0,0,0,0,0,0,0,0,0,0,0,0,0
1998339990774816896,1998117617505374493,human,0,0,0,0,0,0,0,0,0,0,0,0,0,0
1999571733062517199,1999224229938839940,human,0,0,0,0,0,0,0,0,0,0,0,0,0,0
1991661551321796704,1991599014270365829,human,0,0,0,0,0,0,0,0,0,0,0,0,0,0
2002656678357958966,2001838978996302163,human,0,0,0,0,0,0,0,0,0,0,0,0,0,0
2001029128498372845,2000995376581505451,human,0,1,0,0,0,0,0,0,0,0,0,0,0,0
1999626865586372775,1998779406932697208,human,0,0,0,0,0,0,0,0,0,0,0,0,0,0
1990974295967744223,1990549271905730863,human,0,0,0,0,0,0,0,0,0,0,0,0,0,0
1992641456318603725,1992286750664700342,human,0,0,1,0,0,0,0,0,0,0,0,0,0,0
1993107967118655703,1992884297951277246,human,0,0,0,0,0,0,0,0,0,0,0,0,0,0
2017442756226895941,2017018700889522270,human,0,0,0,0,0,0,0,0,0,0,0,0,0,0
1986027932192768036,1985967414979215402,human,0,0,0,0,0,0,0,0,0,0,0,0,0,0
1991725551858401764,1989293068722266566,human,0,0,0,0,0,0,0,0,0,0,0,0,0,0
1993043244872012171,1992884297951277246,human,0,0,0,0,0,0,0,0,0,0,0,0,0,0
1991544276463866117,1991258040679399618,human,0,0,0,0,0,0,0,0,0,0,0,0,0,0
1996610139344805987,1996020707080503805,human,0,0,1,0,0,0,0,0,0,0,0,0,0,0
2012562764309368998,2011755984784376257,human,0,0,0,0,0,0,0,0,0,0,0,0,0,0
2008720802221617548,2008601788354585064,human,0,0,0,0,0,0,0,0,0,0,0,0,0,0
1989205087412002956,1989009112097566866,human,0,0,0,0,0,0,0,0,0,0,0,0,0,0
1990207644041171297,1989457104005206036,human,0,0,0,0,0,0,0,0,0,0,0,0,0,0
1996994508890820835,1996957936766050494,human,0,0,0,0,1,0,0,0,0,0,0,0,0,0
2005527226356490325,2004964952877277301,human,0,0,0,0,0,0,0,0,0,0,0,0,0,0
2007450151670231321,2007398592152293598,human,0,0,0,0,0,0,0,0,0,0,0,0,0,0
1987955064317628733,1987660792326746499,human,0,0,0,0,0,0,0,0,0,0,1,0,0,0
1998705130250629498,1997743185678725157,human,0,0,0,0,0,0,0,0,0,0,0,0,0,0
1995078476810904004,1994975721832476742,human,0,0,0,0,0,0,0,0,0,0,1,0,0,0
1987212587722019282,1986998192739946660,human,0,0,0,0,0,0,0,0,0,0,0,0,0,0
2004186968809201823,2003728387676995950,human,0,0,0,0,0,0,0,0,0,0,0,0,0,0
1988729337416229244,1988676948693020814,human,0,0,0,0,0,0,0,0,0,0,0,0,0,0
1990478376772252104,1990312633916928380,human,0,0,0,0,0,0,0,0,0,0,0,0,0,1
1984609014450188796,1984391277656621199,human,0,0,0,0,0,0,0,0,0,0,1,0,0,0
1985946629942481136,1985879925144924396,human,0,0,1,0,0,0,0,0,0,0,0,0,0,0
1986707135741542678,1986684861705322569,human,0,0,0,0,0,0,0,0,0,0,0,0,0,0
2000276684621111643,2000155774576910401,human,0,0,0,0,0,0,0,0,0,0,0,0,0,0
2008363487689322620,2008232217525580007,human,0,0,0,0,0,0,0,0,0,0,0,0,0,0
1986489648164565084,1986443206322774411,human,0,0,0,0,0,0,0,0,0,0,0,0,0,0
2006503523773563021,2006446080783954112,human,0,0,0,0,0,0,0,0,0,0,0,0,0,0
2001406358772740423,2001394259748888728,human,0,0,0,0,0,0,0,0,0,0,1,0,0,0
1987873559923007701,1987369026180263999,human,0,0,0,0,0,0,0,0,0,0,0,0,0,0
1988071834521325855,1987928829357347143,human,0,0,0,0,0,0,0,0,0,0,1,0,0,0
1992061486353551365,1992004078898172232,human,0,0,0,0,0,0,0,0,0,0,0,1,0,0
1993966778985132247,1992884297951277246,human,0,0,0,0,0,0,0,0,0,0,0,0,0,0
2001264079667966038,2001198935201759735,human,0,0,0,0,0,0,0,0,0,0,1,0,0,0
1995512978133712925,1995335630029463840,human,0,0,1,0,0,0,0,0,0,0,0,0,0,0
1997605450628452645,1997399573820568026,human,0,0,0,0,0,0,0,0,0,0,0,0,0,0
1997025173648691231,1996831133414363186,human,0,0,0,0,0,0,0,0,0,0,0,0,0,0
1992046786077159635,1991911800296919081,human,0,0,0,0,0,0,0,0,0,0,0,0,0,0
1996275923616739706,1996187727721865517,human,0,0,0,0,0,0,0,0,0,0,0,0,0,0
2000634470660292998,2000583478971351203,human,0,0,1,0,0,0,0,0,0,0,0,0,0,0
1991167151076462966,1990898983917543859,human,0,0,0,0,0,0,0,0,0,0,1,0,0,0
1988993588416368906,1988264209902104794,human,0,1,0,0,0,0,0,0,0,0,0,0,0,0
1990444398102925340,1990225780455145960,human,0,0,0,0,0,0,0,0,0,0,1,0,0,0
1999471378701930606,1999279510689317242,human,0,0,1,0,0,0,0,0,0,0,0,0,0,0
2000257562164212109,2000211988601860512,human,0,0,0,0,0,0,0,0,0,0,0,0,0,0
2001098608876179793,2001026551585165747,human,0,0,0,0,0,0,0,0,0,0,1,0,0,0
2005681704447389992,2005641834643480993,human,0,0,0,0,0,0,0,0,0,0,1,0,0,0
2005966121787154674,2005899780795535587,human,0,0,0,0,0,0,0,0,0,0,0,0,0,0
1989376073662877958,1989125742257664383,human,0,0,0,0,0,0,0,0,0,0,0,0,0,0
1985035366068273503,1983378731474301242,human,0,0,0,0,0,0,0,0,0,0,0,0,0,0
1994056821187793302,1993974466938892581,human,0,0,0,0,0,0,0,0,0,0,0,0,0,0
1995375612341498059,1995305702513098994,human,0,0,1,0,0,0,0,0,0,0,0,0,0,0
2001046212536115278,2001025645267005547,human,0,0,0,0,0,0,0,0,0,0,0,0,0,0
1991197149963727209,1991086285855805453,human,0,0,0,0,0,0,0,0,0,0,0,0,0,0
1985790158168342747,1985447742739792289,human,0,0,0,0,0,0,0,0,0,0,0,0,0,0
1990619811139768383,1990280119282471091,human,0,0,0,0,0,0,0,0,0,0,0,0,0,0
2005068846676279373,2004767164751086075,human,0,0,0,0,0,0,0,0,0,0,0,0,0,0
2005975383590486232,2005899780795535587,human,0,0,0,0,0,0,0,0,0,0,0,0,0,0
1984674683799863741,1984370718361207056,human,0,0,0,0,0,0,0,0,0,0,0,0,0,0
1998426635712786681,1997743185678725157,human,0,0,0,0,0,0,0,0,0,0,0,0,0,0
2007741401539240167,2006620151677165608,human,0,0,0,0,0,0,0,0,0,0,0,0,0,0
2012101510688346448,2011804909834789028,human,0,0,0,0,0,0,0,0,0,0,0,0,0,0
2008769607147135255,2008705124500398420,human,0,0,0,0,0,0,0,0,0,0,0,0,0,0
1990618874115747867,1990383678682456084,human,0,0,0,0,0,0,0,0,0,0,0,1,0,0
1995959995897106870,1995904277999747496,human,0,0,0,0,0,0,0,0,0,0,0,0,0,0
2007849548505559448,2007719361327636731,human,0,0,0,0,0,0,0,0,0,0,0,0,0,1
1998800071698117058,1998099287889351050,human,0,0,0,0,0,0,0,0,0,0,0,0,0,0
1989000978905899144,1988974813432738183,human,0,0,0,0,0,0,0,0,0,0,0,0,0,0
1991841923837898822,1991779355505328263,human,0,0,0,0,0,0,1,0,0,0,0,0,0,0
1992056065802858751,1991891827583324298,human,0,0,1,0,0,0,0,0,0,0,0,0,0,0
1992707072685978015,1992579312067961022,human,0,0,1,0,0,0,0,0,0,0,0,0,0,0
1991702499548361183,1991599014270365829,human,0,0,1,0,0,0,0,0,0,0,0,0,0,0
1991100114790732144,1990957849372209235,human,0,0,0,0,0,0,0,0,0,0,0,0,0,0
1991235134444744825,1991141320744677590,human,0,0,0,0,0,0,0,0,0,0,0,0,0,0
2002182066377797695,2002036816501776631,human,0,0,1,0,0,0,0,0,0,0,0,0,0,0
1987870758941475175,1987644379696435579,human,0,0,1,0,0,0,0,0,0,0,0,0,0,0
2008802767402353011,2008710651817116154,human,0,0,0,0,0,0,0,0,0,0,0,0,0,0
2002708030790492215,2002644317287166369,human,0,0,0,0,0,0,0,0,0,0,0,0,0,0
2006194293434654849,2005911743261012284,human,0,0,0,0,0,0,0,0,0,0,1,0,0,0
1997116822051570171,1997043553923420668,human,0,0,0,0,0,0,0,0,0,0,0,0,0,0
1993281527526969646,1993265476185506111,human,0,0,0,0,0,0,0,0,0,0,0,0,0,0
1999190598855676028,1998984900272398418,human,0,0,0,0,0,0,0,0,0,0,0,0,0,0
2005503299307597988,2005426723244917111,human,0,0,0,0,0,0,0,0,0,0,1,0,0,0
1988295829170647347,1987932761030631837,human,0,0,0,0,0,0,0,0,0,0,0,0,0,0
2003514900790837472,2003151248049222087,human,0,0,1,0,0,0,0,0,0,0,0,0,0,0
2001952613365850121,2001648319274324085,human,0,0,0,0,0,0,0,0,0,0,0,0,0,0
2005719352931410201,2005351603499389403,human,0,0,0,0,0,0,0,0,0,0,1,0,0,0
1997476843985805616,1997146911959404616,human,0,0,0,0,0,0,0,0,0,0,0,0,0,0
1997859472958460309,1997778732313153566,human,0,0,0,0,1,0,0,0,0,0,0,0,0,0
1998097900782412157,1998057508674351164,human,0,0,0,0,0,0,0,0,0,0,0,0,0,1
1988511930798215394,1988332213717319864,human,0,0,0,0,0,0,0,0,0,0,0,1,0,0
2005043989939192028,2004948546458714399,human,0,0,0,0,0,0,0,0,0,0,0,0,0,0
2001935356799697043,2001838978996302163,human,0,0,0,0,0,0,0,0,0,0,0,0,0,0
2002839093441667269,2002783056458141859,human,0,0,1,0,0,0,0,0,0,0,0,0,0,0
2005951650989576288,2005899780795535587,human,0,0,0,0,0,0,0,0,0,0,0,0,0,0
1988678896553021745,1988617007093158120,human,0,0,0,0,0,0,0,0,0,0,0,0,0,0
1988987592600068098,1988752770497761532,human,0,0,0,0,0,0,0,0,0,0,1,0,0,0
1990876579346723254,1990857364686451171,human,0,0,0,0,0,0,0,0,0,0,0,0,0,0
2008157486637846581,2007902394924073390,human,0,0,0,0,0,0,0,0,0,0,0,0,0,0
1987136167066620281,1986951005364506817,human,0,0,0,0,0,0,0,0,1,0,0,0,0,0
1988683496660038074,1988639107761717663,human,0,0,0,0,0,0,0,0,0,0,0,0,0,0
1986464361280311712,1986453225810301057,human,0,0,0,0,0,0,0,0,0,0,1,0,0,0
1996060176139342123,1995898181779853748,human,0,0,0,0,0,0,0,0,0,0,0,0,0,0
1986423898552795614,1986249676455137429,human,0,0,1,0,0,0,0,0,0,0,0,0,0,0
1989674640067666322,1989315118358745148,human,0,0,0,0,0,0,0,0,0,0,0,0,0,0
1991056826972983314,1990038229127491719,human,0,0,0,0,0,0,0,0,0,0,0,0,0,0
1994180914524639471,1994122730287898659,human,0,0,1,0,0,0,0,0,0,0,0,0,0,0
1986467806976876846,1986453225810301057,human,0,0,0,0,0,0,0,0,0,0,0,0,0,0
1995883439858614490,1995734284636745782,human,0,0,0,0,0,0,0,0,0,0,0,0,0,0
2007456091467378957,2007401865747861548,human,0,0,0,0,0,0,0,0,1,0,0,0,0,0
1991184636551074231,1990494395813277897,human,0,0,0,0,0,0,0,0,0,0,0,0,0,0
1985741444812853258,1985530254425825752,human,0,0,0,0,0,0,1,0,0,0,0,0,0,0
1989806497241468976,1989774950513652001,human,0,0,0,0,1,0,0,0,0,0,0,0,0,0
1992013242785292341,1991831700767396310,human,0,0,0,0,0,0,0,0,0,0,0,0,0,0
1998387294730858751,1998347694922768506,human,0,0,0,0,0,1,0,0,0,0,0,0,0,0
1989800135627567513,1989527625845391560,human,0,0,0,0,0,0,0,0,1,0,0,0,0,0
1991748036825878738,1991599014270365829,human,0,0,0,0,0,0,0,0,0,0,0,0,0,0
1995891223068840432,1995614487626518753,human,0,0,0,0,0,0,0,0,0,0,0,0,0,0
2002097048535896421,2001857541517775082,human,0,0,0,0,0,0,0,0,0,0,0,0,0,0
2009643396353163639,2009558906155291069,human,0,0,0,0,0,0,0,0,0,0,1,0,0,0
1995660483169583558,1995459325863584052,human,0,0,0,0,0,0,0,0,0,0,0,0,0,0
2008006722028183913,2007954089645080622,human,0,0,0,0,0,0,0,0,0,0,0,0,0,0
1991073094849421640,1990898983917543859,human,0,0,0,0,0,0,0,0,0,0,1,0,0,0
1991876101480591607,1991605623964987552,human,0,0,0,0,0,0,0,0,0,0,0,0,0,0
1991473633248629013,1988860187151589847,human,0,0,0,0,0,0,0,0,0,0,0,0,0,0
2000570117009334411,2000539932218061305,human,0,0,0,0,0,0,0,0,0,0,0,0,0,0
1986593342638190599,1986507411314659346,human,0,0,0,0,0,0,0,0,0,0,0,0,0,0
1997011664290660811,1996917036212244569,human,0,0,0,0,0,0,0,0,0,0,0,0,0,0
2005080997868478832,2004781789144121637,human,0,0,0,0,0,0,0,0,0,0,0,0,0,0
2003837159967768792,2003755566787903980,human,0,0,0,0,0,0,0,0,0,0,0,0,0,0
2001028868870910323,2000924951566803299,human,0,0,0,0,0,0,0,0,0,0,0,0,0,0
1993078364090122334,1992885850938745326,human,0,0,1,0,0,0,0,0,0,0,0,0,0,0
1990071680446685185,1989852157441409533,human,0,0,0,0,0,0,0,0,0,0,1,0,0,0
1987884893586776074,1987864741491138649,human,0,0,0,0,0,1,0,0,0,0,0,0,0,0
2001639154841514283,2001501901385265631,human,0,0,0,0,0,0,0,0,0,0,0,0,0,0
1984540696641208634,1984464886236131628,human,0,0,0,0,0,0,0,0,0,0,0,0,0,0
1984645638416486506,1984457958776787274,human,0,0,0,0,0,0,0,0,0,0,0,0,0,0
1984658076322893923,1984466430553964545,human,0,0,0,0,0,0,0,0,0,0,0,0,0,0
1985409172821733781,1985277430500643031,human,0,0,0,0,0,0,0,0,0,0,0,0,0,0
1990016800738644393,1989774950513652001,human,0,0,0,0,0,0,0,0,0,0,0,0,0,0
1999525999298347399,1997636721513468244,human,0,0,0,0,0,0,0,0,0,0,0,0,0,0
1997350138549776825,1997043553923420668,human,0,0,0,0,0,0,0,0,1,0,0,0,0,0
2005606418481651736,2005528666948997336,human,0,0,0,0,0,1,0,0,0,0,0,0,0,0
1992464167782281473,1992209189247320548,human,0,0,0,0,0,0,0,0,0,0,0,0,0,0
2008727678594003169,2008676797320176082,human,0,1,0,0,0,0,0,0,0,0,0,0,0,0
2005990846055829750,2005911743261012284,human,0,0,1,0,0,0,0,0,0,0,0,0,0,1
1999891879983227158,1999501545121906985,human,0,0,0,0,0,0,0,0,0,0,0,0,0,0
2004993575218807259,2004937973167485132,human,0,0,0,0,0,0,0,0,0,0,0,0,0,0
1990135905252741132,1990069171044974806,human,0,0,0,0,0,0,0,0,0,0,0,0,0,0
2008895203826913464,2008678355797684567,human,0,0,0,0,0,0,0,0,0,0,0,0,0,0
2007435637927071982,2007398592152293598,human,0,0,0,0,0,0,0,0,0,0,0,0,0,0
1998752891591602626,1998679205517603083,human,0,0,0,0,0,0,0,0,0,0,1,0,0,0
1996729735980679589,1996660339489100050,human,0,0,0,0,0,0,0,0,0,0,0,1,0,0
1991718943736668481,1991478705970114588,human,0,0,0,0,0,0,0,0,0,0,0,0,0,0
1999897674699464803,1999558733488357817,human,0,0,0,0,0,0,0,0,1,0,0,0,0,0
1986549382368702507,1986168991157489993,human,0,0,0,0,1,0,0,0,0,0,0,0,0,0
2008448542659191087,2008116328935334244,human,0,0,0,0,1,0,0,0,0,0,0,0,0,0
1985356966131028385,1985036807226937516,human,0,0,0,0,0,0,0,0,0,0,0,0,0,0
2000585952373211369,2000016226291188179,human,0,0,0,0,0,0,0,0,0,0,0,0,0,0
1989974020960268585,1989009112097566866,human,0,0,0,0,0,0,0,0,0,0,0,0,0,0
1996874756289626421,1996765032504242352,human,0,0,1,0,0,0,0,0,0,0,0,0,0,0
1998183384623796250,1998120395652694502,human,0,0,0,0,0,0,0,0,0,0,0,0,0,0
2007899571687473381,2007671486337691919,human,0,0,0,0,0,0,0,0,0,0,1,0,0,0
1997949984348750305,1997846574387560618,human,0,0,0,0,0,0,0,0,0,0,0,0,0,0
1998893632112214297,1998809357497332176,human,1,0,0,0,0,0,0,0,0,1,0,0,0,0
1998666037613748602,1998587540794732627,human,0,0,0,0,0,0,0,0,0,0,0,0,0,0
2006355653020028995,2005899780795535587,human,0,0,0,0,0,0,0,0,0,0,1,0,0,0
1984875623358349319,1984773615192023523,human,0,0,0,0,0,0,0,0,0,0,0,0,0,0
1998450328451322303,1998143900461285854,human,0,0,1,0,0,0,0,0,0,0,0,0,0,0
2000541288371040685,2000521804712919426,human,0,0,0,0,0,0,0,0,0,0,0,0,0,0
2000107293711438098,1999639750907691081,human,0,0,0,0,0,0,0,0,0,0,0,0,0,0
1996297785717711025,1995136037593776449,human,0,0,0,0,0,0,0,0,0,0,0,0,0,0
1994040982195868152,1994013425437909073,human,0,0,0,0,0,0,0,0,0,0,1,0,0,0
1992388580199522765,1991959126134632958,human,0,0,0,0,0,0,0,0,0,0,0,1,0,0
1990931526008135713,1990809389872075155,human,0,0,0,0,0,0,0,0,0,0,0,0,0,0
1989346989155225925,1989288954089394380,human,0,0,0,0,0,0,0,0,0,0,1,0,0,0
1986271772052803922,1986119875992142286,human,0,0,0,0,0,0,0,0,0,0,0,0,0,0
1985833880012923032,1985620224364986498,human,0,0,0,1,0,0,0,0,0,0,0,0,0,0
1992695529659089304,1992286750664700342,human,0,0,1,0,0,0,0,0,0,0,0,0,0,0
2005763591908000205,2005707892389998887,human,0,0,1,0,0,0,0,0,0,0,0,0,0,0
1997257544633294979,1997222602964623653,human,0,0,0,0,0,0,1,0,0,0,0,0,0,0
2011848560321417453,2011755984784376257,human,0,0,0,0,0,0,0,0,0,0,0,0,0,0
1985809601938231469,1985715220103213258,human,0,0,0,0,0,0,0,0,0,0,0,0,0,0
2000561179572248711,2000539932218061305,human,0,0,0,0,0,0,0,0,0,0,0,0,0,0
1984548878792687745,1984425136809033894,human,0,0,0,0,1,0,0,0,0,0,0,0,0,1
1993362012185747931,1993177247822516587,human,0,0,0,0,0,0,0,0,0,0,0,0,0,0
2008063285976092689,2007806428594241832,human,0,0,0,0,0,0,0,0,0,0,0,0,0,0
2007952103810224480,2007916564767752701,human,0,0,0,0,1,0,0,0,0,0,0,0,0,0
1987234889062596680,1986801598946058577,human,0,0,0,0,0,0,0,0,0,0,0,0,0,0
1995080796722663470,1994948582978499059,human,0,0,0,0,0,0,0,0,0,0,0,0,0,0
2004683911465513459,2004321368456810808,human,0,0,0,0,0,0,0,0,0,0,0,0,0,0
1992412018167419315,1991849832957227105,human,0,0,0,0,0,0,0,0,0,0,0,0,0,0
2007578775345942928,2007541912753058028,human,0,0,0,0,0,0,0,0,0,1,0,0,0,0
1991560713060622577,1991515283975180350,human,0,0,0,0,0,0,0,0,0,0,0,0,0,0
1986533038478770379,1985743927006126277,human,0,0,0,0,0,0,0,0,0,0,0,0,0,0
1991223231936684280,1990846111074906183,human,0,0,0,0,0,0,0,0,0,0,0,0,0,0
1990893250446606459,1990859308473462806,human,0,0,0,0,0,0,0,0,0,0,1,0,0,0
1987991105162670220,1987928829357347143,human,0,0,0,0,0,0,0,0,0,0,1,0,0,0
1989039171453771844,1988792758497341829,human,0,0,0,0,0,0,0,0,0,0,0,0,0,0
1986922126495134153,1986827848330743964,human,0,0,0,0,0,0,0,0,0,0,0,0,0,0
1988672487308005594,1988667993975644618,human,0,0,0,0,0,0,0,0,0,0,0,0,0,0
2000657968485056516,2000628552035635248,human,0,0,0,0,0,0,0,0,0,0,1,0,0,0
2006210618685284581,2006032941638369424,human,0,0,1,0,0,0,0,0,0,0,0,0,0,0
1991431695984148841,1991258040679399618,human,0,0,0,0,0,0,0,0,0,0,0,0,0,0
2008473625415086310,2008201858020692260,human,0,0,0,0,0,0,0,0,0,0,0,0,0,0
2004607277802946583,2004457064530153517,human,0,0,0,0,1,0,0,0,0,0,0,0,0,0
2003234325891051988,2003215953363145152,human,0,0,0,0,0,0,0,0,0,0,0,0,0,1
2007771293194887652,2007601544758526349,human,0,0,0,0,0,0,0,0,0,0,0,0,0,0
1990559638773715291,1990225780455145960,human,0,0,0,0,0,0,0,0,0,0,0,0,0,0
1993975229417242833,1993744525433647301,human,0,0,0,0,0,0,0,0,0,0,0,0,0,0
1989932643262046403,1989803898509693275,human,0,0,0,0,0,0,0,0,0,0,0,0,0,0
1991751600218493120,1990494395813277897,human,0,0,0,0,0,0,0,0,1,0,0,0,0,0
1992454680744788308,1992417156433318310,human,0,0,0,0,0,0,0,0,0,0,1,0,0,0
1994774095523721413,1994500791823225318,human,0,0,0,0,0,0,0,0,0,0,0,0,0,1
1992238776744362488,1992114908037841209,human,0,0,0,0,0,0,0,0,0,0,1,0,0,0
1989675677579182406,1989457104005206036,human,0,0,0,0,0,0,0,0,0,0,1,0,0,0
1992878713235505487,1992590502013940140,human,0,0,0,0,0,0,0,0,0,0,0,0,0,0
1994380445874553231,1994256577218633928,human,0,0,1,0,0,0,0,0,0,0,0,0,0,0
2003019263733289095,2002980769535508828,human,0,0,0,0,0,0,0,0,0,0,0,0,0,0
1991161036721045949,1990846111074906183,human,0,0,0,0,0,0,0,0,0,0,0,0,0,0
1986879088456581539,1986709745961484462,human,0,0,0,0,0,0,0,0,0,0,0,0,0,0
2008829029172805661,2008538543556358228,human,0,0,0,0,0,0,0,0,0,0,0,1,0,0
1985289768553337282,1984676390608818260,human,0,0,0,0,0,0,0,0,0,0,0,0,0,0
2003815646488846576,2003755566787903980,human,0,0,0,0,0,0,0,0,0,0,0,0,0,0
2003793207683920186,2003573280280838653,human,0,0,0,0,0,0,0,0,0,0,1,0,0,0
1998019782109745351,1997940011883438214,human,0,0,0,0,0,0,0,0,0,0,0,0,0,0
2006906629296382078,2006798545144463485,human,0,0,0,0,0,0,0,0,0,0,0,0,0,0
1984623298341146868,1984281159346622889,human,0,0,0,0,0,0,0,0,0,0,0,0,0,0
1990885222674501883,1990615296923873740,human,0,0,0,0,0,0,0,0,1,0,0,0,0,0
2003341572683735061,2002698381333000663,human,0,0,0,0,0,0,0,0,0,0,0,0,0,0
1991195568152940906,1990494395813277897,human,0,0,0,0,0,0,0,0,0,0,0,0,0,0
1986678719830716875,1986509343328772348,human,0,0,0,0,0,0,0,0,0,0,1,0,0,0
1989190408966902215,1989160179708084437,human,0,0,0,0,0,0,0,0,0,0,1,0,0,0
2000138468618273249,1999921240744902673,human,0,0,0,0,0,0,0,0,0,0,0,0,0,0
1996974793195696448,1996311027651338690,human,0,0,0,0,0,0,0,0,0,0,0,0,0,0
1985700431121563839,1985335799865573614,human,0,0,0,0,0,0,0,0,0,0,0,0,0,0
1998755731969815023,1998462597922783544,human,0,0,0,0,0,0,0,0,0,0,0,0,0,0
1991151194631532957,1991027394514202758,human,0,0,0,0,0,0,0,0,0,0,1,0,0,0
1995493219094655117,1995233963506598116,human,0,0,0,0,0,0,0,0,0,0,1,0,0,0
2002828396334870857,2002784945010319710,human,0,0,0,0,0,0,0,0,0,0,0,0,0,0
2006913967319339359,2006902944264757570,human,1,0,0,0,0,0,0,0,0,0,0,0,0,0
2004137489045573877,2004041259296735274,human,0,0,0,0,0,0,0,0,0,0,1,0,0,0
1998957911498961301,1998800437039018113,human,0,0,0,0,0,0,0,0,0,0,0,0,0,0
2003246533844594960,2003219875523965245,human,0,0,0,0,0,0,0,0,0,0,0,0,0,0
1998661149554884872,1998553979828195495,human,0,0,0,0,0,0,0,0,0,0,0,0,0,0
1992931671964815640,1992592751515619425,human,0,0,0,0,0,0,0,0,0,0,0,0,0,1
1997040981623832909,1996957936766050494,human,0,0,0,0,1,0,0,0,0,0,0,0,0,0
1991605740482793885,1991478705970114588,human,0,0,1,0,0,0,0,0,0,0,0,0,0,0
2003105922428592160,2003067944629366869,human,0,0,0,0,0,0,0,0,0,0,0,0,0,0
2008115668429013219,2008025170355884414,human,0,0,0,0,0,0,0,0,0,0,0,0,0,0
1989151783495594385,1989009112097566866,human,0,0,0,0,0,0,0,0,0,0,0,0,0,0
1991547843660632090,1991538959542046881,human,0,0,0,0,0,0,0,0,0,0,0,0,0,0
1991599027444449423,1991467365276528959,human,0,0,0,0,0,0,0,1,0,0,1,0,0,0
1994936276919726089,1994654075338854791,human,0,0,0,0,0,0,0,0,0,0,0,0,0,0
1991586772267200617,1991576680956117123,human,0,0,0,0,0,0,0,0,0,0,1,0,0,0
1996993279490248831,1996890271330730483,human,0,0,1,0,0,0,0,0,0,0,0,0,0,0
2011108613935251941,2011101508922757602,human,1,0,0,0,0,0,0,0,0,0,0,0,0,0
1998123741650526598,1997995139994911092,human,0,0,0,0,0,0,0,0,0,0,1,0,0,0
1990818651650273499,1990715101893013724,human,0,0,0,0,0,0,0,0,0,0,0,0,0,0
2002911179560141208,2002871267326865507,human,0,0,0,0,0,0,0,0,0,0,0,0,0,0
1987297593353781707,1987238217096052827,human,0,0,0,0,0,0,0,0,0,0,0,0,0,0
1985822323828801864,1985743927006126277,human,0,0,0,0,0,0,0,0,0,0,0,0,0,0
2004137684076470414,2004041259296735274,human,0,0,0,0,0,0,0,0,0,0,0,0,0,0
1991758584728760774,1991599014270365829,human,0,0,1,0,0,0,0,0,0,0,0,0,0,0
1986295005904797953,1985966429276160154,human,0,0,0,0,1,0,0,0,0,0,0,0,0,0
1989394671437595057,1989205611909951678,human,0,0,0,0,0,0,0,0,0,0,0,0,0,0
2003349627148599794,2003262760017350845,human,0,0,0,0,0,0,0,0,0,0,0,0,0,0
1995921569445523645,1995898181779853748,human,0,0,0,0,0,0,0,0,0,0,1,0,0,0
2007456924225184083,2007398592152293598,human,0,0,0,0,0,0,0,0,0,0,1,0,0,0
2000680207901143518,2000650407878787341,human,0,0,0,0,0,0,0,0,0,0,0,0,0,1
1993161262889681161,1993068077240725676,human,0,0,0,0,0,0,0,0,0,0,0,0,0,0
2005608341746188427,2005572031719317961,human,0,0,0,0,0,0,0,0,0,0,0,0,0,0
1990472587919692272,1990376938238791687,human,0,0,0,0,0,0,0,0,0,0,0,0,0,0
1999144059571720420,1999108156061089848,human,0,0,0,0,0,0,0,0,0,0,0,0,0,0
1991552555306893700,1991282425406562532,human,0,0,0,0,0,0,0,0,0,0,0,0,0,0
1996874843690504404,1996460807480390067,human,0,0,0,0,0,0,0,0,0,0,0,0,0,0
1987518975412994265,1987010603714597082,human,0,0,0,0,0,0,0,0,0,0,0,1,0,0
1991865642627006614,1991790357370261694,human,0,0,0,0,0,0,0,0,0,0,0,0,0,0
2001281610348409022,2000991287680565557,human,0,0,0,0,0,0,1,0,0,0,0,0,0,0
1985259146262843608,1985036807226937516,human,0,0,0,0,0,0,0,0,0,0,0,0,0,0
1988283497598120099,1988239256003772670,human,0,0,0,0,0,0,0,0,0,0,1,0,0,0
1992355764783251524,1991599014270365829,human,0,0,0,0,0,0,0,0,0,0,0,0,0,0
2003835302817702053,2003772605468406140,human,0,0,0,0,0,0,0,0,0,0,0,0,0,0
1999576433862279603,1998779406932697208,human,0,0,0,0,0,0,0,0,0,0,0,0,0,0
2002871982669389846,2002807465088524766,human,0,0,0,0,0,0,0,0,0,0,0,0,0,0
2004480095520538801,2004311121445245318,human,0,0,0,0,0,0,0,0,0,0,1,0,0,0
1997320540789387603,1997124464287330535,human,0,0,0,0,0,0,0,0,0,0,1,0,0,0
1986290419869552916,1986119875992142286,human,0,0,0,0,0,0,0,0,0,0,0,0,0,1
1984840325211304218,1984790395918663818,human,0,0,0,0,0,0,0,0,0,0,0,0,0,0
1987314825857302825,1987039463025918004,human,0,0,0,0,0,0,0,0,0,0,0,0,0,0
1989445224331186546,1989205611909951678,human,0,0,0,0,0,0,0,0,0,0,0,0,0,0
1992480713136898525,1992262673149591661,human,0,0,0,0,0,0,0,0,0,0,0,0,0,0
1998229742311584206,1997877481378820206,human,0,0,0,0,0,0,0,0,0,0,1,0,0,0
2010475832888762551,2009845296721801316,human,0,0,0,0,0,0,0,0,0,0,0,0,0,0
1999097025447551083,1998779406932697208,human,0,0,0,0,0,0,0,0,0,0,0,0,0,0
2005277034570793101,2004934043192656120,human,0,0,0,0,0,0,0,0,0,0,0,0,1,1
1998072675420274739,1998058947581001948,human,0,0,0,0,0,0,0,0,0,0,1,0,0,0
2000936725124932083,2000837335550976303,human,1,0,0,0,0,0,0,0,0,0,0,0,0,0
1991506432714240315,1991397362049380500,human,0,0,0,0,0,0,0,0,0,0,0,0,0,0
2006504682265497709,2006462122805571717,human,0,0,0,0,0,0,0,0,0,0,1,0,0,0
1986753558516060208,1986507411314659346,human,0,0,0,0,0,0,0,0,0,0,0,0,0,0
1987930152882282630,1987881598050566394,human,0,0,0,0,0,0,0,0,0,0,0,0,0,0
1992214751590404524,1991854783838425215,human,0,0,0,0,0,0,0,0,0,0,1,0,0,0
1989337761288011872,1989321989320798640,human,0,0,0,0,0,0,0,0,0,0,1,0,0,0
2003229859967852825,2003215953363145152,human,0,0,0,0,0,0,0,0,0,0,0,0,0,1
2003950268086682110,2003933669782880659,human,0,0,0,0,0,0,0,0,0,0,0,0,0,0
2007950199814254796,2007916564767752701,human,0,0,0,0,0,0,0,0,0,0,1,0,0,0
1987605603519287374,1987478789966672304,human,0,0,0,0,0,0,0,0,0,0,0,0,0,0
1992938789119869160,1992600489813565550,human,0,0,0,0,0,0,0,0,0,0,1,0,0,0
1985199993175654686,1985050563407720666,human,0,0,0,0,0,0,0,0,0,0,0,0,0,0
2005715301304881170,2005570737109925964,human,0,0,0,0,0,0,0,0,0,0,1,0,0,0
2004541416542769390,2004457064530153517,human,0,0,0,0,0,0,0,0,0,0,0,0,0,0
1995714718393401705,1995481750772834450,human,0,0,0,0,0,0,0,0,0,0,0,0,0,0
2006904770699645257,2006881083607101710,human,0,0,0,0,0,0,0,0,0,0,0,0,0,0
1990424825895006665,1990261462741475337,human,0,0,0,0,0,0,0,0,0,0,1,0,0,0
1992938919974121728,1992579312067961022,human,0,0,0,0,0,0,0,0,0,0,0,0,0,0
1985742845576143206,1985530254425825752,human,0,0,0,0,0,0,0,0,0,0,0,0,0,0
2005419376170893416,2004964952877277301,human,0,0,0,0,0,0,0,0,0,0,0,0,0,0
1987155455785725992,1987079428976087494,human,0,0,0,0,0,0,0,0,0,0,0,0,0,0
1990841382286864659,1990648863754256521,human,0,0,0,0,0,0,0,0,0,0,1,0,0,0
1985003320134533322,1984773615192023523,human,0,0,0,0,0,0,0,0,0,0,0,1,0,0
1985033628141944964,1984921631416893891,human,0,0,0,0,0,0,0,0,0,0,0,0,0,0
2003687222458159611,2003151248049222087,human,0,0,1,0,0,0,0,0,0,0,0,0,0,0
1996870333538668668,1996827690788368655,human,1,0,0,0,0,0,0,0,0,0,0,0,0,0
2000940611222811094,2000732481939468632,human,0,0,0,0,0,0,0,0,0,0,0,0,0,0
1984512791483498740,1984370718361207056,human,0,0,0,0,0,0,0,1,0,0,0,0,0,0
1992702987890991594,1991916515806048360,human,0,0,0,0,0,0,0,0,0,0,1,0,0,0
2004295849329709397,2004275766130016684,human,1,0,0,0,0,0,0,0,0,0,0,0,0,0
2006898084383531080,2006787404901048654,human,0,0,0,0,0,0,0,0,0,0,0,0,0,0
2005968060071481668,2005825648934162722,human,0,0,0,0,0,0,0,0,0,0,0,0,0,0
2001704179316748302,2001433377325359126,human,0,0,0,0,0,0,0,0,0,1,0,0,0,0
1991891970940080301,1991863814908973348,human,0,0,0,0,0,0,0,0,0,0,0,0,0,0
1992357950027915312,1992300221456642379,human,0,0,0,0,0,0,0,0,0,0,0,0,1,0
2012137582692295017,2011918275169374544,human,0,0,0,0,0,0,0,0,0,0,0,0,0,0
1988584505050050965,1988514720005972197,human,0,0,0,0,0,0,0,0,0,0,0,0,0,0
1994549065938305067,1994256577218633928,human,0,0,0,0,0,0,0,0,0,0,0,0,0,0
1999897087807217825,1999797003786531260,human,0,0,0,0,0,1,0,0,0,0,0,0,0,0
2007965774594359802,2007857093857186123,human,0,0,0,0,0,0,0,0,0,0,0,0,0,0
1995585258440257973,1995487740671238516,human,0,0,0,0,0,0,0,0,0,0,1,0,0,0
1986114684752437338,1986042681701630316,human,0,0,0,0,0,0,0,0,0,0,1,0,0,0
1991548743716634719,1991522085403783287,human,0,0,0,0,0,0,0,0,0,0,1,0,0,1
1997371067741224970,1997300416703524958,human,0,0,0,0,0,0,0,0,0,0,1,0,0,0
2000732593059455341,2000644529360109749,human,0,0,0,0,0,0,0,0,0,0,1,0,0,1
2002210490278441415,2002047328660910360,human,0,0,0,0,0,0,0,0,0,0,1,0,0,1
1990858672184902109,1990839147414581656,human,0,0,0,0,0,0,0,0,0,0,0,0,0,0
1987957505096310788,1987627574558622116,human,0,0,0,0,0,0,0,0,0,0,0,0,0,0
1997262788037636436,1997222602964623653,human,0,0,0,0,0,0,0,0,0,0,0,0,0,0
2003822106425852252,2003755566787903980,human,0,0,0,0,0,0,0,0,0,0,0,0,0,0
2012345725070282905,2011804909834789028,human,0,0,0,0,0,0,0,0,0,0,0,0,0,0
1997277098470215786,1997196381455335632,human,0,0,1,0,0,0,0,0,0,0,0,0,0,1
1997289710658691446,1996217381761270020,human,0,0,0,0,0,0,0,0,0,0,0,0,0,0
2006684344815923518,2006430865501597881,human,0,0,0,0,0,0,0,0,0,0,0,0,0,0
2009992468456935506,2009917318458126524,human,0,0,0,0,0,0,0,0,0,0,0,0,0,1
1995333878333272130,1995136037593776449,human,0,0,0,0,0,0,0,0,0,0,0,0,0,0
1998462295618326938,1998400704537403638,human,0,0,0,0,0,0,0,0,0,0,1,0,0,0
1999841692434792810,1999609742998798776,human,0,0,0,0,1,0,0,0,0,0,0,0,0,0
1986711343991292025,1986507411314659346,human,0,0,0,0,0,0,0,0,0,0,0,0,0,0
1992865545239019818,1992554494434164898,human,0,0,1,0,0,0,0,0,0,0,0,0,0,0
2001082002775191703,2000924951566803299,human,0,0,0,0,0,0,0,0,0,0,0,0,0,0
1996301119224738055,1996282032465555518,human,0,0,0,0,0,0,0,0,0,0,0,0,0,0
1999188834941374636,1998879143187128564,human,0,0,0,0,0,0,0,0,0,0,0,0,0,0
1995667875076448507,1995589542045516075,human,0,0,0,0,0,0,0,0,0,0,1,0,0,0
2008004632534978984,2007520004892238108,human,0,0,0,0,0,0,0,0,0,0,0,1,0,0
2004458421257752822,2004383823908557151,human,0,0,0,0,0,0,0,0,0,0,0,0,0,0
2002401332569797052,2002282878860669413,human,0,0,0,0,0,0,0,0,0,0,0,0,0,0
2006093960574296554,2005609188597342259,human,0,0,0,0,0,0,0,0,0,0,0,0,0,0
1988887849127887002,1988856329713164773,human,0,0,0,0,0,0,0,0,0,0,1,0,0,0
2003044160237097312,2002911504543396034,human,0,0,0,0,0,0,0,0,0,0,0,0,0,0
1991670269102940628,1991134891291930660,human,0,0,0,0,0,0,0,0,0,0,0,0,0,0
2000733767602987388,2000644529360109749,human,0,0,0,0,0,0,0,0,0,0,1,0,0,0
1985401970891637003,1985277430500643031,human,0,0,0,0,0,0,0,0,0,0,0,0,0,0
2000586849136652610,2000449395159105662,human,0,0,1,0,0,0,0,0,0,0,0,0,0,0
1990477543841931479,1990387364720504893,human,0,0,0,0,0,0,0,0,0,0,0,0,0,0
1985802540089270386,1985743927006126277,human,0,0,0,0,0,0,0,0,0,0,0,0,0,0
2000613934642888759,2000449395159105662,human,0,0,0,0,0,0,0,0,0,0,0,0,0,0
1984806923321962810,1984676390608818260,human,0,0,0,0,0,0,0,0,0,0,1,0,0,0
1991329139215736925,1991258040679399618,human,0,0,0,0,0,0,0,0,0,0,0,0,0,0
1995148325109268620,1995014910271697028,human,0,0,0,0,0,0,0,0,0,0,1,0,0,0
2007988082914562482,2007912417943015764,human,0,0,0,0,0,0,0,0,0,0,0,1,0,0
1987201127520018515,1986893570004127836,human,0,0,0,0,0,0,0,0,0,0,0,0,0,0
2006993648685121656,2006728821329076504,human,0,0,0,0,0,0,0,0,0,0,0,0,0,0
1997105393190023329,1997043553923420668,human,0,0,0,0,0,0,0,0,0,0,0,0,0,0
2005475569316601955,2005325273118695708,human,0,0,0,0,0,0,0,0,0,0,0,0,0,0
2000191162582446101,2000174542283850124,human,0,0,0,0,0,0,0,0,0,0,0,0,0,0
2002412639985512514,2002181219652673899,human,0,0,0,0,0,0,0,0,0,0,0,0,0,0
1991737465724453319,1991478705970114588,human,0,0,0,0,0,0,0,0,0,0,0,0,0,0
1988777221557989744,1988734240679456775,human,0,0,0,0,0,0,0,0,0,0,1,0,0,0
1993254998746996974,1992885850938745326,human,0,0,0,0,0,0,0,0,0,0,0,0,0,0
1998797650007896295,1998679205517603083,human,0,0,0,0,0,0,0,0,0,0,0,0,0,0
2000782745933635902,2000644529360109749,human,0,0,0,0,0,0,0,0,0,0,0,0,0,1
2003036808935080415,2002960524166979864,human,0,0,0,0,0,0,0,0,0,0,1,0,0,0
2007453314112467420,2007439222471295424,human,0,0,0,0,0,0,0,0,0,0,1,0,0,0
2003817804647092705,2003755566787903980,human,0,0,0,0,0,0,0,0,0,0,0,0,0,0
2001343097859391794,2001062164237574246,human,0,0,0,0,0,0,0,0,0,0,0,0,0,0
2004965725425860666,2004667619845214511,human,0,0,0,0,0,0,0,0,0,0,0,0,0,0
1990384212390625658,1990198888175939691,human,0,0,0,0,0,0,0,0,0,0,0,0,0,0
2000885748644663441,2000521382262951939,human,0,0,0,0,0,0,0,0,0,0,0,0,0,0
1996386014240121101,1996216349518164199,human,0,0,1,0,0,0,0,0,0,0,0,0,0,0
1990831779419160639,1990615296923873740,human,0,0,0,0,0,0,0,0,0,0,0,0,0,0
1987313523362312674,1987039463025918004,human,0,0,0,0,0,0,0,0,0,0,0,0,0,0
2005159551578812863,2005101184177078563,human,0,0,0,0,0,0,0,0,0,0,0,0,0,0
1987934938889375999,1987536370118627796,human,0,0,0,0,0,0,0,0,0,0,0,0,0,0
2002018760451064242,2001717497461117074,human,0,0,1,0,0,0,0,0,0,0,0,0,0,0
1998700440985219172,1998562017377136974,human,0,0,0,0,0,0,0,0,0,0,0,0,0,0
2004419250253926407,2004357388854288633,human,0,0,0,0,0,0,0,0,0,0,0,0,0,0
1994231349213864425,1994109618411172003,human,0,0,0,0,0,0,0,0,0,0,0,0,0,0
2004161076250746994,2003728387676995950,human,0,0,0,0,0,0,0,0,0,0,0,0,0,0
1989142939914605034,1988927853342388700,human,0,0,0,0,0,0,0,0,0,0,0,0,0,0
2007883498955096115,2007779647426371973,human,0,0,0,0,0,0,0,0,0,0,0,0,0,0
1986570289837187166,1986088757305712685,human,0,0,0,0,0,0,1,0,0,0,0,0,0,0
1997998824795557937,1997958058585321484,human,0,0,0,0,0,0,0,0,0,0,0,0,0,0
1985277756444164220,1985036807226937516,human,0,0,0,0,0,0,0,0,0,0,0,0,0,0
1990875885478580522,1990494395813277897,human,0,0,0,0,0,0,0,0,0,0,0,0,0,0
2000310424324153549,2000016226291188179,human,0,0,0,0,0,0,0,0,0,0,0,0,0,1
1987992427786117456,1987928829357347143,human,0,0,0,0,0,0,0,0,0,0,1,0,0,0
1996083881695469709,1995830079822463046,human,0,0,0,0,0,0,0,0,0,0,0,0,0,0
2002831681514807677,2002783056458141859,human,0,0,1,0,0,0,0,0,0,0,0,0,0,0
1990691897556210172,1990286835088834588,human,0,0,0,0,0,0,0,0,0,0,0,0,0,0
2009958938645553516,2009414819485458673,human,0,0,0,0,0,0,0,0,0,0,0,0,0,0
1990842314592559572,1990799837336367288,human,0,0,0,0,0,0,0,0,0,0,1,0,0,0
1990477999893045595,1990387364720504893,human,0,0,0,0,0,0,0,0,0,0,0,0,0,0
1990332166534779103,1990158203569746195,human,0,0,0,0,0,0,0,0,0,0,0,0,0,0
2008767597936853379,2008601788354585064,human,0,0,0,0,0,0,0,0,0,0,0,0,0,0
1998974914284433691,1998876786684473567,human,0,0,0,0,0,0,0,0,0,0,1,0,0,0
2008691275197812938,2008678342908899716,human,0,0,0,0,0,0,0,0,0,0,0,1,0,0
1995082496191680600,1994819620520579553,human,0,0,0,0,0,0,0,0,0,0,0,0,0,0
1987589243959726587,1987219102205923826,human,0,0,0,0,0,0,0,0,0,0,0,0,0,0
2003844015905493275,2003728387676995950,human,0,0,0,0,0,0,0,0,0,0,0,0,0,0
2002690882038800843,2002429781049241712,human,0,0,0,0,0,0,1,0,0,0,1,1,0,0
1991969338237354321,1991858295116894367,human,0,0,0,0,0,0,0,0,0,1,0,0,0,0
1985279464322834597,1984023240524943392,human,0,0,0,1,0,0,0,0,0,0,0,0,0,0
2005608181955776961,2005374152186990851,human,0,0,0,0,0,0,0,0,0,0,0,0,0,0
2000176062127387130,2000168676201558487,human,0,0,1,0,0,0,0,0,0,0,0,0,0,0
1996972627173191752,1996732217272553515,human,0,0,0,0,0,0,0,0,0,0,0,0,0,0
2004182558821449769,2004060777209278561,human,0,0,0,0,0,0,0,0,0,0,0,1,0,0
1993501538023530873,1993177247822516587,human,0,0,1,0,0,0,0,0,0,0,0,0,0,0
1996294114435105176,1996282858952892751,human,0,0,0,0,0,0,0,0,0,0,1,0,0,0
1992677941126562167,1992579312067961022,human,0,0,0,0,0,0,0,0,0,0,0,0,0,0
2007473143426744433,2007228963379462637,human,0,0,1,0,0,0,0,0,0,0,0,0,0,0
1989338599679013145,1989321989320798640,human,0,0,0,0,0,0,0,0,0,0,1,0,0,0
2003915060360491197,2003852010031120800,human,0,0,0,0,0,0,0,0,0,0,0,0,0,0
1994049569902952784,1993897582725353977,human,0,0,0,0,0,0,0,0,0,0,0,0,0,0
1997267676389835009,1997168537794945175,human,1,0,0,0,0,0,0,0,0,0,0,0,0,0
1987957719538520184,1987627574558622116,human,0,0,0,0,0,0,0,0,0,0,0,0,0,0
1985456367323529380,1985335799865573614,human,0,0,0,0,0,0,0,0,0,0,0,0,0,0
1986477067408445789,1986403982613590206,human,0,0,0,0,0,0,0,0,0,0,0,0,0,0
1986477463380054335,1986234873011662902,human,0,0,0,0,0,0,0,0,0,0,0,0,0,0
1993294774611141065,1993132277585289591,human,0,0,0,0,0,0,0,0,0,0,1,0,0,0
2009606005282226605,2009449979195347051,human,0,0,0,0,0,0,0,0,0,0,0,0,0,0
1987546659853570440,1987299211365486614,human,0,0,0,0,0,0,0,0,0,0,0,0,0,0
1991823223478968560,1991576680956117123,human,0,0,0,0,0,0,0,0,0,0,1,0,0,0
1984748927233749230,1984466430553964545,human,0,0,0,0,0,0,0,0,0,0,0,0,0,0
1998660233896321269,1998553979828195495,human,0,0,1,0,0,0,0,0,0,0,0,0,0,0
2006549604934770746,2006462122805571717,human,0,0,0,0,0,0,0,0,0,0,1,0,0,0
1987435448567013561,1987010603714597082,human,0,0,0,0,0,0,0,0,0,0,1,0,0,0
1992058039235670141,1991497968289997094,human,0,0,1,0,0,0,0,0,0,0,0,0,0,0
1992395587023786185,1992380912395579503,human,0,0,1,0,0,0,0,0,0,0,0,0,0,0
2001667772603076820,2001572518680010891,human,0,0,0,0,0,0,0,0,0,0,0,0,0,1
1994510108487778530,1989009112097566866,human,0,0,1,0,0,0,0,0,0,0,0,0,0,0
1984937432605680096,1984676390608818260,human,0,0,0,0,0,0,0,0,0,0,0,0,0,0
2001587613841404285,2001582965512626415,human,0,0,1,0,0,0,0,0,0,0,0,0,0,0
1996069369923752174,1995830079822463046,human,0,0,0,0,0,0,0,0,0,0,0,0,0,0
1995142337681670442,1994819620520579553,human,0,0,0,0,0,0,0,0,0,0,0,0,0,0
1996036060929806713,1995904277999747496,human,0,0,0,0,0,0,0,0,0,0,0,0,0,0
1988368045438628003,1988223180956193063,human,0,0,0,0,0,0,0,0,1,0,0,0,0,0
1991904112045072823,1991825618980503795,human,0,0,0,0,0,0,0,0,0,0,0,0,0,0
1990968508738363538,1990549271905730863,human,0,0,0,0,0,0,0,0,0,0,0,0,0,0
1987203490779701487,1987006290837839979,human,0,0,0,0,0,0,0,0,0,0,1,0,0,0
1988652649466511844,1987183437233758369,human,0,0,0,0,0,0,0,0,0,0,0,0,0,0
1990914255239958631,1990662605590130751,human,0,0,0,0,0,0,0,0,0,0,0,0,0,0
1987229824327340113,1986905944555475164,human,0,1,0,0,0,0,0,0,0,0,0,0,0,0
1998372906296832158,1998337258483490865,human,0,0,0,0,0,0,0,0,0,0,0,1,0,0
1985808283643330622,1985716345107829064,human,0,0,0,0,0,0,0,0,0,0,0,0,0,0
2004014456905306440,2003772605468406140,human,0,0,0,0,0,0,0,1,0,0,0,0,0,0
1989742220896092445,1989699497534926925,human,0,0,0,0,0,0,0,0,0,0,1,0,0,0
1994080533270446273,1993882940636582372,human,0,0,0,0,0,0,0,0,0,0,0,0,0,0
2000521850200432843,2000519349946265859,human,0,0,0,0,0,0,0,0,0,0,0,0,0,0
1990790520331808797,1990662605590130751,human,0,0,0,0,0,0,0,0,0,0,0,0,0,0
2003941979353502109,2003852010031120800,human,0,0,0,0,0,0,0,0,0,0,0,0,0,0
2008918298704965858,2008775935592636644,human,0,0,0,0,0,0,0,0,0,0,0,1,0,0
2006032879084552573,2005998579744399738,human,0,0,0,0,0,0,0,0,0,0,1,0,0,0
1992695633225150660,1992404104313016499,human,0,0,0,0,0,0,0,0,0,0,0,0,0,0
1991730919342834042,1990806831493533942,human,0,0,0,0,0,0,0,0,0,0,1,0,0,0
2007595577920332127,2007485571120451769,human,0,0,0,0,0,0,0,0,0,0,1,0,0,0
1986490957903372777,1986443206322774411,human,0,0,0,0,0,0,0,0,0,0,0,0,0,0
1998938923280560497,1998440572214804785,human,0,0,0,0,0,0,0,0,0,0,0,0,0,0
1994635316553023969,1994481322434465878,human,0,0,0,0,0,0,0,0,0,0,0,0,0,0
1989857230725026266,1989707838579732894,human,0,0,0,0,0,0,0,0,0,0,1,0,0,0
1988692586349957447,1988420315656131070,human,0,0,0,0,0,0,0,0,0,0,1,0,0,0
1984914887290564984,1984458032290394195,human,0,0,1,0,0,0,0,0,0,0,0,0,0,0
1987869763083665724,1987632414739358135,human,0,0,0,0,0,0,0,0,0,1,0,0,0,0
2006723843268681807,2006250097265537459,human,0,0,0,0,0,0,0,0,0,0,0,1,0,0
2007522599333425619,2007195198271697395,human,0,0,0,0,0,0,0,0,0,0,0,0,0,0
2001978544591602053,2001838978996302163,human,0,0,0,0,0,0,0,0,0,0,0,0,0,0
2008574046368084233,2008232217525580007,human,0,0,0,0,0,0,0,0,0,0,1,0,0,0
1993715656148062571,1992884297951277246,human,0,0,0,0,0,0,0,0,0,0,0,0,0,0
1985264342372061426,1985079789057949883,human,0,0,0,0,0,0,0,0,0,0,1,0,0,0
1993977142057607330,1992884297951277246,human,0,0,0,0,0,0,0,0,0,0,0,0,0,0
1986473012888281466,1986426028990877701,human,0,0,0,0,0,0,0,0,0,0,0,0,0,0
1986829828482646166,1986538101431243213,human,0,0,0,0,0,0,0,0,0,0,0,0,0,0
1987206445713268773,1987139033777250391,human,0,0,0,0,0,0,0,0,0,0,0,0,0,0
1987210876257210716,1986994724398637138,human,0,0,0,0,0,0,0,0,0,0,0,0,0,0
1988417147304128562,1988343017326223647,human,0,0,0,0,0,0,0,0,0,0,0,0,0,0
1991210592355680365,1991134891291930660,human,0,0,0,0,0,0,0,0,0,0,0,0,0,0
1992124615003660778,1992084430752809227,human,0,0,0,0,0,0,0,0,0,0,1,0,0,0
1992139787156042124,1991821351834005994,human,0,0,0,0,0,0,0,0,0,0,0,0,0,0
1992491791157698842,1992262673149591661,human,0,0,0,0,1,0,0,0,0,0,0,0,0,0
1996994799162003931,1996627296502141094,human,0,0,0,0,0,0,0,0,0,0,0,0,0,0
2000610632391930087,2000583071058247918,human,0,0,0,1,1,0,0,0,0,0,0,0,0,0
1987997567104537029,1987777364202586141,human,0,0,0,0,0,0,0,0,0,0,0,0,0,0
1992946288405405845,1992885850938745326,human,0,0,0,0,1,0,0,0,0,0,0,0,0,0
2008282232603963593,2008232217525580007,human,0,0,0,0,0,0,0,0,0,0,0,0,0,0
1986478027824591063,1986443206322774411,human,0,0,0,0,0,0,0,0,0,0,0,0,0,1
1993291209364631580,1992572116198170633,human,0,0,0,0,0,0,0,0,0,0,0,0,0,0
1994008777079869795,1992252270009057469,human,0,0,0,0,0,0,0,1,0,0,0,0,0,0
1995867059323109440,1995734284636745782,human,0,0,0,0,0,0,0,0,0,0,0,0,0,0
1999542667760251138,1999516609971650766,human,0,0,0,0,0,0,0,0,0,0,0,0,0,0
1990830062531174789,1990494395813277897,human,0,0,0,0,0,0,0,0,0,0,0,0,0,0
2001075811659735267,2001026551585165747,human,0,0,0,0,0,0,0,0,0,0,0,0,0,0
1987410877985722449,1986896462907658347,human,0,0,1,0,0,0,0,0,0,0,0,0,0,0
1999544328637808970,1999465312966836305,human,0,0,0,0,0,0,0,0,0,0,0,0,0,0
2002101607174213905,2002026189326893408,human,0,0,0,0,0,0,0,0,0,0,0,0,0,0
1997806506910068938,1997740177670963207,human,0,0,0,0,0,0,0,0,0,0,0,0,0,0
1997089553635856862,1996784574995820738,human,0,0,0,0,0,0,0,0,0,0,0,0,0,0
2008253900172694001,2008232217525580007,human,0,0,0,0,0,0,0,0,0,0,0,0,0,0
2000543529265950779,2000509614480343428,human,0,0,0,0,0,0,0,0,0,0,1,0,0,0
2000051342669230418,1999797003786531260,human,0,0,0,0,0,0,0,0,0,0,0,0,0,0
1986003064973644202,1985966429276160154,human,0,0,0,0,0,0,0,0,0,0,0,0,0,0
2005420085754626484,2005066481277526147,human,0,0,0,0,0,0,0,0,0,0,0,0,0,0
1985334545915248661,1985050563407720666,human,0,0,0,0,0,0,0,0,0,0,0,0,0,0
2002474087055294936,2002463367395688594,human,0,0,0,0,0,0,0,0,0,0,1,0,0,0
1994899175604195388,1994662664023224640,human,0,0,0,0,0,0,0,0,0,0,0,0,0,0
1989023862512620018,1988796762069631123,human,0,0,0,0,0,0,0,0,0,0,0,0,0,0
1995059636672799176,1994819620520579553,human,0,0,0,0,0,0,0,0,0,0,0,0,0,0
1990458563530207288,1990106370650046907,human,0,0,0,0,0,0,0,0,0,0,0,1,0,0
1995634086883274901,1995589542045516075,human,0,0,0,0,0,0,0,0,0,0,0,0,0,0
2008518889945305371,2008232217525580007,human,0,0,0,0,0,0,0,0,0,0,0,0,0,0
1997270090857808149,1997222602964623653,human,0,0,0,0,0,0,0,0,0,0,0,0,0,0
1991272810141155627,1991258040679399618,human,0,0,0,0,0,0,0,0,0,0,0,0,0,0
1987656122615189781,1987540970271809722,human,0,0,0,0,0,0,0,0,0,0,0,0,0,0
1987207155385331880,1987015962164396128,human,0,0,0,0,0,0,0,0,0,0,1,0,0,0
2004198856112713927,2004015729436406067,human,0,0,0,0,0,0,0,0,0,0,0,0,0,0
2004668602293899293,2004593979904713045,human,0,0,0,0,0,0,0,0,0,0,0,0,0,0
1996967373312573847,1996890271330730483,human,0,0,0,0,0,0,0,0,0,0,0,0,0,0
1998427190044586224,1997743185678725157,human,0,0,0,0,0,0,0,0,0,0,0,0,0,0
1995955253007843415,1995792547550298478,human,0,0,0,0,0,0,0,0,0,0,0,0,0,0
1989306720644972760,1988927853342388700,human,0,0,0,0,0,0,0,0,0,0,0,0,0,0
2006424575949869220,2004964952877277301,human,0,0,0,0,0,0,0,0,0,0,0,0,0,0
2008183663654060357,2007903551197151675,human,0,0,1,0,0,0,0,0,0,0,0,0,0,0
1999390758629949938,1999285804288635054,human,0,0,0,0,0,0,0,0,0,0,0,0,0,0
2007966418868830399,2007857093857186123,human,0,0,0,0,0,0,0,0,0,0,1,0,0,0
1987298599294959938,1987238217096052827,human,0,0,0,0,0,0,0,0,0,0,0,0,0,0
2002287148582535646,2002152361452834866,human,0,0,0,0,0,0,0,0,0,0,0,0,0,0
1995620784702980489,1995523289050140691,human,0,0,0,0,0,0,0,0,0,0,0,0,0,0
1997998542418563554,1997976548956069906,human,0,0,0,0,0,0,0,0,0,0,0,0,0,0
1985928495256482135,1985763752567001215,human,0,0,0,0,0,0,0,0,0,0,0,0,0,0
1992581922552160348,1992348553906426268,human,0,0,0,0,0,0,0,0,0,0,0,0,0,0
1991923593916416223,1991266332877152414,human,0,0,0,0,0,0,0,0,0,0,0,0,0,0
1988970264345079984,1988312595871527306,human,0,0,0,0,0,0,0,0,0,0,0,0,0,0
2002687868544958665,2002638374856011820,human,0,0,0,0,0,0,0,0,0,0,1,0,0,0
2003763419414241333,2003648722388025684,human,0,0,0,0,1,0,0,0,0,0,1,0,0,0
2004129940858626086,2003843990114963946,human,0,0,0,1,0,0,0,0,0,0,1,0,0,1
2006331527437643837,2006189356990562341,human,0,0,0,0,0,0,0,0,0,0,1,0,0,0
2005169610396463242,2004944062168924660,human,0,0,0,0,0,0,0,0,0,0,1,0,0,0
2001718515733004736,2001649204142444781,human,0,0,0,0,0,0,0,0,0,0,0,0,0,0
2005865343517167819,2005797768393040117,human,0,0,0,0,0,0,0,0,0,0,0,0,0,0
1990880822719820150,1990857364686451171,human,0,0,0,0,0,0,0,0,0,0,1,0,0,0
1991226125465325986,1990225780455145960,human,0,0,0,0,0,0,0,0,0,0,0,0,0,0
2001331345625092521,2001285243610042492,human,0,0,0,0,0,0,0,0,0,0,0,0,0,0
2008044725811421445,2007912417943015764,human,0,0,1,0,0,0,0,0,0,0,0,0,0,0
1987924655466766667,1987660792326746499,human,0,0,0,0,0,0,0,0,0,1,0,0,0,0
1984839831462031428,1984373158036832660,human,0,0,0,0,0,0,0,0,0,0,0,0,0,0
1988702332910031171,1988352075206398319,human,0,0,0,0,0,0,0,0,0,0,0,0,0,0
1998947485268709562,1998771592348971522,human,0,0,0,0,0,0,0,0,0,0,0,0,0,0
1991600413687136291,1991582760847499492,human,0,0,0,0,0,0,0,0,0,0,0,0,0,0
1999495878692794741,1999465312966836305,human,0,0,0,0,0,0,0,0,0,0,0,0,0,0
1993279932093599827,1992977826455425395,human,0,0,0,0,0,0,0,0,0,0,1,0,0,0
1998662541858259022,1998587540794732627,human,0,0,0,0,0,0,0,0,0,0,0,0,0,1
2001306550498201974,2000200165353783736,human,1,0,0,0,0,0,0,0,0,1,0,0,0,0
2000582171418067303,2000562609049977196,human,0,0,0,0,0,0,0,0,0,0,0,0,0,1
2000583119578239107,2000519349946265859,human,0,0,0,0,0,0,0,0,0,0,0,0,0,1
1991230070346727489,1991129820344775099,human,0,0,0,0,0,0,0,0,0,0,1,0,0,0
1991470337456755181,1991258040679399618,human,0,0,0,0,0,0,0,0,0,0,0,0,0,0
1986537538333634973,1986492803481018803,human,0,0,0,0,0,0,0,0,0,0,0,0,0,0
1989841315689820430,1989749929334784497,human,0,0,0,0,0,0,0,0,0,0,0,0,0,0
1997829131845914688,1997564215104786801,human,0,0,0,0,0,0,0,0,0,0,0,0,0,0
2001531274239033553,2001436900905693648,human,0,0,0,0,0,0,0,0,0,0,0,0,0,1
1993761166019985886,1993684046115914138,human,0,0,0,0,0,0,0,1,0,0,0,0,0,0
1985687890639130974,1985641890725671008,human,0,0,0,0,0,0,0,0,0,0,0,0,0,0
1987200698363085110,1987139033777250391,human,0,0,0,0,0,0,0,0,0,0,0,0,0,0
1985790215907131589,1985679827748143143,human,0,0,0,0,0,0,0,0,0,0,0,0,0,0
1986056470727635177,1985815642981712378,human,0,0,0,1,0,0,0,0,0,0,0,0,0,0
1989393103371821293,1989228590190456973,human,0,0,0,0,0,0,0,0,0,0,0,0,0,0
1989702372063355090,1989448515165327634,human,0,0,0,0,0,0,0,0,0,0,0,0,0,0
1990525914602455449,1990372080131690891,human,0,0,0,0,0,0,0,0,1,0,0,0,0,0
2006004569755550170,2005899780795535587,human,0,0,0,0,0,0,0,0,0,0,0,0,0,0
2000557578997104870,2000449395159105662,human,0,0,1,0,0,0,0,0,0,0,0,0,0,0
1994733804167045537,1994635593276690631,human,0,0,0,0,0,0,0,0,0,0,0,1,0,0
1985433615262450065,1985281470609436692,human,0,0,1,0,0,0,0,0,0,0,0,0,0,0
1986474617394069641,1986234873011662902,human,0,0,0,0,0,0,0,0,0,0,0,0,0,0
2005416634723229819,2005325273118695708,human,0,0,0,0,0,0,0,0,0,0,0,0,0,0
1996635329579909188,1996311027651338690,human,0,0,0,0,0,0,0,0,1,0,0,0,0,0
1987231673227092480,1987201521449075132,human,0,0,0,0,0,0,0,0,0,0,0,0,0,0
1994802608762929227,1994559296835915829,human,0,0,0,0,0,0,0,0,0,0,1,0,0,0
1985750635157901409,1985530254425825752,human,0,0,0,0,0,0,0,0,0,0,0,0,0,0
1989751412306194757,1989713752204185742,human,0,0,0,0,0,0,0,0,0,0,0,1,0,0
2005841829699178586,2005674355406324120,human,0,0,0,0,0,0,0,0,0,0,1,0,0,0
2006022675492151391,2005797768393040117,human,0,0,0,0,0,0,0,0,0,0,1,0,0,0
2008615271234175484,2008153338689556956,human,0,0,0,0,0,1,0,0,0,0,0,0,0,0
1995666307476345098,1995497378208698529,human,0,0,0,0,0,0,0,0,0,0,0,0,0,0
1991220012493991984,1990549271905730863,human,0,0,0,0,0,0,0,0,0,0,0,0,0,1
1990854157377663118,1990693518793220430,human,0,0,0,0,0,0,0,0,0,0,0,0,0,0
1985153329173876879,1985066426026144042,human,0,0,0,0,0,0,0,0,0,0,0,0,0,0
1988664376455299582,1988446387466334516,human,0,0,0,0,0,0,0,0,0,0,0,0,0,0
1989807357812170944,1989730717933174819,human,0,0,0,1,0,0,0,0,0,0,0,0,0,0
2003102167763145012,2003072387290747314,human,0,0,0,0,1,0,0,0,0,0,1,0,0,0
2003815219097719028,2003510916130963487,human,0,0,0,0,0,0,0,0,0,1,0,0,0,0
1987635011609108881,1987521338525843631,human,0,0,0,0,0,0,0,0,0,0,0,0,0,0
1990876407501893686,1990859185966465187,human,0,0,0,0,0,0,0,0,0,0,0,0,0,0
1990383100988133702,1989834247872680239,human,0,0,0,0,0,0,0,0,0,0,0,0,0,0
1989905199394157000,1989009112097566866,human,0,0,0,0,0,0,0,0,0,0,0,0,0,0
2004451125437530154,2004415656108994958,human,0,0,0,0,0,0,0,0,0,0,0,0,0,0
1996768146355900800,1996677915136954417,human,0,0,0,0,0,0,0,0,0,0,0,0,0,0
1995685207001747633,1980961929494728712,human,0,0,0,0,0,0,0,0,0,0,1,0,0,0
1992196816452870349,1991831700767396310,human,0,0,0,0,0,0,0,0,0,0,0,0,0,0
1989592974897127477,1989283580204425332,human,0,0,0,0,0,0,0,0,0,0,0,0,0,0
1990788540112785769,1990423146327859432,human,0,0,0,0,0,1,0,0,0,0,0,0,0,0
1998385121242632359,1998158915758870768,human,0,0,0,0,0,0,0,0,0,0,0,0,0,0
1985801040730734813,1985530254425825752,human,0,0,0,0,0,0,0,0,0,0,0,0,0,0
2003520696228417926,2003405687582523772,human,0,0,0,0,0,0,0,0,0,0,0,0,0,0
2008453306075766886,2008254997281268116,human,0,0,0,0,0,0,0,0,0,0,1,0,0,0
1992692808277483782,1992590502013940140,human,0,0,0,0,0,0,0,0,0,0,1,0,0,0
2008425717428560026,2008254706301497469,human,0,0,0,0,0,0,0,0,0,0,0,0,0,0
1984678669374407028,1984457722763624470,human,0,0,0,0,0,0,0,0,0,0,0,0,0,0
1993385679011938371,1993100192837489111,human,0,0,0,0,0,0,0,0,0,0,0,0,0,0
2006432762589520126,2006233324684206511,human,0,0,0,0,0,0,0,0,0,0,0,0,0,0
1987268580665377052,1987120414565269913,human,0,0,0,0,0,0,0,0,0,0,0,0,0,0
1988806828382134668,1988752770497761532,human,0,0,0,0,0,0,0,0,0,0,0,0,0,0
1992357412083495378,1992300221456642379,human,0,0,0,0,0,0,0,0,0,0,1,0,0,0
2008707358755540993,2008678342908899716,human,0,0,0,0,0,0,0,0,0,0,0,0,0,0
1991334008639144397,1991258040679399618,human,0,0,0,0,0,0,0,0,0,0,0,0,0,0
2005405607562711203,2005101184177078563,human,0,0,0,0,0,1,0,1,0,0,0,0,0,0
1984848954501075406,1984746554238881990,human,0,0,0,0,0,0,0,0,0,0,1,0,0,0
1993173840126427312,1992338584595247390,human,0,0,0,0,0,0,0,0,0,0,0,0,0,0
1985913473013072032,1985755256295452913,human,0,0,0,0,0,0,0,0,0,0,0,0,0,0
1990535973147459985,1990280119282471091,human,0,0,0,0,0,0,0,0,0,0,1,0,0,0
1987247319599689924,1987201521449075132,human,0,0,0,0,0,0,0,0,0,0,0,0,0,0
1994953939238691244,1994539116449730687,human,0,0,1,0,0,0,0,0,0,0,0,0,0,0
1984593968827367617,1984391277656621199,human,0,0,0,0,0,0,0,0,0,0,1,0,0,0
2008985056149426507,2008654788653969804,human,0,0,0,0,0,0,0,0,0,0,0,0,0,0
2004978958459101491,2004780688311287818,human,0,0,0,0,0,0,0,0,0,0,0,0,0,0
2005811819185856807,2005797768393040117,human,0,0,0,0,0,0,0,0,0,0,0,0,0,0
2004520960154886618,2004391059993120953,human,0,0,0,0,0,0,0,0,0,0,0,0,0,0
1990935250923311389,1990544321737810420,human,0,0,0,0,0,0,0,0,0,0,1,0,0,0
2006040319884742759,2005998579744399738,human,0,0,0,0,0,0,0,0,0,0,1,0,0,0
2013627651198460133,2013411849803304999,human,0,0,0,0,0,0,0,0,0,0,1,0,0,0
1985777450295460215,1985750550156062749,human,0,0,0,0,0,0,0,0,0,0,0,1,0,0
1986483948986433579,1986453225810301057,human,0,0,0,0,0,0,0,0,0,0,0,0,0,0
2001040347229564995,2001026551585165747,human,0,0,0,0,0,0,0,0,0,0,0,0,0,0
1994582668109885502,1994559296835915829,human,0,0,0,0,0,0,0,0,0,0,0,0,0,0
2006171746324369809,2006156485395353613,human,0,0,0,0,1,0,0,0,0,0,1,0,0,0
2007910829895647585,2007891287912124761,human,0,0,0,0,0,0,0,0,0,0,0,0,0,0
2003828907661783426,2003755566787903980,human,0,0,0,0,0,0,0,0,0,0,0,0,0,0
1990443110594138183,1990280119282471091,human,0,0,0,0,0,0,0,0,0,0,1,0,0,0
2000930760186818871,2000732481939468632,human,0,0,0,0,0,0,0,0,0,0,0,0,0,0
1985811591556915630,1985050563407720666,human,0,0,0,0,0,0,0,0,0,0,0,0,0,0
1998045966952497270,1997859502255956078,human,0,0,0,0,0,0,0,0,0,0,1,0,0,0
1991941959670530449,1991831458277990810,human,0,0,0,0,0,0,0,0,0,0,1,0,0,0
1993393545294791096,1993188163104411825,human,0,0,0,0,0,0,0,0,0,0,0,0,0,0
2002820040375333218,2002807465088524766,human,0,0,0,0,0,0,0,1,0,0,0,0,1,0
1991938557997621354,1991831458277990810,human,0,0,0,0,0,0,0,0,0,0,0,0,0,0
1987869501442920735,1987369026180263999,human,0,0,0,0,0,0,0,0,0,0,0,0,1,0
1994996206309712001,1994748150825771266,human,0,0,0,0,0,0,0,0,0,0,0,0,0,0
2000600536933077478,2000562609049977196,human,0,0,0,0,0,0,0,0,0,0,0,0,0,1
2001727534845587458,2001451535859941564,human,0,0,0,0,0,0,0,0,0,0,0,0,0,0
1994891762591035692,1994796640688115947,human,0,0,1,0,0,0,0,0,0,0,0,0,0,0
1992577048787734953,1992546601139634674,human,0,0,0,0,0,0,0,0,0,0,0,0,0,0
1987284372568088676,1987043717077999927,human,0,0,0,0,0,0,0,0,0,0,0,0,0,0
1988287641704710308,1987212260993806801,human,0,0,0,0,0,0,0,0,0,0,0,0,0,0
2000166258298265752,1999881572103905351,human,0,0,0,0,0,0,0,0,0,0,0,0,0,0
1994858504700498374,1994539116449730687,human,0,0,0,0,0,0,0,0,0,0,0,0,0,0
1995372528349389156,1995323303305605522,human,0,0,0,0,0,0,0,0,0,0,0,0,0,0
1998097847535751346,1998057508674351164,human,0,0,0,0,0,0,0,0,0,0,0,0,0,1
2009979638517256378,2009963677815078916,human,0,1,0,0,0,1,0,0,0,1,1,0,0,0
2004709726215352406,2004321368456810808,human,0,0,0,0,0,0,0,0,0,0,0,0,0,0
2006902113629040989,2006881083607101710,human,0,0,1,0,0,0,0,0,0,0,0,0,0,0
1992584591870242820,1992338584595247390,human,0,0,0,0,0,0,0,0,0,0,0,0,0,0
1998926324707029292,1998779406932697208,human,0,0,0,0,0,0,0,0,0,0,0,0,0,0
1995576589434892764,1995466136096252215,human,0,0,0,0,0,0,0,0,0,1,0,0,0,0
2002532019419464090,2001672014487314829,human,0,0,0,0,0,0,0,0,0,0,0,0,0,0
1991187467500949873,1990576408377401828,human,0,0,0,0,0,0,0,0,0,0,1,0,0,1
1991188574914630048,1990846111074906183,human,0,0,0,0,0,0,0,0,0,0,1,0,0,0
1992316645076078845,1992252270009057469,human,0,0,0,0,0,0,0,0,0,0,1,0,0,1
1996284962098544968,1996187285180850482,human,0,0,0,0,0,0,0,0,0,0,1,0,0,1
2001296599356669972,2001198935201759735,human,0,0,0,0,0,0,0,0,0,0,1,0,0,0
2003060913285509224,2002980769535508828,human,0,0,0,0,0,0,0,0,0,0,1,0,0,1
2003062098000281733,2002960524166979864,human,0,0,0,0,0,0,0,0,0,0,1,0,0,0
2004168191690657826,2004052778927161579,human,0,0,0,0,1,0,0,0,0,0,1,0,0,0
2004266351477805313,2004230084413276417,human,0,0,0,1,0,0,0,0,0,0,1,0,0,1
2007346112760328546,2007128746084700168,human,0,0,0,0,0,0,0,0,0,0,1,0,0,0
1992637441044267419,1992474249618219097,human,0,0,0,0,0,0,0,0,0,0,1,0,0,0
2006008066089549883,2005899780795535587,human,0,0,1,0,0,1,0,0,0,0,0,0,0,0
1984864897956520422,1984707306786079171,human,0,0,0,0,0,0,0,0,0,0,0,1,0,0
1990515764328059182,1990387364720504893,human,0,0,0,0,0,0,0,0,0,0,0,0,0,0
2003512687372775687,2003475274608873791,human,0,0,0,0,0,0,0,0,0,0,1,0,0,0
1997941413846114536,1997875488212345092,human,0,0,0,0,0,1,0,0,0,0,0,0,0,0
1985776731974701121,1985591055773814851,human,0,0,0,0,0,0,0,0,0,0,0,0,0,0
1984492318787776788,1984457958776787274,human,0,0,0,0,0,0,0,0,0,0,0,0,0,0
2000293325891313942,2000136179292029102,human,0,0,0,0,0,0,0,0,0,0,1,0,0,0
1989106653749473653,1988921829709193655,human,0,0,0,0,0,0,0,0,0,0,0,0,0,0
1986099702064972247,1985852952859345235,human,0,0,0,0,0,0,0,0,0,0,0,0,0,0
1996439414617039140,1996311027651338690,human,0,0,1,0,0,0,0,0,0,0,0,0,0,0
2009401021441704033,2009345392182501756,human,0,0,1,0,0,0,0,0,0,0,0,0,0,0
1992714682948518074,1980042655565520906,human,0,0,0,0,0,0,0,0,0,0,1,0,0,0
1991136584763109517,1990038229127491719,human,0,0,0,0,0,0,0,0,0,0,0,0,0,0
1991192691627925651,1990081853856911678,human,0,0,0,0,0,0,0,0,0,0,0,0,0,0
1989744253593878888,1989354247054381132,human,0,0,0,0,0,0,0,0,0,0,0,0,0,0
1987548289000964109,1987539904608579859,human,0,0,0,0,0,1,0,0,0,0,0,0,0,0
1987643001405886638,1987212260993806801,human,1,0,0,0,0,0,0,0,0,0,0,1,0,0
1989352978709455037,1989196318397591710,human,0,0,0,0,0,0,0,0,0,0,1,0,0,0
1989429835199123905,1989230207451197915,human,0,0,0,0,0,0,0,0,0,0,0,0,0,0
1996231785269600337,1995608361367400940,human,0,0,0,0,0,0,0,0,0,0,0,0,0,0
2008045625091223737,2007935119110058478,human,0,0,0,0,0,0,0,0,0,0,0,1,0,0
1992031332021780911,1992006267112657002,human,0,0,0,0,0,0,0,0,0,0,0,0,0,0
1999899817175384407,1999436146481463317,human,0,0,0,0,0,0,0,0,0,0,0,0,0,0
1995656332876128630,1995589542045516075,human,0,0,0,0,0,0,0,0,0,0,0,0,0,0
1984846351927062601,1984790395918663818,human,0,0,0,0,0,0,0,0,0,0,0,0,0,0
1984724372607648220,1984564290662051897,human,0,0,0,0,0,0,0,0,1,0,0,0,0,0
2008061823308706145,2007620914498941347,human,0,0,0,0,1,0,0,0,0,0,0,0,0,0
1993313419932377099,1993177247822516587,human,0,0,0,0,0,0,0,0,0,0,0,0,0,0
1985866538935546158,1985620224364986498,human,0,0,1,0,0,0,0,0,0,0,0,0,0,0
1986165764865597577,1985864395021566334,human,0,0,0,0,0,0,0,0,0,0,0,0,0,0
1986172346533925135,1985967414979215402,human,0,0,0,0,0,0,0,0,0,0,0,0,0,0
1986952837809717448,1986525526568120783,human,0,0,0,0,0,0,0,0,0,0,0,0,0,0
1986973180582633534,1986691360556994938,human,0,0,0,0,0,0,0,0,0,0,0,0,0,0
1992030418586251701,1991650230270656762,human,0,0,0,0,0,0,0,0,0,0,0,0,0,0
1999663973671805005,1999266149457100940,human,0,0,0,0,0,0,0,0,0,0,0,0,0,0
1992442074289799266,1991874328213041197,human,0,0,0,0,0,0,0,0,0,0,1,0,0,0
1990131659463929972,1989315118358745148,human,0,0,0,0,0,0,0,0,0,0,0,0,0,0
1998187908734545948,1997841267628077284,human,0,0,0,0,0,0,0,0,0,0,0,0,0,0
1992602117647839720,1992286750664700342,human,0,0,0,0,0,0,0,0,0,0,0,0,0,0
2008629684469461299,2008280105466872158,human,0,0,0,0,1,0,0,0,0,0,0,0,0,0
1992479451418857845,1992332138264645781,human,0,0,0,0,0,0,0,0,0,0,1,0,0,0
2004383477031174302,2003151248049222087,human,0,0,0,0,0,0,0,0,0,0,0,0,0,0
1989800262383645075,1989699497534926925,human,0,0,0,0,0,0,0,0,0,0,0,0,0,0
1995377570909401418,1995298576436789640,human,0,0,0,0,0,0,0,0,0,0,0,0,0,0
1986940484187529347,1986528002914545971,human,0,0,0,0,0,0,0,0,0,0,0,0,0,0
1989828203280523690,1989749929334784497,human,0,0,0,0,0,0,0,0,0,0,0,0,0,0
1994168183285047324,1989315118358745148,human,0,0,0,0,0,0,0,0,0,0,0,0,0,0
1990472679254622301,1990425581997985969,human,0,0,0,0,0,0,0,0,0,0,0,0,0,0
1999808219578003560,1999534399843336429,human,0,0,0,0,0,0,0,0,0,1,0,0,0,0
2000127402349842929,1999639750907691081,human,0,0,0,0,0,0,0,0,0,0,0,0,0,0
2004049100052869317,2003236303689937369,human,0,0,0,0,0,0,0,0,0,0,0,0,0,0
1992615215746207959,1992546601139634674,human,0,0,0,0,0,0,0,0,0,0,0,0,0,0
1994017614662639731,1993923660701422059,human,0,0,0,0,0,0,0,0,0,0,1,0,0,0
1987653855358706001,1987589626408677809,human,0,0,0,0,0,0,0,0,0,0,1,0,0,0
2003290954296442918,2003154665043820559,human,0,0,0,0,0,0,0,0,0,0,1,0,0,0
1987789862204776506,1987212260993806801,human,0,0,0,0,0,0,0,0,0,0,0,0,0,0
2009215535070806472,2000761329939046459,human,0,0,1,0,0,1,0,0,0,0,0,0,0,0
1987924661020328394,1987660792326746499,human,0,0,0,0,0,0,0,0,0,1,0,0,0,0
2007847833643233705,2007357507992465722,human,0,0,0,0,0,0,0,0,0,0,0,0,0,0
1997937333958516779,1997731353190953262,human,0,0,0,0,0,0,0,0,0,0,0,0,0,0
1985885293333918169,1985715220103213258,human,0,0,0,0,0,0,0,0,0,0,0,0,0,0
1989293036623585410,1989283580204425332,human,0,0,0,0,0,0,0,0,0,0,0,0,0,0
1987328883197202734,1986916217798435148,human,0,0,0,0,0,0,0,0,0,0,0,0,0,0
1991260394254659737,1990494395813277897,human,0,0,0,0,0,0,0,0,0,0,0,0,0,0
1994851702151750000,1994628250660999509,human,0,0,0,0,0,0,0,0,0,0,1,0,0,0
1995676545969528848,1995589542045516075,human,0,0,0,0,0,0,0,0,0,0,1,0,0,0
2005622279997141426,2005299131187634596,human,0,0,0,0,0,0,0,0,0,0,0,0,0,0
1987261251295322465,1987006290837839979,human,0,0,0,0,0,0,0,0,0,0,0,0,0,0
1985914692754174251,1985743927006126277,human,0,0,0,0,0,0,0,0,0,0,0,0,0,0
1990917995925749944,1990859308473462806,human,0,0,1,0,0,0,0,0,0,0,0,0,0,0
1988781035476119858,1988420315656131070,human,0,0,0,0,0,0,0,0,0,0,1,0,0,0
1990232495087145269,1990038229127491719,human,0,0,0,0,0,0,0,0,0,0,0,0,0,0
1994098258914730311,1993985907939053704,human,0,0,0,0,0,0,0,0,0,0,0,0,0,0
1995935277743829364,1995772485493494264,human,0,0,0,0,0,0,0,0,0,0,0,0,0,0
2005715592603427033,2005570737109925964,human,0,0,1,0,0,0,0,0,0,0,0,0,0,0
1985189249499664659,1985050563407720666,human,0,0,0,0,0,0,0,0,0,0,1,0,0,0
1991013020399501394,1990905168095793537,human,0,0,1,0,0,0,0,0,0,0,0,0,0,0
1994810039664791602,1994526844314685778,human,0,0,0,0,0,0,1,0,0,0,0,0,0,0
2005932642638913560,2005899780795535587,human,0,0,0,0,0,0,0,0,0,0,0,0,0,0
1986133456368058820,1985952963278619062,human,0,0,0,0,0,0,0,0,0,0,0,0,0,0
1988144803696009217,1988069071607525569,human,0,0,0,0,0,0,0,0,0,0,0,0,0,0
1986043147143823868,1985966429276160154,human,0,0,0,0,0,0,0,0,0,0,1,0,0,0
1991189239162089596,1990957849372209235,human,0,0,0,0,0,0,0,0,0,0,0,0,0,0
2004956490424324389,2004770583989682389,human,0,0,0,0,0,0,0,0,0,0,0,0,1,0
1988581838349296099,1988514720005972197,human,0,0,0,0,0,0,0,0,0,0,0,0,0,0
2004367641419698273,2004225070408126580,human,0,0,0,0,0,0,0,0,0,0,0,0,1,0
2005111141601845324,2004966538257072318,human,0,0,0,0,0,0,0,0,0,0,0,1,0,0
2008399487434145953,2008327402213069111,human,0,0,0,0,0,0,0,0,0,0,0,0,0,0
2009995949569962126,2009710905643413736,human,0,0,1,0,0,0,0,0,0,0,0,0,0,0
1989303267856159206,1989270161296429087,human,0,0,0,0,0,0,0,0,0,0,0,1,0,0
1986776154880053308,1986475655262052378,human,0,0,0,0,0,0,0,0,0,0,0,0,0,0
1998427913251623411,1998383700866687475,human,0,0,0,0,0,0,0,0,0,0,0,0,0,0
1995648066473320647,1995431930637033783,human,0,0,0,0,0,0,0,0,0,0,0,0,0,0
1987399125831209009,1987010603714597082,human,0,0,0,0,0,0,0,0,0,0,0,0,0,0
1994605222979592337,1994500791823225318,human,0,0,0,0,0,0,0,0,0,0,0,0,0,1
1989074933759242459,1988796762069631123,human,0,0,0,0,0,0,0,0,0,0,0,0,0,0
2006928620695044112,2006914503292633391,human,0,0,0,0,0,0,0,0,0,0,0,0,0,0
2004969265607123072,2004780688311287818,human,0,0,1,0,0,0,0,0,0,0,0,0,0,0
2007444622629560330,2007398592152293598,human,0,0,0,0,0,0,0,0,0,0,0,0,0,0
2006339901340655871,2005957037067493516,human,0,0,0,0,0,0,0,0,0,0,0,0,0,0
2003826601918640539,2003755566787903980,human,0,0,1,0,0,0,0,0,0,0,0,0,0,0
2002886226261516411,2002871267326865507,human,0,0,0,0,0,0,0,0,0,0,0,0,0,0
