tweetId,topic,multimodal,op_followers_count,op_followers_count_jul2026
1959655760285081935,Health & Medicine,video,246662,256876
1962215119129325850,Science & Technology,image,115806,134703
1974393872567681079,Science & Technology,image,26973,27236
1977821721744040146,Conspiracy & Pseudoscience,video,3452,
1980042655565520906,Politics & Elections,text,406089,411853
1980961929494728712,Health & Medicine,image,603928,
1983378731474301242,Politics & Elections,image,110556,120103
1983458760589996235,Geopolitics & International Conflicts,text,117348,116590
1983601617619579339,Celebrity / Entertainment / Viral,image,,
1983885310200037506,Science & Technology,image,96523,99095
1983918247268270408,Health & Medicine,image,635070,629894
1983955840941113756,Conspiracy & Pseudoscience,video,150339,150312
1984023240524943392,Other / Miscellaneous,image,,
1984036373951545642,Celebrity / Entertainment / Viral,image,8415623,8848348
1984179787552735620,Science & Technology,video,438782,471003
1984183024288969010,Politics & Elections,image,407630,406484
1984237794160672936,AI generated content,video,107699,110262
1984245380738138448,Geopolitics & International Conflicts,image,1884911,2037805
1984281159346622889,Geopolitics & International Conflicts,image,1795610,2090152
1984282377099878636,Geopolitics & International Conflicts,text,257,289
1984335127661387831,Politics & Elections,image,27264,28471
1984345894477762985,Geopolitics & International Conflicts,image,258229,304971
1984370718361207056,Politics & Elections,text,495512,582933
1984371426258993466,Politics & Elections,video,112404,119332
1984373158036832660,Social/Cultural Issues,text,45327,47269
1984373940404318218,Social/Cultural Issues,text,12457,12101
1984391277656621199,Sports,text,73292,73571
1984425136809033894,Politics & Elections,video,,
1984445054010671526,Social/Cultural Issues,video,84307,90337
1984457722763624470,Sports,video,35141,35284
1984457958776787274,Sports,video,21446,22353
1984458032290394195,Geopolitics & International Conflicts,video,54790,63806
1984459581968556108,Social/Cultural Issues,video,,
1984464886236131628,Sports,video,7972,12411
1984466430553964545,Economy & Finance,text,2899174,2914541
1984511682262048855,AI generated content,video,1236185,1261872
1984532450492416482,Celebrity / Entertainment / Viral,video,43712,52340
1984564290662051897,Politics & Elections,image,382713,393086
1984628631126360533,Other / Miscellaneous,image,31631,31392
1984651611499876677,Health & Medicine,image,141216,144244
1984657921699910010,Conspiracy & Pseudoscience,image,763343,846513
1984662561623790028,Social/Cultural Issues,text,19564,
1984670182699053135,Celebrity / Entertainment / Viral,video,22571,27589
1984676390608818260,Politics & Elections,video,2283160,2307350
1984689144631800226,Social/Cultural Issues,text,28010,28255
1984691991855112619,Politics & Elections,text,2383,2654
1984697346329137572,Politics & Elections,image,336073,345959
1984697757467316562,Celebrity / Entertainment / Viral,text,107269,132584
1984699007541920159,Social/Cultural Issues,image,979,1240
1984707306786079171,Sports,image,17155,17545
1984713573864509593,Politics & Elections,text,270765,284075
1984725365290647899,Science & Technology,video,13109,28040
1984741263464137048,Politics & Elections,video,63438,75531
1984745537115930713,Politics & Elections,image,8162,9347
1984746554238881990,Politics & Elections,text,1852374,1851392
1984756548225192416,Social/Cultural Issues,image,91684,
1984758406779969831,Sports,image,4120,4467
1984773615192023523,Social/Cultural Issues,video,213330,247779
1984790395918663818,Sports,video,1176,4216
1984845909361050008,Social/Cultural Issues,image,887061,
1984921631416893891,Politics & Elections,image,31302,33891
1984939666714624178,Social/Cultural Issues,image,105558,153449
1984959886766285177,Politics & Elections,video,207800,267322
1984993104886165905,Geopolitics & International Conflicts,video,57205,
1985036807226937516,Social/Cultural Issues,image,53252,91158
1985045510219334044,Social/Cultural Issues,image,98821,
1985046460958978196,Politics & Elections,image,44294,50354
1985049595425271914,Conspiracy & Pseudoscience,video,170760,189785
1985050563407720666,Politics & Elections,text,57287,57141
1985060387910271023,Sports,video,13004,19414
1985066426026144042,Geopolitics & International Conflicts,image,155997,173203
1985079789057949883,Celebrity / Entertainment / Viral,image,37719,38892
1985083013667901607,Politics & Elections,image,2409112,2420321
1985098119458279672,Politics & Elections,text,524361,584481
1985107120254287874,Politics & Elections,image,346234,378153
1985107824020730333,Social/Cultural Issues,video,609680,702820
1985123505973690849,Politics & Elections,video,636174,772566
1985145058748739687,Politics & Elections,video,4472966,4470396
1985168804352069901,Economy & Finance,video,175717,258326
1985172792036536415,Celebrity / Entertainment / Viral,video,534875,567337
1985197996619743296,Conspiracy & Pseudoscience,video,6062947,6128640
1985203965319913898,Science & Technology,image,1160047,1231544
1985277430500643031,Science & Technology,image,802668,887252
1985281470609436692,Social/Cultural Issues,image,272657,335952
1985335799865573614,Geopolitics & International Conflicts,image,164299,203604
1985340076226924556,Science & Technology,text,,
1985342055598481851,Geopolitics & International Conflicts,text,,
1985364652977447298,Social/Cultural Issues,text,631,587
1985368837748093402,Health & Medicine,text,106679,112281
1985393423856107694,Social/Cultural Issues,video,124946,142922
1985402231483502631,Geopolitics & International Conflicts,video,9409,
1985412117814784418,AI generated content,image,,
1985424236794490946,Politics & Elections,text,139409,140631
1985447742739792289,Conspiracy & Pseudoscience,video,272021,277863
1985491786383454684,Celebrity / Entertainment / Viral,image,26025,30432
1985505916913951107,Social/Cultural Issues,video,7912,12016
1985530254425825752,Social/Cultural Issues,text,15187,
1985544438760759670,Economy & Finance,image,115701,
1985581423152312678,Health & Medicine,image,141220,144244
1985591055773814851,Other / Miscellaneous,image,3625306,4041836
1985620224364986498,Celebrity / Entertainment / Viral,image,1796,1703
1985634757833867603,Science & Technology,video,59766,82896
1985641890725671008,Economy & Finance,image,,
1985657541356110044,Geopolitics & International Conflicts,video,4240,3831
1985679827748143143,Geopolitics & International Conflicts,video,382293,389722
1985709161900868025,Politics & Elections,image,292420,309121
1985710526404661752,Politics & Elections,image,175222,216205
1985715220103213258,Geopolitics & International Conflicts,image,,
1985716345107829064,Politics & Elections,text,,
1985733159179489680,Conspiracy & Pseudoscience,video,98337,100491
1985733488717545540,Politics & Elections,image,109824,138392
1985743927006126277,Politics & Elections,image,82588,
1985746360411607190,Social/Cultural Issues,video,820973,
1985750550156062749,Politics & Elections,image,,
1985755256295452913,Celebrity / Entertainment / Viral,text,296994,298955
1985760796518039853,Politics & Elections,text,4628101,4759980
1985763752567001215,Politics & Elections,image,28529,
1985782640104939992,Politics & Elections,video,914642,1161535
1985783259327054239,Politics & Elections,image,1438200,1501867
1985785031890272439,Economy & Finance,video,1443066,1501867
1985786856798134747,Sports,text,184601,195880
1985799034687099331,Economy & Finance,image,208821,216907
1985815642981712378,Geopolitics & International Conflicts,image,22721,30635
1985831396791726352,Politics & Elections,text,121370,122258
1985833785808863371,Economy & Finance,text,711037,705832
1985846358885191698,AI generated content,video,11752,10958
1985848230714757285,Conspiracy & Pseudoscience,video,145349,
1985850026900218206,Sports,image,1456795,1538517
1985852952859345235,Politics & Elections,text,333756,353303
1985856130808234130,Geopolitics & International Conflicts,image,552673,610899
1985864395021566334,Politics & Elections,text,116423,118473
1985879925144924396,Other / Miscellaneous,image,1175,1314
1985888858773615020,Politics & Elections,text,498229,582933
1985907801961742466,Science & Technology,text,146324,145588
1985909974585766284,Social/Cultural Issues,text,419831,419995
1985951737488777377,Celebrity / Entertainment / Viral,video,256032,266167
1985952963278619062,Economy & Finance,text,366712,370511
1985966429276160154,Politics & Elections,image,152439,157573
1985967414979215402,Geopolitics & International Conflicts,video,,
1986038085302222852,Politics & Elections,text,836885,865675
1986042681701630316,Conspiracy & Pseudoscience,video,1155476,
1986048900680352196,Politics & Elections,text,915510,953105
1986074403268886988,Politics & Elections,image,51204,52118
1986088757305712685,Celebrity / Entertainment / Viral,image,2845,3949
1986119875992142286,Politics & Elections,image,259009,264848
1986132385511989502,Geopolitics & International Conflicts,video,92326,95057
1986150696434258217,Politics & Elections,image,409440,454450
1986168991157489993,Politics & Elections,video,208162,232070
1986219320645448147,Conspiracy & Pseudoscience,text,25581,32095
1986226854093848679,Politics & Elections,image,620877,702458
1986234873011662902,Politics & Elections,image,104668,162818
1986249676455137429,Geopolitics & International Conflicts,image,433951,447058
1986261101411962956,Social/Cultural Issues,image,80852,111067
1986325425338061200,Geopolitics & International Conflicts,video,179352,204764
1986355135887667677,Social/Cultural Issues,image,887061,906490
1986362046469099945,Science & Technology,image,34757,40789
1986397520902430817,Politics & Elections,image,,
1986403982613590206,Economy & Finance,image,353193,367132
1986408017957409109,Politics & Elections,image,182768,193177
1986426028990877701,Celebrity / Entertainment / Viral,image,821712,827272
1986443206322774411,Social/Cultural Issues,video,1299415,1391554
1986453225810301057,Politics & Elections,text,1045144,1062956
1986470743740194903,Celebrity / Entertainment / Viral,video,168564,213146
1986475655262052378,Geopolitics & International Conflicts,video,16585,
1986476714466111837,Politics & Elections,text,1490497,2143510
1986492803481018803,Politics & Elections,text,34917,37721
1986501361899323818,Geopolitics & International Conflicts,image,,
1986507411314659346,Social/Cultural Issues,image,36265,43575
1986508952662909168,Politics & Elections,video,711873,766848
1986509343328772348,Politics & Elections,video,1490571,2143510
1986520069204287914,Politics & Elections,video,209838,232070
1986525526568120783,Politics & Elections,image,166208,201999
1986528002914545971,Politics & Elections,text,231780,259652
1986538101431243213,Politics & Elections,video,100462,102383
1986570981578842509,Politics & Elections,text,36,38
1986602162559066452,Politics & Elections,video,710323,766848
1986665360171446321,Science & Technology,image,51116,55707
1986671981958418751,Politics & Elections,text,939314,944261
1986684861705322569,Other / Miscellaneous,video,62572,64514
1986691360556994938,Politics & Elections,text,19338,20397
1986709745961484462,Science & Technology,video,839232,841100
1986732362944676205,Social/Cultural Issues,image,272672,335952
1986775642449547576,Geopolitics & International Conflicts,video,1700680,1715308
1986777625629442137,Politics & Elections,text,29563,35446
1986801598946058577,Politics & Elections,video,31984,32124
1986817447396020437,Politics & Elections,text,994258,1011763
1986818424861855903,Science & Technology,video,820777,
1986827848330743964,Politics & Elections,image,3735560,5080994
1986887091473514780,Politics & Elections,image,35179,
1986893570004127836,Politics & Elections,image,151154,164123
1986893766775771632,Geopolitics & International Conflicts,video,595,625
1986896462907658347,Science & Technology,text,15255,17137
1986899114072711339,Social/Cultural Issues,video,98878,114425
1986905944555475164,Economy & Finance,text,58229,73329
1986916217798435148,Other / Miscellaneous,video,,
1986940422246056300,Celebrity / Entertainment / Viral,image,9383,
1986951005364506817,Economy & Finance,text,576121,583532
1986978781605601414,Politics & Elections,image,352647,351960
1986994343526170888,Politics & Elections,text,376572,399384
1986994724398637138,Geopolitics & International Conflicts,image,82514,126103
1986998192739946660,Geopolitics & International Conflicts,video,75699,
1987006290837839979,Celebrity / Entertainment / Viral,image,51049,48643
1987010603714597082,Politics & Elections,video,15932,16921
1987015962164396128,Social/Cultural Issues,video,169746,231833
1987021510452928880,Politics & Elections,video,1303930,1391554
1987039463025918004,Health & Medicine,text,24375,
1987043717077999927,Science & Technology,video,25610,27598
1987045794675892732,Politics & Elections,image,637554,638370
1987050524206837810,Other / Miscellaneous,image,150552,
1987079428976087494,Social/Cultural Issues,image,,
1987119426634694706,Politics & Elections,video,1103946,
1987120414565269913,Conspiracy & Pseudoscience,image,1401449,1479164
1987124793003434394,Social/Cultural Issues,video,36731,46504
1987131836636795297,Social/Cultural Issues,video,406590,421332
1987139033777250391,Politics & Elections,image,346541,378153
1987164565398749587,Science & Technology,image,90873,102849
1987168864958927261,Conspiracy & Pseudoscience,video,1725972,1736092
1987174337011650727,Geopolitics & International Conflicts,video,322475,339795
1987183437233758369,Social/Cultural Issues,image,425017,481570
1987187995779182760,Politics & Elections,video,121702,128648
1987201521449075132,Politics & Elections,image,324618,353783
1987203682505498848,Politics & Elections,video,7862,8161
1987204463170290103,Politics & Elections,text,77348,83410
1987212260993806801,Geopolitics & International Conflicts,image,51107,52118
1987219102205923826,Politics & Elections,video,423283,432000
1987233663281697247,Politics & Elections,image,1351708,1364891
1987238217096052827,Celebrity / Entertainment / Viral,video,252395,355094
1987262233458712848,Social/Cultural Issues,video,139759,
1987271129749463142,Geopolitics & International Conflicts,text,1700663,1722482
1987276862234456334,Conspiracy & Pseudoscience,text,67409,87637
1987282366155649445,Geopolitics & International Conflicts,video,90141,157372
1987299211365486614,Economy & Finance,text,9049,9626
1987303557071045019,Politics & Elections,video,172952,231833
1987330859809350052,Science & Technology,video,2111,2232
1987369026180263999,Politics & Elections,image,40220,56149
1987449045544309180,Politics & Elections,video,45103,
1987465515401637949,Social/Cultural Issues,video,75672,
1987478789966672304,Geopolitics & International Conflicts,image,31407,51288
1987504087340847601,Politics & Elections,video,90232,105559
1987521338525843631,Celebrity / Entertainment / Viral,image,5251,
1987536370118627796,Social/Cultural Issues,image,82186,83386
1987539904608579859,Politics & Elections,image,2716486,2974255
1987540970271809722,Social/Cultural Issues,text,56695,58202
1987545242065842368,Politics & Elections,image,,
1987557841830662654,Social/Cultural Issues,video,1155451,1175521
1987568818772717709,Politics & Elections,image,42727,45594
1987569453299912882,Politics & Elections,image,102876,110306
1987569879310803363,Conspiracy & Pseudoscience,image,315978,363699
1987573136255254576,Sports,text,218864,218029
1987576250790027467,Sports,image,25945,35254
1987589626408677809,Sports,image,25624,26251
1987590472622350664,Sports,image,12986,13268
1987599272531947661,Politics & Elections,image,43566,51268
1987620280420712576,Social/Cultural Issues,video,1155597,1175521
1987627574558622116,Sports,text,30096,30685
1987632414739358135,Politics & Elections,image,13728,
1987644379696435579,Politics & Elections,image,394754,
1987647306120966203,Politics & Elections,image,141139,153519
1987647365059117379,Social/Cultural Issues,video,820775,
1987660792326746499,Celebrity / Entertainment / Viral,image,198,245
1987675879049486560,Social/Cultural Issues,video,53271,
1987684499652854016,Social/Cultural Issues,image,4623727,4759980
1987717128934625644,Politics & Elections,image,4590,5675
1987737789270798498,Celebrity / Entertainment / Viral,video,8205,10064
1987777364202586141,Sports,image,15137,16124
1987858378069098622,Politics & Elections,text,,
1987859676734874074,Politics & Elections,image,3041,3538
1987864741491138649,Social/Cultural Issues,video,,
1987881598050566394,Politics & Elections,image,18293,
1987910161672114332,Politics & Elections,video,243957,334116
1987910682315042955,Conspiracy & Pseudoscience,video,45856,46097
1987925846506545580,Economy & Finance,image,10781,11038
1987928829357347143,Geopolitics & International Conflicts,text,,
1987932761030631837,Geopolitics & International Conflicts,image,20559,22958
1987943138497843571,Health & Medicine,text,,
1987945233553002778,Other / Miscellaneous,image,101206,99772
1988001797961904269,Politics & Elections,text,2208,2260
1988041452493172783,Celebrity / Entertainment / Viral,image,772612,804809
1988065200050671967,Politics & Elections,image,47583,58423
1988069071607525569,Social/Cultural Issues,text,2057808,2141610
1988069607052050646,Politics & Elections,video,254551,255936
1988080312308691035,Politics & Elections,image,28283,
1988087290233844059,Sports,video,,
1988185236421636251,Politics & Elections,video,285916,292296
1988214896039801345,Politics & Elections,image,59410,59838
1988223180956193063,Science & Technology,image,457154,482484
1988226126083133807,Other / Miscellaneous,video,6403193,6323857
1988233067501175234,Politics & Elections,text,156577,163983
1988239256003772670,Celebrity / Entertainment / Viral,video,3746723,5981172
1988239357992726978,Celebrity / Entertainment / Viral,video,1253799,1251919
1988251246977843283,Politics & Elections,image,1254228,1268108
1988253213414330708,Politics & Elections,text,95331,117541
1988264209902104794,Politics & Elections,text,47684,47628
1988272634723754106,Geopolitics & International Conflicts,video,980004,997680
1988281816642712028,Politics & Elections,image,121119,123099
1988309150275956974,Conspiracy & Pseudoscience,video,1149185,1175521
1988312595871527306,Social/Cultural Issues,video,321600,406731
1988320617352098207,Politics & Elections,image,14076,14099
1988332213717319864,Sports,image,45449,46156
1988342657840549949,Social/Cultural Issues,video,145793,141378
1988343017326223647,Politics & Elections,image,557289,
1988343457052848205,Celebrity / Entertainment / Viral,text,34865,36856
1988346364644757766,Politics & Elections,text,7612,
1988352075206398319,Politics & Elections,image,2454095,2498724
1988373799159656635,Politics & Elections,text,,
1988401381838123289,Social/Cultural Issues,video,123825,137659
1988420315656131070,Politics & Elections,image,,
1988436497088012476,Economy & Finance,video,693811,702031
1988446387466334516,Celebrity / Entertainment / Viral,image,11473,12835
1988452838834385214,Politics & Elections,text,373353,376942
1988475040921276749,Politics & Elections,video,285369,302707
1988483394825842983,Other / Miscellaneous,image,,
1988499142851674424,Celebrity / Entertainment / Viral,video,4125,8593
1988514720005972197,Economy & Finance,image,12664,12252
1988529003506847825,Conspiracy & Pseudoscience,video,1155475,1175521
1988557644521710026,Social/Cultural Issues,video,43138,65112
1988557704269643866,Geopolitics & International Conflicts,image,212525,244897
1988613820529746176,Sports,image,469686,488685
1988617007093158120,Economy & Finance,video,,
1988629476754801121,Social/Cultural Issues,video,131597,145584
1988639107761717663,Celebrity / Entertainment / Viral,image,,
1988639131258233307,Other / Miscellaneous,image,170017,171624
1988667993975644618,Politics & Elections,video,211332,210523
1988676183895245181,Politics & Elections,image,21037,24966
1988676948693020814,Economy & Finance,text,209838,232070
1988690820002898166,Politics & Elections,image,564728,634941
1988705021580702088,Economy & Finance,image,3735564,5080996
1988719123606417722,Celebrity / Entertainment / Viral,text,3277103,3419186
1988720836401066457,Other / Miscellaneous,video,149162,180969
1988727649364267348,Health & Medicine,text,382139,398586
1988734240679456775,Politics & Elections,video,413692,
1988738816363110716,AI generated content,video,,5389
1988752770497761532,Politics & Elections,video,319584,323603
1988792758497341829,Politics & Elections,image,5605,5862
1988796762069631123,Politics & Elections,image,84536,86481
1988838932407108000,Politics & Elections,image,5606,5862
1988856329713164773,Geopolitics & International Conflicts,image,11457110,11566329
1988860187151589847,Politics & Elections,image,103624,123172
1988903691865219213,Health & Medicine,video,232091,242774
1988921829709193655,Celebrity / Entertainment / Viral,video,821721,827272
1988927853342388700,Politics & Elections,video,313793,309263
1988938432878354509,Health & Medicine,video,237875,243825
1988938435504353484,Social/Cultural Issues,video,90841,
1988939159357235418,Social/Cultural Issues,video,11494,14248
1988957905295655337,Politics & Elections,text,9282,12605
1988965069573497208,Social/Cultural Issues,video,1929124,2030250
1988967633153310845,Politics & Elections,image,111575,122747
1988974813432738183,Politics & Elections,text,2958482,3204180
1988977921088974905,Celebrity / Entertainment / Viral,image,4965,
1988978659445895446,Politics & Elections,image,705820,763818
1989009112097566866,Social/Cultural Issues,text,33974,33446
1989016768937955466,Health & Medicine,image,561417,554930
1989028802589323325,Science & Technology,image,457150,482484
1989033636155236742,Economy & Finance,image,168205,226263
1989037321497538885,Politics & Elections,video,1446875,1595852
1989038372958904792,Politics & Elections,text,699562,739743
1989042966845853947,Celebrity / Entertainment / Viral,image,74697,
1989066115281305951,Social/Cultural Issues,image,523250,
1989097762223452609,Social/Cultural Issues,video,622522,620025
1989100069275177286,Celebrity / Entertainment / Viral,video,30220,28359
1989100233926844497,Geopolitics & International Conflicts,video,122199,128648
1989125742257664383,Social/Cultural Issues,image,97829,
1989160179708084437,Celebrity / Entertainment / Viral,text,35186,35284
1989196318397591710,Politics & Elections,image,259905,304971
1989205611909951678,Other / Miscellaneous,text,48318,48526
1989228590190456973,Geopolitics & International Conflicts,text,54321,169180
1989230207451197915,Politics & Elections,video,494524,582933
1989270161296429087,Economy & Finance,image,80598,89793
1989271391175319873,Conspiracy & Pseudoscience,video,2355296,2361555
1989283580204425332,Politics & Elections,text,3191925,3320960
1989288954089394380,Economy & Finance,image,336499,345707
1989293068722266566,AI generated content,video,336442,
1989293822614917209,Conspiracy & Pseudoscience,video,250955,294045
1989315118358745148,Geopolitics & International Conflicts,text,26005,27803
1989319322313822491,Politics & Elections,image,121985,138473
1989321989320798640,Economy & Finance,text,1172669,1775967
1989345763135213971,Conspiracy & Pseudoscience,video,,
1989354247054381132,Geopolitics & International Conflicts,image,562165,595052
1989367457954607138,Economy & Finance,text,,
1989389266259251578,Politics & Elections,image,1685988,1758764
1989390636198633936,Politics & Elections,image,,
1989401918863810774,Sports,image,9,7
1989437140418130098,Social/Cultural Issues,text,3357,3369
1989438386843914522,Geopolitics & International Conflicts,video,35335,42033
1989440177090302084,Politics & Elections,text,7872630,8895998
1989448515165327634,Geopolitics & International Conflicts,text,2273541,2284113
1989457104005206036,Science & Technology,video,5653,8584
1989505091230208481,Science & Technology,video,,
1989527625845391560,Social/Cultural Issues,image,766,749
1989530910841295234,Geopolitics & International Conflicts,text,3941,4058
1989539912312336640,Politics & Elections,text,419656,428508
1989551172256956598,AI generated content,video,104005,128910
1989579511441019265,Sports,text,3711,4103
1989621990756413517,Celebrity / Entertainment / Viral,image,38607,38081
1989638578062987648,Politics & Elections,image,494524,582933
1989650567019598248,Politics & Elections,text,1755,1627
1989681619146281286,Celebrity / Entertainment / Viral,video,641317,666942
1989683744945340589,AI generated content,video,38278,61036
1989699497534926925,Celebrity / Entertainment / Viral,image,57445,
1989707838579732894,Celebrity / Entertainment / Viral,video,101262,106824
1989713752204185742,Social/Cultural Issues,video,,
1989718030356811873,Politics & Elections,image,451440,449542
1989725064971882771,Economy & Finance,image,,
1989728852235444504,Social/Cultural Issues,video,,
1989730717933174819,Politics & Elections,image,84029,134169
1989733854366896145,Economy & Finance,image,10631,11513
1989749929334784497,Celebrity / Entertainment / Viral,text,36235,47388
1989752770950295932,Geopolitics & International Conflicts,image,886011,901092
1989755354670838043,Politics & Elections,image,518275,547854
1989758080314478727,Politics & Elections,text,400589,407120
1989770876943044979,Science & Technology,video,448915,482610
1989774950513652001,Science & Technology,video,586548,595205
1989779460565209509,Social/Cultural Issues,text,826,847
1989801481256726638,Politics & Elections,video,55663,54476
1989803898509693275,Conspiracy & Pseudoscience,video,1304012,1391554
1989806178243670309,Politics & Elections,video,10614,12927
1989823475331002522,Other / Miscellaneous,image,,
1989824419636949320,Politics & Elections,text,18342,19146
1989829738483900845,Science & Technology,text,15657,15863
1989834247872680239,Politics & Elections,image,2616,2911
1989852157441409533,Politics & Elections,text,5005,5051
1989856498445353364,Social/Cultural Issues,image,25390,28273
1989860562096791747,Conspiracy & Pseudoscience,image,124956,160096
1989872296555938082,Politics & Elections,video,451522,593226
1989876625459351960,Social/Cultural Issues,video,431608,421857
1989877119032463823,Science & Technology,image,357371,460591
1989879974170693757,Celebrity / Entertainment / Viral,image,19712,28660
1989904590305988749,Celebrity / Entertainment / Viral,image,19712,28660
1989917965094203891,Science & Technology,video,2399499,2487796
1990037470231109971,Other / Miscellaneous,image,,
1990038229127491719,Social/Cultural Issues,image,77523,138679
1990053500693463184,Social/Cultural Issues,video,74566,84753
1990060599527813464,Geopolitics & International Conflicts,image,150150,173203
1990063213258412160,Social/Cultural Issues,text,5174,5201
1990067720155447479,Economy & Finance,video,171560,190870
1990069171044974806,Conspiracy & Pseudoscience,text,245154,256191
1990081853856911678,Social/Cultural Issues,text,100470,108587
1990096789085802708,Social/Cultural Issues,video,1329788,1361711
1990106370650046907,Economy & Finance,text,2461835,3207622
1990108811160350901,Politics & Elections,text,4472969,4470396
1990131367187759121,Politics & Elections,image,265296,287803
1990158203569746195,Geopolitics & International Conflicts,text,88072,115618
1990161251872223448,Politics & Elections,text,35815,39321
1990192559369707724,Social/Cultural Issues,image,78138,83968
1990198888175939691,Sports,video,712,777
1990225780455145960,Geopolitics & International Conflicts,image,12399,17594
1990229021364519102,Economy & Finance,text,1067834,1820384
1990253726477766848,Health & Medicine,text,2208,2260
1990261462741475337,Politics & Elections,video,50499,57778
1990280119282471091,Politics & Elections,image,27532,35004
1990286835088834588,Politics & Elections,image,47443,
1990312633916928380,Geopolitics & International Conflicts,image,4395720,4559767
1990329057771442478,Economy & Finance,image,419182,429649
1990372080131690891,Geopolitics & International Conflicts,video,382302,389722
1990374563943952814,Social/Cultural Issues,image,,
1990376938238791687,Conspiracy & Pseudoscience,video,93572,
1990383678682456084,Geopolitics & International Conflicts,video,702262,873553
1990387364720504893,Social/Cultural Issues,text,669245,683047
1990406689795760323,Other / Miscellaneous,image,3747409,5981170
1990417262491173263,Health & Medicine,text,561415,554930
1990421523706843544,Social/Cultural Issues,text,56485,59609
1990423146327859432,Social/Cultural Issues,text,92178,
1990425581997985969,Politics & Elections,text,1830032,1952188
1990426869187916076,Politics & Elections,image,129054,170141
1990429231206019224,Celebrity / Entertainment / Viral,image,370889,379584
1990430954666504377,Celebrity / Entertainment / Viral,video,25797,34157
1990432079679512595,Politics & Elections,text,1277596,1276121
1990449713414611366,Social/Cultural Issues,video,84025,134169
1990453926013907014,Celebrity / Entertainment / Viral,video,571254,623560
1990454469482459409,Geopolitics & International Conflicts,text,48475,75789
1990460064331935997,Politics & Elections,image,189564,190950
1990466852628123699,Politics & Elections,video,600002,598837
1990494395813277897,Politics & Elections,image,13544,13398
1990544321737810420,Geopolitics & International Conflicts,text,349135,393628
1990549271905730863,Politics & Elections,video,209841,232070
1990553627157823797,Politics & Elections,image,231495,259652
1990558854443372598,Celebrity / Entertainment / Viral,video,,5389
1990576408377401828,Celebrity / Entertainment / Viral,video,485074,509660
1990615296923873740,Politics & Elections,image,258229,304971
1990622776449696246,Politics & Elections,image,259910,304971
1990648863754256521,Geopolitics & International Conflicts,image,86711,101160
1990659600606228514,AI generated content,video,1462585,1516812
1990662605590130751,Science & Technology,video,448920,482610
1990668980126953633,Politics & Elections,video,504,2062
1990674832485233051,Other / Miscellaneous,image,1143,
1990693518793220430,Social/Cultural Issues,image,131107,137411
1990715101893013724,Geopolitics & International Conflicts,video,346023,376612
1990744196375065194,Geopolitics & International Conflicts,image,299827,332981
1990799837336367288,Celebrity / Entertainment / Viral,text,317067,315429
1990806831493533942,Geopolitics & International Conflicts,video,6058,6293
1990809389872075155,Politics & Elections,image,19490,50470
1990822359750881314,Other / Miscellaneous,video,316227,321640
1990832584721338737,Social/Cultural Issues,video,153854,181635
1990839147414581656,Sports,image,798494,828110
1990846111074906183,Celebrity / Entertainment / Viral,image,,
1990857364686451171,Sports,image,102054,100005
1990859185966465187,Politics & Elections,text,,
1990859308473462806,Celebrity / Entertainment / Viral,image,212565,297720
1990864842169987299,Politics & Elections,video,1401265,1479164
1990884400767127949,Celebrity / Entertainment / Viral,image,309559,318476
1990891195669594127,Geopolitics & International Conflicts,image,7366147,7415496
1990898983917543859,Celebrity / Entertainment / Viral,video,,
1990905168095793537,Social/Cultural Issues,text,52,75
1990907998789636123,Sports,text,1888,1869
1990917853462077729,Celebrity / Entertainment / Viral,text,59749,62914
1990939616988590157,Politics & Elections,text,619521,619366
1990957849372209235,Science & Technology,image,27531,35004
1990981896914751704,Celebrity / Entertainment / Viral,video,20039,34119
1991027394514202758,Celebrity / Entertainment / Viral,image,644617,656756
1991086285855805453,Social/Cultural Issues,video,29597,36503
1991114236555383117,Geopolitics & International Conflicts,video,244424,250440
1991114610380771619,Geopolitics & International Conflicts,video,1601290,1989719
1991123357987680702,Health & Medicine,video,121347,148134
1991129617017540729,Geopolitics & International Conflicts,video,755484,803535
1991129820344775099,Science & Technology,image,287022,339894
1991134891291930660,Science & Technology,video,220350,220327
1991141320744677590,AI generated content,video,,
1991151576980079075,Politics & Elections,video,592255,
1991160032570827100,Social/Cultural Issues,video,252471,
1991193502630199537,AI generated content,video,1205894,1194778
1991195731839836459,AI generated content,image,,
1991220081443901919,Politics & Elections,text,359117,365973
1991226888904208758,Politics & Elections,image,209023,219174
1991231332488270030,Social/Cultural Issues,video,130466,136049
1991258040679399618,Politics & Elections,text,1074327,1820384
1991266332877152414,Celebrity / Entertainment / Viral,text,30051,30722
1991273429446603153,Social/Cultural Issues,text,18591,21475
1991276993623781724,Politics & Elections,video,,
1991277807964680225,Celebrity / Entertainment / Viral,video,186205,219571
1991282425406562532,Politics & Elections,text,2795789,2811056
1991293785003712874,Science & Technology,video,67877,83720
1991372086716113333,Social/Cultural Issues,image,80844,111067
1991383284690080070,Politics & Elections,video,2228489,2240708
1991397362049380500,Celebrity / Entertainment / Viral,video,173789,
1991434674045088169,Geopolitics & International Conflicts,video,473752,
1991467365276528959,Politics & Elections,video,172942,231833
1991471750354436355,Social/Cultural Issues,text,944,2304
1991478705970114588,Politics & Elections,video,914550,1161535
1991485074332872871,Other / Miscellaneous,video,257240,266166
1991497968289997094,Conspiracy & Pseudoscience,video,258313,355094
1991498269290295368,Social/Cultural Issues,video,60207,
1991505555496792146,Geopolitics & International Conflicts,video,1601284,1989719
1991507054801088755,Science & Technology,video,91691,75288
1991512977711784363,Geopolitics & International Conflicts,image,176147,219023
1991515283975180350,Economy & Finance,image,207212,232070
1991522085403783287,Geopolitics & International Conflicts,video,,
1991538959542046881,Politics & Elections,video,109652,110663
1991541660757684636,Health & Medicine,text,279679,281339
1991547994886307979,Conspiracy & Pseudoscience,image,37410,38924
1991560227171312115,Social/Cultural Issues,image,56945,56808
1991567063307915342,Economy & Finance,image,25113,25366
1991571635741290606,Social/Cultural Issues,image,14475,14542
1991574641929056516,AI generated content,video,28376,31751
1991575608711868786,Geopolitics & International Conflicts,video,234334,236140
1991576680956117123,Social/Cultural Issues,text,19309102,19326244
1991582760847499492,Social/Cultural Issues,text,2925949,3003195
1991592759271256142,Politics & Elections,text,437023,453679
1991599014270365829,Health & Medicine,text,104560,107209
1991605623964987552,Politics & Elections,video,634849,653462
1991631330191503589,Politics & Elections,video,58801,81922
1991636720278745344,Geopolitics & International Conflicts,image,914607,1161535
1991650230270656762,Politics & Elections,image,2481,2356
1991665361863999667,Social/Cultural Issues,image,56320,65337
1991700724456255578,Politics & Elections,text,241367,256028
1991711749977043314,Sports,video,193972,229300
1991778612891250971,Conspiracy & Pseudoscience,video,1155476,1175521
1991779355505328263,Politics & Elections,text,733687,739237
1991790093552783437,Social/Cultural Issues,image,7442,7522
1991790357370261694,AI generated content,video,860815,888825
1991808184626098294,Economy & Finance,image,330388,334530
1991816957122031757,Economy & Finance,image,67958,81055
1991821351834005994,Geopolitics & International Conflicts,video,6578,7814
1991823990403338723,Social/Cultural Issues,image,19310634,19326244
1991825618980503795,Social/Cultural Issues,image,1880693,2037805
1991831458277990810,Geopolitics & International Conflicts,text,502193,546294
1991831700767396310,Politics & Elections,image,1683744,1758764
1991845033168019625,Geopolitics & International Conflicts,image,8000,8649
1991849832957227105,Conspiracy & Pseudoscience,video,1155486,1175521
1991854783838425215,AI generated content,image,30077,41584
1991858295116894367,Social/Cultural Issues,image,13531,14280
1991860416310603975,Social/Cultural Issues,video,,
1991863814908973348,Economy & Finance,text,304738,304933
1991874328213041197,Conspiracy & Pseudoscience,video,1155599,1175521
1991876856195535227,Conspiracy & Pseudoscience,video,184767,251036
1991881061341843572,AI generated content,video,45383,
1991891827583324298,Politics & Elections,image,104930,109680
1991895993466683764,Economy & Finance,video,131216,131635
1991911800296919081,Celebrity / Entertainment / Viral,video,375069,371575
1991916515806048360,AI generated content,image,,
1991945750486614366,Geopolitics & International Conflicts,image,3183,12492
1991959126134632958,Social/Cultural Issues,video,237233,240405
1991964050511794256,AI generated content,video,,
1992004078898172232,Social/Cultural Issues,image,177864,188354
1992006267112657002,AI generated content,text,64269,76633
1992015024261599559,Politics & Elections,image,47685,55452
1992035477860589731,Celebrity / Entertainment / Viral,video,18369,41892
1992043016685535618,Politics & Elections,text,1683048,1758764
1992084430752809227,Politics & Elections,image,259910,304971
1992107088034795917,Celebrity / Entertainment / Viral,video,17486,22479
1992114908037841209,Other / Miscellaneous,image,23317,
1992150467674288217,Celebrity / Entertainment / Viral,video,30850,42309
1992160721241792930,Social/Cultural Issues,text,78877,88672
1992186300569387022,Other / Miscellaneous,image,73212,76573
1992207789909819878,Geopolitics & International Conflicts,text,252308,274292
1992209189247320548,Social/Cultural Issues,image,4059,
1992225341616853357,Geopolitics & International Conflicts,text,88605,93540
1992234205116551356,Geopolitics & International Conflicts,video,305110,339329
1992247035576389928,Social/Cultural Issues,video,56525,
1992252270009057469,AI generated content,video,24552,24859
1992260266298327310,Geopolitics & International Conflicts,text,1252179,1276824
1992262673149591661,Economy & Finance,image,101098,116943
1992266868951069151,Economy & Finance,text,,
1992286750664700342,Geopolitics & International Conflicts,video,5309,5414
1992291850045001916,Economy & Finance,text,318283,1673219
1992300221456642379,Social/Cultural Issues,text,,
1992332138264645781,Politics & Elections,text,471306,489651
1992338584595247390,Geopolitics & International Conflicts,image,26339,26473
1992348553906426268,Science & Technology,image,1125366,1129391
1992377007460753581,Economy & Finance,image,17797,17984
1992380912395579503,Conspiracy & Pseudoscience,video,1155470,1175521
1992383685040169234,Conspiracy & Pseudoscience,video,2353504,2361555
1992391271969943776,Social/Cultural Issues,text,56695,58202
1992397358555091006,AI generated content,video,257862,290509
1992404104313016499,Politics & Elections,image,40638,39514
1992404634342993925,Politics & Elections,image,233245,259652
1992417156433318310,Social/Cultural Issues,image,10773,
1992428973268287762,Social/Cultural Issues,image,240551,256934
1992435341899518119,Politics & Elections,image,421413,422978
1992474249618219097,Economy & Finance,image,849503,1190462
1992484150818009429,Other / Miscellaneous,video,180598,197822
1992511378578723168,Conspiracy & Pseudoscience,image,1155524,1175521
1992546601139634674,Politics & Elections,image,,
1992547371016696155,Celebrity / Entertainment / Viral,image,131096,132758
1992553582302834777,Economy & Finance,image,76773,90698
1992554494434164898,Conspiracy & Pseudoscience,video,354721,363382
1992572116198170633,Celebrity / Entertainment / Viral,video,336445,
1992579312067961022,Politics & Elections,image,102156,110306
1992590502013940140,Geopolitics & International Conflicts,image,562168,595052
1992592751515619425,Geopolitics & International Conflicts,video,432,390
1992600489813565550,Geopolitics & International Conflicts,image,760035,803535
1992601874092929152,Politics & Elections,image,102868,110306
1992648495023710622,Politics & Elections,image,,
1992651119517192620,Geopolitics & International Conflicts,image,551357,610899
1992666413081989525,Geopolitics & International Conflicts,text,49117,52842
1992675783442067888,Conspiracy & Pseudoscience,video,83151,120229
1992709191430201621,Celebrity / Entertainment / Viral,video,72778,
1992723284258173200,Conspiracy & Pseudoscience,video,183456,195970
1992743603299668152,Social/Cultural Issues,video,281714,330502
1992796049753436501,Celebrity / Entertainment / Viral,video,,
1992828545320587756,Celebrity / Entertainment / Viral,video,1754,5309
1992884297951277246,Health & Medicine,video,208113,263100
1992885850938745326,Social/Cultural Issues,video,1520626,1545206
1992909043946656149,Other / Miscellaneous,image,,
1992915801398247854,Celebrity / Entertainment / Viral,video,315124,324307
1992919160054259885,Sports,image,15056,25855
1992934553795829862,Geopolitics & International Conflicts,image,31715,51288
1992977826455425395,Social/Cultural Issues,video,194425,205142
1993016837777637459,Conspiracy & Pseudoscience,video,1155476,1175521
1993068077240725676,Politics & Elections,image,240550,256934
1993078048292508146,Politics & Elections,video,58800,81922
1993100192837489111,Geopolitics & International Conflicts,video,,
1993100758959476862,Politics & Elections,image,209838,232070
1993104541571858667,Politics & Elections,text,637550,638370
1993130649667158467,Politics & Elections,text,20147,21633
1993132277585289591,AI generated content,image,,
1993141235545260482,Social/Cultural Issues,image,667647,
1993149553198112911,Social/Cultural Issues,video,7445,8021
1993156887597269316,Other / Miscellaneous,image,72184,
1993177247822516587,Celebrity / Entertainment / Viral,image,,
1993188163104411825,Other / Miscellaneous,video,1725015,1736092
1993201909721972856,Science & Technology,image,1391653,1429971
1993224790803693948,Politics & Elections,image,22022,60741
1993265476185506111,Geopolitics & International Conflicts,video,,
1993668305069154638,Politics & Elections,text,1881,1612
1993684046115914138,Conspiracy & Pseudoscience,image,180571,176073
1993688441763102944,Social/Cultural Issues,text,4418,4756
1993715891931095325,Health & Medicine,image,115816,134703
1993735402587291694,Economy & Finance,text,337414,345255
1993744525433647301,Sports,image,,
1993785377111593045,Geopolitics & International Conflicts,text,78878,88672
1993785536428007747,Social/Cultural Issues,text,104695,135080
1993798920108192097,Politics & Elections,image,10304,12051
1993855055175250219,Celebrity / Entertainment / Viral,image,8397119,8848348
1993864708005515398,Politics & Elections,image,4122161,4146775
1993871767178199208,Geopolitics & International Conflicts,image,233231,259652
1993882940636582372,Other / Miscellaneous,image,,
1993897582725353977,Celebrity / Entertainment / Viral,image,,
1993902763173138724,Politics & Elections,video,160354,152766
1993916890029150513,Economy & Finance,image,15235,15798
1993921468804263983,Health & Medicine,image,101639,106571
1993923660701422059,Social/Cultural Issues,video,470627,509660
1993933140210118747,Celebrity / Entertainment / Viral,video,,
1993953277478908059,Politics & Elections,video,498245,582933
1993960297690959974,Social/Cultural Issues,text,889178,906490
1993971361119916169,Sports,text,9492,11384
1993974466938892581,Celebrity / Entertainment / Viral,video,56643,65677
1993985907939053704,Social/Cultural Issues,image,480449,478736
1994013425437909073,Geopolitics & International Conflicts,video,464,398
1994066307453506031,Politics & Elections,image,81157,134169
1994070702735954069,Politics & Elections,image,102876,110306
1994109618411172003,Economy & Finance,text,1724973,1736092
1994122730287898659,Celebrity / Entertainment / Viral,video,336100,
1994256577218633928,Politics & Elections,text,278166,368182
1994352199514681594,Geopolitics & International Conflicts,video,242342,242693
1994466398249054563,Politics & Elections,image,123460,125913
1994481322434465878,Other / Miscellaneous,image,27484,29667
1994500791823225318,Celebrity / Entertainment / Viral,image,276129,310168
1994511619901034764,Sports,video,1750,3604
1994526844314685778,Economy & Finance,image,4282590,4282197
1994527330711343321,Politics & Elections,image,508640,524462
1994539116449730687,Politics & Elections,image,166243,201999
1994543362981171452,Politics & Elections,text,1277596,1276121
1994559296835915829,Social/Cultural Issues,video,1299433,1391554
1994580435452792897,Celebrity / Entertainment / Viral,image,478,463
1994620878223479266,Geopolitics & International Conflicts,text,477209,498144
1994628250660999509,Health & Medicine,image,,
1994635593276690631,Celebrity / Entertainment / Viral,video,2174,2996
1994646860774903810,Geopolitics & International Conflicts,image,35375,35040
1994649877872349475,Celebrity / Entertainment / Viral,image,41298,40988
1994654075338854791,Sports,video,8796,22753
1994662664023224640,Social/Cultural Issues,video,4059717,4002430
1994681485811757372,Celebrity / Entertainment / Viral,image,292829,296585
1994708413788688719,Geopolitics & International Conflicts,image,21328,
1994717414991229105,Sports,image,17534,19814
1994748150825771266,Celebrity / Entertainment / Viral,video,,
1994753342417850590,Politics & Elections,video,37743,55940
1994796640688115947,Geopolitics & International Conflicts,text,225875,245084
1994816373537870053,Conspiracy & Pseudoscience,video,115411,185227
1994819620520579553,Social/Cultural Issues,video,271714,335952
1994821659564368276,Politics & Elections,video,632468,772566
1994834265343762742,Science & Technology,video,220309,220327
1994862380833280504,Politics & Elections,video,1671475,1691415
1994883484658102287,Geopolitics & International Conflicts,image,88328,
1994885891098382706,Social/Cultural Issues,text,1090,1283
1994944574784246162,Sports,text,24293,25456
1994948582978499059,Sports,text,35805,39315
1994975721832476742,Celebrity / Entertainment / Viral,image,,
1995014910271697028,Geopolitics & International Conflicts,image,48208,
1995016951010414921,AI generated content,video,18771,21560
1995036032522490310,Geopolitics & International Conflicts,video,755493,803535
1995043384424313205,Science & Technology,video,5284405,5800281
1995095463670829264,Economy & Finance,image,1086121,1113125
1995113520237531301,Celebrity / Entertainment / Viral,video,215076,247780
1995132641251627505,Politics & Elections,video,75980,75450
1995136037593776449,Celebrity / Entertainment / Viral,video,,
1995173541143363963,Politics & Elections,image,355680,392699
1995214834590519523,Politics & Elections,video,292436,300262
1995233963506598116,Sports,image,16605,17137
1995256187374198915,AI generated content,video,347949,378153
1995257791112708283,Geopolitics & International Conflicts,video,114637,115544
1995298576436789640,AI generated content,text,87241,127316
1995305702513098994,Celebrity / Entertainment / Viral,video,210426,219514
1995312577040294244,Conspiracy & Pseudoscience,video,2353526,2361555
1995323303305605522,Celebrity / Entertainment / Viral,video,914990,918052
1995335630029463840,Science & Technology,text,4754,6545
1995339009804193877,Social/Cultural Issues,video,,
1995367254209495402,Celebrity / Entertainment / Viral,video,4060949,4348859
1995377311236133070,Celebrity / Entertainment / Viral,video,194199,221367
1995410923960635800,Social/Cultural Issues,video,271714,335952
1995431930637033783,Social/Cultural Issues,video,150815,188674
1995459325863584052,Social/Cultural Issues,video,129758,146165
1995466136096252215,Geopolitics & International Conflicts,video,,
1995479684293779516,Conspiracy & Pseudoscience,video,19873,23140
1995481750772834450,Conspiracy & Pseudoscience,video,215087,247780
1995487740671238516,Other / Miscellaneous,text,,
1995497378208698529,Politics & Elections,text,35342,41773
1995503070151602565,Geopolitics & International Conflicts,text,177114,186663
1995506417688862944,Celebrity / Entertainment / Viral,video,310672,321634
1995523289050140691,Geopolitics & International Conflicts,image,317716,327186
1995555073200361795,Economy & Finance,text,14136,15485
1995589542045516075,Sports,text,30135,30685
1995608361367400940,Health & Medicine,text,630692,632549
1995614487626518753,Politics & Elections,text,519229,547854
1995642199481127143,Politics & Elections,video,247218,317897
1995650074270204409,Sports,image,9472,20152
1995663406737879294,Conspiracy & Pseudoscience,video,74985,
1995665751240311258,Social/Cultural Issues,image,20002,31930
1995670502548144413,Celebrity / Entertainment / Viral,image,2319339,2288446
1995675027325550872,Sports,text,362140,374541
1995732515923927289,Celebrity / Entertainment / Viral,image,13929,
1995734284636745782,Celebrity / Entertainment / Viral,video,409,407
1995740180511424947,AI generated content,image,60907,60856
1995747245858185571,Politics & Elections,video,260970,335623
1995772485493494264,Social/Cultural Issues,image,40559,48498
1995792547550298478,Social/Cultural Issues,image,68876,79409
1995810221109715091,Other / Miscellaneous,image,150321,153408
1995813976664371516,AI generated content,video,336445,
1995827394096365806,Health & Medicine,image,122516,122741
1995830079822463046,Health & Medicine,video,348573,377781
1995838184400486516,AI generated content,video,103203,105956
1995842091256332800,Politics & Elections,image,914586,1161535
1995845525028176307,Politics & Elections,text,882193,966553
1995854578420724103,Celebrity / Entertainment / Viral,video,1762,1627
1995892820163658065,Health & Medicine,image,250392,253711
1995898181779853748,Sports,image,343796,351519
1995904277999747496,Conspiracy & Pseudoscience,video,123126,178227
1995937784532746510,Politics & Elections,video,1443054,1501867
1995939460803166291,Politics & Elections,text,2573483,2725002
1995958618328629431,Sports,image,8106,8112
1995964165303988245,Geopolitics & International Conflicts,video,,
1995997361223725354,AI generated content,video,281709,330502
1996020707080503805,Social/Cultural Issues,video,135501,142515
1996031327427322229,Science & Technology,image,151030,219684
1996034289662919121,Geopolitics & International Conflicts,video,,
1996037567431762228,Politics & Elections,video,180401,178714
1996044022469853479,Politics & Elections,text,1118158,1134352
1996055537088344548,Celebrity / Entertainment / Viral,video,2194,3063
1996068379078414662,Politics & Elections,video,20814,21325
1996104977857892735,Economy & Finance,image,532761,523593
1996140830625804530,Social/Cultural Issues,image,72961,
1996187285180850482,Geopolitics & International Conflicts,video,128135,
1996187727721865517,Economy & Finance,image,21323,21042
1996189535559151812,Health & Medicine,image,1125366,1129391
1996216349518164199,Social/Cultural Issues,text,2095722,2296008
1996217381761270020,Social/Cultural Issues,image,407484,462559
1996273709016117619,Politics & Elections,video,185869,182188
1996282032465555518,Celebrity / Entertainment / Viral,image,216707,221723
1996282858952892751,Sports,image,1534109,1733647
1996311027651338690,Economy & Finance,text,38863,40619
1996339410581786875,Health & Medicine,image,1479319,1541206
1996459757998424210,Economy & Finance,video,233214,259652
1996460807480390067,Social/Cultural Issues,image,275696,335952
1996483384390934734,Politics & Elections,text,,
1996514879373705642,Celebrity / Entertainment / Viral,video,215286,222648
1996587234334831004,Conspiracy & Pseudoscience,video,108055,113250
1996590656207351848,Social/Cultural Issues,video,26730,37854
1996600957774274919,Geopolitics & International Conflicts,text,943207,1388628
1996606110673818040,Geopolitics & International Conflicts,video,38289,41147
1996612078015000894,Politics & Elections,text,409757,398103
1996612254825865400,Politics & Elections,text,409755,398103
1996627296502141094,Health & Medicine,image,35350,38310
1996660309084590112,Other / Miscellaneous,video,17143,20506
1996660339489100050,Social/Cultural Issues,video,4623928,4759980
1996672641059692922,Celebrity / Entertainment / Viral,video,37557,
1996677915136954417,Politics & Elections,image,12355,
1996693541553139858,Sports,video,189804,221814
1996714620284031407,Politics & Elections,video,98943,114425
1996731249130422758,Politics & Elections,image,907587,1161535
1996732217272553515,Sports,image,286721,319614
1996734981570445778,Politics & Elections,text,241301,246973
1996749284876615682,Social/Cultural Issues,video,310671,321634
1996765032504242352,Social/Cultural Issues,video,504823,516389
1996776164619125188,Sports,video,45155,45701
1996784574995820738,Celebrity / Entertainment / Viral,video,159259,177918
1996788548696264769,Celebrity / Entertainment / Viral,image,11605,13795
1996798101936656517,Celebrity / Entertainment / Viral,image,,
1996806302883062128,Celebrity / Entertainment / Viral,image,8674,9584
1996810923118678374,Science & Technology,text,22086,23985
1996814513761562759,Politics & Elections,text,7130,7712
1996823202660864197,Geopolitics & International Conflicts,video,430974,450280
1996827690788368655,Celebrity / Entertainment / Viral,video,275207,328005
1996831133414363186,Social/Cultural Issues,video,271701,335952
1996845051415351659,Social/Cultural Issues,video,43228,65112
1996852793294938125,Geopolitics & International Conflicts,video,6063140,6128640
1996853584642654356,Sports,text,20680,
1996884940307194315,Celebrity / Entertainment / Viral,video,336471,
1996890271330730483,Geopolitics & International Conflicts,video,115691,121480
1996917036212244569,Health & Medicine,text,,
1996945036572086500,Geopolitics & International Conflicts,text,15998,15455
1996957936766050494,Sports,image,18306,19760
1996996340874674275,Health & Medicine,image,385370,466736
1997043553923420668,Social/Cultural Issues,text,2798560,2860979
1997057678099513452,Celebrity / Entertainment / Viral,image,234511,244728
1997119243956244789,Health & Medicine,video,18602,30116
1997124464287330535,Politics & Elections,image,16212,18763
1997124841032634388,Sports,image,2316,
1997125505200582703,Social/Cultural Issues,video,,
1997134762818129971,Politics & Elections,image,2731108,2974256
1997139507502796874,Geopolitics & International Conflicts,image,212542,244897
1997146911959404616,Other / Miscellaneous,video,448804,482610
1997168537794945175,Politics & Elections,video,215079,247780
1997182736549978439,Social/Cultural Issues,video,53403,
1997196381455335632,Celebrity / Entertainment / Viral,video,864067,846009
1997217246037631336,Conspiracy & Pseudoscience,video,98907,101849
1997217671327502716,Celebrity / Entertainment / Viral,video,216629,236330
1997222602964623653,Geopolitics & International Conflicts,video,272641,335952
1997232054627344420,Sports,image,1537666,1733647
1997235466807214405,Geopolitics & International Conflicts,image,38186,40750
1997244848508981536,Celebrity / Entertainment / Viral,image,63933,63701
1997269249300005292,Celebrity / Entertainment / Viral,image,8544,8729
1997300416703524958,Celebrity / Entertainment / Viral,video,2081,2308
1997301630010585188,Social/Cultural Issues,video,,
1997307358893027470,Celebrity / Entertainment / Viral,video,37162,42601
1997318307691508194,Celebrity / Entertainment / Viral,video,,
1997338296125452655,Celebrity / Entertainment / Viral,video,336445,
1997345298000036101,Other / Miscellaneous,image,6403199,6323857
1997366516463947934,AI generated content,video,77265,82892
1997369294150365622,Conspiracy & Pseudoscience,text,52230,56647
1997379182943486320,Other / Miscellaneous,text,52230,56647
1997397107553026101,Other / Miscellaneous,image,,
1997399573820568026,Politics & Elections,text,6912,8404
1997410772121522233,Sports,image,16217,18985
1997469133101814065,Politics & Elections,video,83074,120229
1997564215104786801,Social/Cultural Issues,text,,
1997564385926295631,Social/Cultural Issues,image,275697,335952
1997632974628479243,Celebrity / Entertainment / Viral,image,20741,21603
1997636721513468244,Health & Medicine,text,746,692
1997640389432340618,Sports,image,452239,456184
1997696702917300356,Politics & Elections,image,5275482,5238825
1997717689159360954,Sports,image,2328,2296
1997731353190953262,Sports,image,2147709,2133251
1997740177670963207,Health & Medicine,text,101642,106571
1997743185678725157,Celebrity / Entertainment / Viral,image,9950009,10303828
1997752601379807648,Science & Technology,image,357319,460591
1997761810749874513,Politics & Elections,text,181220,181282
1997767531474321544,AI generated content,video,94672,127697
1997778732313153566,Celebrity / Entertainment / Viral,image,4970,6128
1997810282006269988,Celebrity / Entertainment / Viral,video,280575,339406
1997841267628077284,Conspiracy & Pseudoscience,video,34448,38881
1997846574387560618,Geopolitics & International Conflicts,image,1726,
1997859502255956078,Sports,image,737675,757495
1997875488212345092,Politics & Elections,video,169728,201999
1997877481378820206,Geopolitics & International Conflicts,image,10450,12321
1997940011883438214,Celebrity / Entertainment / Viral,image,15116,19801
1997958058585321484,Social/Cultural Issues,text,,
1997976548956069906,Celebrity / Entertainment / Viral,image,63931,63701
1997993906894422275,Sports,image,271,340
1997995139994911092,AI generated content,video,9722,
1998003712464441626,Celebrity / Entertainment / Viral,image,3212,4428
1998050038082359322,Politics & Elections,image,35346,38861
1998057508674351164,Politics & Elections,video,57854,
1998058947581001948,Sports,video,21517,22856
1998074269545157004,Politics & Elections,video,37706,43901
1998099287889351050,Sports,image,1537686,1733647
1998117617505374493,Health & Medicine,text,95798,100501
1998120395652694502,Celebrity / Entertainment / Viral,video,17670,21286
1998143900461285854,Politics & Elections,video,,
1998146188839919943,Celebrity / Entertainment / Viral,video,20121,19116
1998158915758870768,Geopolitics & International Conflicts,video,257933,290509
1998178697942331859,Health & Medicine,text,4030592,4072075
1998225781370315205,Politics & Elections,image,511636,524462
1998302276629475585,Science & Technology,video,78043,79166
1998337258483490865,Other / Miscellaneous,video,,
1998347694922768506,Health & Medicine,video,837964,841100
1998366776313422224,Politics & Elections,video,1080365,1097638
1998383700866687475,Geopolitics & International Conflicts,video,1058583,1118282
1998399537107333244,Conspiracy & Pseudoscience,video,255631,355094
1998400704537403638,Sports,video,22393,22543
1998419540422930655,Science & Technology,video,62159,82896
1998440572214804785,Politics & Elections,video,111211,135280
1998443347095203887,Politics & Elections,image,521857,584481
1998449008147124482,Sports,image,37969,
1998450068295393552,Social/Cultural Issues,video,,
1998456029193879744,Social/Cultural Issues,video,593937,594996
1998462597922783544,Health & Medicine,video,209658,263100
1998474545968349678,Sports,image,18935,
1998475504383565991,Science & Technology,image,416184,557647
1998504578262945999,Sports,text,15790,16053
1998523668348154266,Science & Technology,video,357007,460591
1998537864032797145,Politics & Elections,text,40974,44136
1998553979828195495,AI generated content,video,14588,
1998562017377136974,Science & Technology,video,357319,460591
1998572479934271720,Social/Cultural Issues,video,826497,822265
1998587540794732627,Celebrity / Entertainment / Viral,video,,
1998628475222331762,Celebrity / Entertainment / Viral,video,6925,7817
1998679205517603083,Economy & Finance,text,49123,49172
1998718105808249233,Social/Cultural Issues,image,80265,138679
1998724512574222792,Geopolitics & International Conflicts,video,3627842,3856056
1998771592348971522,Social/Cultural Issues,video,20148,25407
1998778738176077833,Social/Cultural Issues,video,,
1998779406932697208,Science & Technology,text,2316,2686
1998787332401766429,Sports,video,73636,74111
1998794259659456965,Politics & Elections,text,683435,685223
1998800437039018113,Social/Cultural Issues,image,692081,817255
1998809357497332176,Politics & Elections,text,1514844,2068563
1998838301696962787,Politics & Elections,text,6724255,6839503
1998856748506185932,Social/Cultural Issues,video,426038,470688
1998876786684473567,Sports,video,35805,39315
1998879143187128564,Social/Cultural Issues,text,3308585,3290683
1998906369337172202,Celebrity / Entertainment / Viral,video,15092,
1998908069586284995,Conspiracy & Pseudoscience,text,495302,498148
1998912018850656622,Geopolitics & International Conflicts,video,331086,329971
1998946200503128493,Geopolitics & International Conflicts,video,46958,
1998951200285450246,Sports,image,810,818
1998956007423455688,Health & Medicine,video,1401254,1479164
1998958751878099008,Sports,image,122951,124148
1998984900272398418,Science & Technology,video,27466,
1999040961763266807,AI generated content,video,636178,772566
1999064913155633547,Conspiracy & Pseudoscience,video,839218,841100
1999072675419795915,Social/Cultural Issues,video,660280,683047
1999108156061089848,Sports,text,32577,32202
1999158281030267391,AI generated content,video,246682,256876
1999158318032666708,Science & Technology,image,357047,460591
1999161532937015367,Geopolitics & International Conflicts,image,79770,
1999172991360598078,Celebrity / Entertainment / Viral,video,351067,363309
1999208409111949607,Science & Technology,video,1513167,2175778
1999224229938839940,Social/Cultural Issues,text,,
1999251484391981511,Conspiracy & Pseudoscience,text,318,294
1999266149457100940,Politics & Elections,image,20468,22122
1999279510689317242,Politics & Elections,text,195957,219259
1999280674470015189,Celebrity / Entertainment / Viral,image,17527,19814
1999284819881238642,Politics & Elections,text,53500,71299
1999285804288635054,Politics & Elections,text,129707,124091
1999307806319739195,Politics & Elections,text,304358,322405
1999323445855686900,Geopolitics & International Conflicts,video,286737,364726
1999342443125174603,Economy & Finance,video,,
1999388527591661954,Celebrity / Entertainment / Viral,video,336442,
1999397468811805141,Other / Miscellaneous,video,336475,
1999409878981320907,Conspiracy & Pseudoscience,video,1155568,1175521
1999420467396940025,Health & Medicine,video,209659,263100
1999436146481463317,Health & Medicine,video,209637,263100
1999465312966836305,Other / Miscellaneous,image,424097,557647
1999469875144823222,Sports,video,345695,346492
1999499688882639244,Other / Miscellaneous,video,,
1999501545121906985,Social/Cultural Issues,video,51723,
1999516609971650766,AI generated content,video,26196,
1999534399843336429,Conspiracy & Pseudoscience,video,54941,
1999547059049840787,AI generated content,video,168400,167305
1999558733488357817,Other / Miscellaneous,video,20235,19116
1999576316467622251,Social/Cultural Issues,image,6162,6466
1999609742998798776,Geopolitics & International Conflicts,text,,
1999615958240100570,Celebrity / Entertainment / Viral,image,28350,55395
1999639750907691081,Conspiracy & Pseudoscience,image,407635,406484
1999651966046343296,Politics & Elections,text,285520,292521
1999659571317469497,Politics & Elections,video,112067,142208
1999771015233392877,AI generated content,video,98037,100491
1999783928886911474,AI generated content,video,336062,
1999797003786531260,Health & Medicine,image,233140,
1999800341181956344,Celebrity / Entertainment / Viral,image,2638,
1999881572103905351,Geopolitics & International Conflicts,video,55074,100615
1999884689675596282,Social/Cultural Issues,video,6552,14160
1999896141757108342,AI generated content,video,281758,330502
1999898065109745852,Health & Medicine,video,452751,485641
1999921240744902673,Conspiracy & Pseudoscience,video,476524,
1999964115729867235,Social/Cultural Issues,video,1555491,2175779
1999999737379143950,Health & Medicine,image,115807,134703
2000016226291188179,Social/Cultural Issues,video,38187,
2000027557899735125,Politics & Elections,image,44851,48517
2000055182051401823,Social/Cultural Issues,image,171195,
2000058321487777835,Celebrity / Entertainment / Viral,text,5942,
2000072998603399649,Politics & Elections,video,79770,
2000105280387035220,Sports,text,12634,13576
2000133870012842067,Geopolitics & International Conflicts,video,12711,12595
2000136179292029102,Geopolitics & International Conflicts,video,223597,
2000145996505051624,Social/Cultural Issues,video,3011,
2000152080334397489,Health & Medicine,video,839206,841100
2000155774576910401,Geopolitics & International Conflicts,image,317163,390011
2000156725714866626,Politics & Elections,image,45648,44922
2000168676201558487,Social/Cultural Issues,image,14739,15160
2000174542283850124,Social/Cultural Issues,image,61984,66119
2000175099077599562,Geopolitics & International Conflicts,video,,
2000180602713047480,Geopolitics & International Conflicts,video,378969,426089
2000188768859603060,Geopolitics & International Conflicts,video,3011,
2000200165353783736,Geopolitics & International Conflicts,image,3320,3330
2000211988601860512,Geopolitics & International Conflicts,video,1683744,1758764
2000228545914667184,Geopolitics & International Conflicts,text,7873935,8896001
2000336052981289452,Geopolitics & International Conflicts,video,74634,81579
2000449395159105662,Celebrity / Entertainment / Viral,image,45925,
2000453167956602973,Politics & Elections,image,498229,582933
2000474376475742675,Geopolitics & International Conflicts,image,56831,58202
2000487081672602092,Geopolitics & International Conflicts,video,21739,29635
2000509614480343428,Geopolitics & International Conflicts,text,16445,27031
2000519349946265859,Social/Cultural Issues,video,193859,225268
2000520147694669932,Social/Cultural Issues,text,5747,6976
2000520335834353760,Geopolitics & International Conflicts,video,1699,1832
2000521382262951939,Social/Cultural Issues,text,5747,6976
2000521804712919426,Social/Cultural Issues,video,763349,846513
2000524076616503771,Social/Cultural Issues,video,9369,10325
2000524950512214055,Geopolitics & International Conflicts,video,508264,542701
2000539932218061305,Social/Cultural Issues,video,433892,447059
2000562609049977196,Geopolitics & International Conflicts,image,1009390,1640406
2000572920976785444,Health & Medicine,video,171740,189785
2000578552354218242,Conspiracy & Pseudoscience,video,108508,116591
2000579345438380194,Health & Medicine,video,1303931,1391554
2000583071058247918,Social/Cultural Issues,video,201001,
2000583478971351203,AI generated content,video,317061,390011
2000597915140813002,Health & Medicine,video,18327,30054
2000612727086067983,Social/Cultural Issues,text,56486,59609
2000628552035635248,Geopolitics & International Conflicts,video,923791,1050048
2000644529360109749,Geopolitics & International Conflicts,video,2943,4496
2000650407878787341,Geopolitics & International Conflicts,video,5112,6776
2000668211197464996,AI generated content,video,237990,247387
2000674944649216466,Politics & Elections,video,114807,126581
2000691281358410122,Geopolitics & International Conflicts,image,155986,173203
2000732481939468632,Social/Cultural Issues,text,188438,190431
2000761329939046459,Science & Technology,image,505375,645234
2000762248080580958,Celebrity / Entertainment / Viral,video,2257860,2279815
2000820685615321438,Geopolitics & International Conflicts,video,,
2000837335550976303,Politics & Elections,image,43879,
2000896298237534477,Conspiracy & Pseudoscience,image,86399,88826
2000906255289008314,Politics & Elections,video,292419,309121
2000912528730145171,Sports,image,25945,35254
2000924951566803299,Celebrity / Entertainment / Viral,video,19198,18552
2000927253052711237,Social/Cultural Issues,image,21610,21161
2000949322246951011,Celebrity / Entertainment / Viral,video,1498332,1515337
2000987471945912610,AI generated content,video,75744,105414
2000991287680565557,Social/Cultural Issues,image,37227,44501
2000995376581505451,Social/Cultural Issues,text,83151,120229
2001007430877241399,Politics & Elections,video,710922,766848
2001025645267005547,Social/Cultural Issues,image,83151,120229
2001026551585165747,Geopolitics & International Conflicts,image,91313,113465
2001048492559503670,Politics & Elections,image,136529,153885
2001062164237574246,Politics & Elections,image,81147,134169
2001069017834926247,Geopolitics & International Conflicts,image,79764,
2001074004845875268,Economy & Finance,text,435121,553762
2001082745288638621,AI generated content,video,42302,47046
2001124652119417024,AI generated content,video,212062,415212
2001145858218451135,Social/Cultural Issues,image,551353,610899
2001152947733066231,Health & Medicine,video,38927,40492
2001183219199377764,Politics & Elections,image,252539,270634
2001184152591249801,Celebrity / Entertainment / Viral,video,24421,36072
2001198935201759735,Politics & Elections,video,592529,593373
2001256018827993460,Geopolitics & International Conflicts,video,382168,389722
2001285243610042492,Geopolitics & International Conflicts,image,,
2001288006800494627,Celebrity / Entertainment / Viral,video,139949,191710
2001308905352351974,Geopolitics & International Conflicts,video,1695432,1715308
2001314233061970088,Celebrity / Entertainment / Viral,video,4060954,4348859
2001329037998948357,Politics & Elections,video,92753,112721
2001337939234824368,Science & Technology,video,2384,2488
2001338375643554213,AI generated content,video,336062,
2001353420809089086,Social/Cultural Issues,video,820780,
2001376912359477708,Science & Technology,text,124277,124467
2001394259748888728,Social/Cultural Issues,image,209838,232070
2001408323309178966,Science & Technology,image,196189,198798
2001411128383914187,Geopolitics & International Conflicts,video,141487,166648
2001433377325359126,Conspiracy & Pseudoscience,image,83629,179023
2001436900905693648,Social/Cultural Issues,video,60840,61850
2001451535859941564,Social/Cultural Issues,video,100829,
2001501901385265631,Social/Cultural Issues,text,,
2001522835357925793,Conspiracy & Pseudoscience,image,304215,318283
2001535860466991237,Conspiracy & Pseudoscience,video,23995,27035
2001572518680010891,Social/Cultural Issues,video,43615,44690
2001582965512626415,Geopolitics & International Conflicts,video,768170,798146
2001603470928068705,Politics & Elections,image,14197,14555
2001605299384521129,Celebrity / Entertainment / Viral,image,794253,1040804
2001610023588470926,Politics & Elections,image,35318,40598
2001623747246395401,Geopolitics & International Conflicts,image,759929,803535
2001626016838803692,Health & Medicine,image,41646,41090
2001647553700598239,Conspiracy & Pseudoscience,video,111094,124866
2001648319274324085,Geopolitics & International Conflicts,image,1009522,1640406
2001649204142444781,Celebrity / Entertainment / Viral,image,222682,223477
2001649522238501365,AI generated content,video,210838,296281
2001672014487314829,Politics & Elections,text,2241,2217
2001676812586299780,Social/Cultural Issues,text,25464,26228
2001690590355099723,Celebrity / Entertainment / Viral,image,2191,
2001699232840114394,Economy & Finance,text,1388494,1401325
2001709714997154045,Geopolitics & International Conflicts,video,823,
2001717497461117074,Sports,image,644604,656756
2001722044266717566,Celebrity / Entertainment / Viral,image,7208,
2001730351144595921,Economy & Finance,text,56621,55914
2001769227271725409,Geopolitics & International Conflicts,video,3012,4496
2001790446918418842,Politics & Elections,video,254540,256373
2001818917095063847,Politics & Elections,video,2208,2260
2001838978996302163,Geopolitics & International Conflicts,video,255952,301307
2001857541517775082,Conspiracy & Pseudoscience,video,74984,
2001867913737966074,Social/Cultural Issues,video,23144,28857
2001883349472940218,Sports,video,33808,35133
2001903915017851041,Celebrity / Entertainment / Viral,video,73520,
2001964634291785735,Politics & Elections,text,290450,290314
2002026189326893408,Politics & Elections,video,103960,153180
2002036816501776631,Science & Technology,image,1242,1403
2002047328660910360,Geopolitics & International Conflicts,video,14342,
2002068966198686173,Sports,text,12209,13683
2002125427939422413,Economy & Finance,image,694369,696654
2002129260472119559,Celebrity / Entertainment / Viral,image,4495,43075
2002134344337424623,Politics & Elections,video,1700805,1715308
2002137242983375043,Celebrity / Entertainment / Viral,image,1397844,1479164
2002138538620715199,Science & Technology,image,356995,460591
2002152361452834866,Celebrity / Entertainment / Viral,image,93805,94396
2002181219652673899,Economy & Finance,text,330215,329287
2002223981542453628,Health & Medicine,video,3143,
2002258231687578001,Celebrity / Entertainment / Viral,video,2566934,2566964
2002282878860669413,AI generated content,video,336106,358015
2002308962440433717,Geopolitics & International Conflicts,image,82511,126103
2002310525963907540,Geopolitics & International Conflicts,image,17182,28503
2002324368224129343,Politics & Elections,video,13582,13439
2002329490262012414,AI generated content,video,39347,57355
2002363414773944720,Politics & Elections,video,4058771,4002430
2002400533353804289,Politics & Elections,video,670,1343
2002415154395517317,Celebrity / Entertainment / Viral,image,331086,329971
2002429781049241712,Geopolitics & International Conflicts,image,433892,447059
2002438853723107608,Geopolitics & International Conflicts,image,3629953,3856056
2002439077254344763,Other / Miscellaneous,video,47741,71663
2002463367395688594,Other / Miscellaneous,image,162144,168194
2002468283501719853,Geopolitics & International Conflicts,video,3013,4496
2002496078684529023,AI generated content,video,14737,
2002497624344244359,Sports,image,737676,757495
2002511449126810017,Celebrity / Entertainment / Viral,video,16170,27220
2002541734337925472,Politics & Elections,image,167906,165103
2002549045567553553,Celebrity / Entertainment / Viral,image,265089,
2002580987172315583,Social/Cultural Issues,video,641280,666942
2002599800362184730,Social/Cultural Issues,video,3348118,3524500
2002633400126222487,Social/Cultural Issues,video,336725,347267
2002638374856011820,Geopolitics & International Conflicts,video,3010,4496
2002644317287166369,Other / Miscellaneous,video,2924433,2912451
2002681756533801331,Geopolitics & International Conflicts,video,,
2002690782051147966,Celebrity / Entertainment / Viral,image,,
2002697982811181131,AI generated content,video,12984,13938
2002698381333000663,Geopolitics & International Conflicts,image,37321,39030
2002699333553041415,Celebrity / Entertainment / Viral,image,274261,276751
2002718852816498734,Politics & Elections,text,110653,112945
2002751895736402181,Politics & Elections,image,76975,138679
2002762426492596311,Geopolitics & International Conflicts,video,34172,58057
2002783056458141859,Politics & Elections,video,7801,8040
2002784945010319710,Celebrity / Entertainment / Viral,text,4367,6080
2002807465088524766,Politics & Elections,image,520125,527615
2002813579251368379,Social/Cultural Issues,video,115093,
2002854715462430986,Politics & Elections,text,850008,880308
2002863653058715930,Social/Cultural Issues,text,206010,223170
2002871267326865507,Celebrity / Entertainment / Viral,video,335848,596270
2002875344697933924,Economy & Finance,image,38196,42027
2002907981139353713,Politics & Elections,text,213034,247780
2002911504543396034,AI generated content,video,10203,
2002959783364534418,Science & Technology,image,62153,82896
2002960524166979864,Geopolitics & International Conflicts,image,6442,6430
2002980769535508828,Other / Miscellaneous,video,75131,
2002982014413336823,Geopolitics & International Conflicts,video,31865,34854
2003019459892789293,Other / Miscellaneous,image,,
2003045498161356899,Politics & Elections,image,84456,88058
2003067944629366869,Sports,image,191933,229300
2003072387290747314,AI generated content,video,,
2003112135002370223,Politics & Elections,video,17593,28265
2003151248049222087,Celebrity / Entertainment / Viral,image,18769,20852
2003154665043820559,AI generated content,video,8830,8950
2003178058187178095,Social/Cultural Issues,video,25596,56670
2003193307346915543,Politics & Elections,image,615404,638099
2003195084196708657,Social/Cultural Issues,video,636142,772566
2003196090456375491,Social/Cultural Issues,video,53927,107478
2003215953363145152,Conspiracy & Pseudoscience,text,744794,743384
2003219875523965245,Geopolitics & International Conflicts,text,1881935,2037805
2003228434584195416,Social/Cultural Issues,video,,
2003236303689937369,Geopolitics & International Conflicts,image,17818,28019
2003254628142780631,Sports,text,5840,6017
2003262760017350845,Social/Cultural Issues,video,580496,594075
2003281825171423628,Geopolitics & International Conflicts,text,39317,56842
2003314624817688942,Geopolitics & International Conflicts,image,120299,140393
2003329283889201325,Conspiracy & Pseudoscience,image,2413452,2487796
2003343367162462672,Sports,image,23599,25272
2003351334536512001,Social/Cultural Issues,text,,
2003405687582523772,Geopolitics & International Conflicts,video,,14829
2003475274608873791,Conspiracy & Pseudoscience,video,252438,355094
2003479692683227418,Politics & Elections,image,118067,137381
2003500259679650185,Social/Cultural Issues,video,,
2003510916130963487,Social/Cultural Issues,video,64447,104436
2003511118803660959,Economy & Finance,image,470355,468303
2003519739717722383,Social/Cultural Issues,video,82027,90259
2003535091625275687,Geopolitics & International Conflicts,image,135783,
2003541516963447151,Social/Cultural Issues,video,,
2003563088608657886,Sports,image,144855,152463
2003573280280838653,Sports,image,38350,39534
2003648722388025684,Social/Cultural Issues,video,128148,175240
2003649129210347829,AI generated content,video,4306,4280
2003671146076742056,Geopolitics & International Conflicts,video,215109,247780
2003692845400752348,Social/Cultural Issues,video,15407,20560
2003705080340426824,Politics & Elections,image,141735,140283
2003728387676995950,Social/Cultural Issues,video,213034,247780
2003733551704060273,Geopolitics & International Conflicts,image,,
2003755566787903980,Celebrity / Entertainment / Viral,image,1004,1660
2003772605468406140,Politics & Elections,image,104349,105182
2003774762229924187,AI generated content,video,204252,
2003800308800209297,Celebrity / Entertainment / Viral,video,80495,96169
2003804750614274201,Social/Cultural Issues,text,561417,554930
2003824356984828188,Conspiracy & Pseudoscience,video,168354,213146
2003828942395052114,Geopolitics & International Conflicts,video,214614,244811
2003837927663849970,Politics & Elections,image,,
2003843990114963946,Geopolitics & International Conflicts,video,,
2003852010031120800,Celebrity / Entertainment / Viral,video,62082,86727
2003884513836126341,Politics & Elections,text,4967653,5057393
2003902655593316547,Conspiracy & Pseudoscience,video,1668908,1691415
2003918729965662337,Politics & Elections,video,438269,471003
2003933669782880659,Economy & Finance,image,704861,1033823
2003965117567033807,Other / Miscellaneous,video,10999,12168
2004015729436406067,Celebrity / Entertainment / Viral,video,2331,
2004040637201764707,Other / Miscellaneous,text,1894725,2432851
2004041259296735274,Sports,text,,4630
2004052778927161579,Social/Cultural Issues,video,23371,31418
2004060777209278561,Social/Cultural Issues,image,293294,338985
2004154803447079109,Geopolitics & International Conflicts,text,82753,87418
2004159512253812864,Geopolitics & International Conflicts,video,134037,206291
2004175545068933371,Celebrity / Entertainment / Viral,image,,
2004213084077142065,Geopolitics & International Conflicts,video,76980,138679
2004215195225542833,AI generated content,image,209834,232070
2004225070408126580,Social/Cultural Issues,video,104288,153180
2004230084413276417,Social/Cultural Issues,video,394750,
2004254169570726258,Social/Cultural Issues,video,449291,557230
2004275766130016684,Celebrity / Entertainment / Viral,video,3052,
2004284512654823450,Science & Technology,text,349338,340875
2004285326135857523,Celebrity / Entertainment / Viral,video,5347,7215
2004311121445245318,Geopolitics & International Conflicts,image,144905,150752
2004321368456810808,Geopolitics & International Conflicts,image,96225,100956
2004357388854288633,Politics & Elections,video,271697,312015
2004373242287653055,Social/Cultural Issues,video,451658,
2004383823908557151,Celebrity / Entertainment / Viral,video,6414,8657
2004391059993120953,Sports,video,94371,97425
2004415656108994958,Social/Cultural Issues,image,26025,30432
2004418942027420092,Geopolitics & International Conflicts,image,136079,183228
2004454633339855029,Conspiracy & Pseudoscience,video,107376,135100
2004457064530153517,Celebrity / Entertainment / Viral,video,336063,
2004506787072917993,Geopolitics & International Conflicts,video,59697,
2004536830667133049,Geopolitics & International Conflicts,image,231327,257139
2004553446553534497,Social/Cultural Issues,video,20615,30128
2004565103866478862,Celebrity / Entertainment / Viral,video,,
2004577838738055433,Sports,image,13147,13934
2004581963785789832,Science & Technology,video,,
2004593979904713045,Celebrity / Entertainment / Viral,video,54104,109497
2004613636996632993,Celebrity / Entertainment / Viral,video,2798541,2860979
2004613802944557430,Economy & Finance,video,13075,28559
2004624755522236462,Science & Technology,image,357050,460591
2004631343272263964,Social/Cultural Issues,image,33804,39956
2004635860000788840,AI generated content,video,472575,
2004636775294402949,Geopolitics & International Conflicts,video,84516,
2004638069241139364,Conspiracy & Pseudoscience,image,485535,486867
2004667619845214511,Celebrity / Entertainment / Viral,video,11578,10513
2004740107216269431,Politics & Elections,video,616839,702458
2004767164751086075,Conspiracy & Pseudoscience,text,24236,
2004770583989682389,Social/Cultural Issues,video,112346,129888
2004780688311287818,Social/Cultural Issues,image,20824,20117
2004781789144121637,AI generated content,image,64276,76633
2004832236672344315,Social/Cultural Issues,video,686482,817255
2004857651600196088,Celebrity / Entertainment / Viral,video,211885,415212
2004872634119716891,AI generated content,video,38586,
2004879935983513809,Celebrity / Entertainment / Viral,video,684365,667941
2004883342920134717,Social/Cultural Issues,video,117721,121835
2004896333275300232,Celebrity / Entertainment / Viral,image,,
2004917530591449498,Geopolitics & International Conflicts,image,101830,
2004934043192656120,Social/Cultural Issues,video,2992158,3778804
2004934887007305762,Sports,image,1537667,1733647
2004937973167485132,Politics & Elections,video,1155544,1175521
2004944062168924660,Social/Cultural Issues,video,147629,155573
2004948546458714399,Geopolitics & International Conflicts,text,,
2004964952877277301,Politics & Elections,image,319160,442690
2004966538257072318,Sports,image,345713,346492
2004979838604734637,Conspiracy & Pseudoscience,video,2353517,2361555
2005001608115925135,Celebrity / Entertainment / Viral,video,23934,
2005052621552582992,Politics & Elections,text,1033,1076
2005054889232142844,Celebrity / Entertainment / Viral,text,120702,123995
2005066481277526147,Health & Medicine,image,67716,78054
2005089066413687268,Celebrity / Entertainment / Viral,image,,
2005101184177078563,Politics & Elections,video,291431,340443
2005138930497454374,Geopolitics & International Conflicts,text,339096,339739
2005155175129121166,Science & Technology,video,449860,482610
2005169083273343403,Celebrity / Entertainment / Viral,video,6136,8657
2005224802555191323,Politics & Elections,image,33762,35047
2005279743655211433,Sports,video,2868,
2005280633866846231,AI generated content,video,243,258
2005284767403769996,Other / Miscellaneous,video,56158,
2005299131187634596,Science & Technology,video,170758,189785
2005306927967023286,Sports,video,130439,156678
2005308521618010530,Social/Cultural Issues,video,1137614,
2005320367284613196,Politics & Elections,text,175231,216205
2005325273118695708,Politics & Elections,video,57212,65283
2005332421588451419,Health & Medicine,video,209656,263100
2005335551717880137,Celebrity / Entertainment / Viral,video,23844,
2005341956814319848,Politics & Elections,image,278532,288120
2005351603499389403,Geopolitics & International Conflicts,video,2193,2539
2005360183837638690,Celebrity / Entertainment / Viral,video,136200,191710
2005372994546532480,Geopolitics & International Conflicts,video,53558,59944
2005374152186990851,AI generated content,video,1843,2985
2005426723244917111,Economy & Finance,text,991133,1011763
2005487585649729871,Geopolitics & International Conflicts,image,74749,179023
2005528666948997336,Geopolitics & International Conflicts,video,,
2005529304202100777,Celebrity / Entertainment / Viral,video,39912,66690
2005529912015565245,Politics & Elections,image,362747,370511
2005570737109925964,Celebrity / Entertainment / Viral,video,5255,5241
2005572031719317961,Sports,image,2308506,2428381
2005609188597342259,Other / Miscellaneous,image,25017,39740
2005611613148094559,AI generated content,video,336471,358015
2005631134873551352,Social/Cultural Issues,image,47437,84194
2005641834643480993,Social/Cultural Issues,video,216606,261680
2005651672786460806,Celebrity / Entertainment / Viral,image,,
2005674355406324120,Politics & Elections,text,53922,65093
2005689170271035577,Sports,text,5777,6426
2005707892389998887,Sports,image,402225,441484
2005717731140870205,Social/Cultural Issues,video,336078,345959
2005745191953805813,Politics & Elections,image,169998,171624
2005783389069271524,Science & Technology,video,4029082,4348858
2005797768393040117,Social/Cultural Issues,text,1351576,1741521
2005812373404147911,Politics & Elections,video,30198,54949
2005825648934162722,Social/Cultural Issues,text,265439,268143
2005837463151923404,Celebrity / Entertainment / Viral,video,161904,195638
2005837528364900423,Celebrity / Entertainment / Viral,video,223491,239763
2005852545843859798,Social/Cultural Issues,image,829328,816998
2005897707383107783,AI generated content,video,336062,
2005899780795535587,Geopolitics & International Conflicts,text,106141975,107099420
2005911743261012284,Celebrity / Entertainment / Viral,video,4278874,4282197
2005945702715973691,Geopolitics & International Conflicts,video,81322,126103
2005957037067493516,Social/Cultural Issues,video,25943,36641
2005998579744399738,Geopolitics & International Conflicts,image,102949,149529
2006032941638369424,Health & Medicine,video,759156,
2006042199834710532,Conspiracy & Pseudoscience,video,107338,135100
2006044334873858556,AI generated content,video,313869,
2006063664017670644,Celebrity / Entertainment / Viral,text,362729,370511
2006091489244238015,Geopolitics & International Conflicts,video,11635,44108
2006103032334016557,Politics & Elections,image,473790,533006
2006110545208824111,Science & Technology,image,1479318,1541206
2006119735012802587,Celebrity / Entertainment / Viral,video,933,858
2006141826701430837,Politics & Elections,video,980004,997680
2006156485395353613,Celebrity / Entertainment / Viral,image,161915,195638
2006184354800668857,Social/Cultural Issues,video,,
2006189356990562341,Social/Cultural Issues,video,41653,48043
2006233324684206511,Social/Cultural Issues,video,2355335,2361555
2006250097265537459,Geopolitics & International Conflicts,video,7473,7275
2006296463307923525,Social/Cultural Issues,video,9955,10977
2006387562714427741,Conspiracy & Pseudoscience,image,150338,150312
2006396822152163791,Celebrity / Entertainment / Viral,video,204383,415212
2006402900004937850,Health & Medicine,video,759176,
2006428776029368821,Celebrity / Entertainment / Viral,image,,
2006430865501597881,Sports,image,1954,2323
2006431171547103588,Geopolitics & International Conflicts,video,172944,231833
2006446080783954112,Social/Cultural Issues,video,291359,338985
2006458802594541905,Social/Cultural Issues,text,268226,273406
2006462122805571717,Social/Cultural Issues,video,1150312,1175521
2006465349198426409,Celebrity / Entertainment / Viral,video,280501,339406
2006465361999442028,Conspiracy & Pseudoscience,video,24679,57295
2006467379237368016,AI generated content,video,130472,156678
2006467566450209095,Politics & Elections,image,174759,
2006509614272229493,Celebrity / Entertainment / Viral,image,55848,64250
2006520118814134679,Politics & Elections,text,1954720,2299162
2006538366334984444,Geopolitics & International Conflicts,video,199343,261462
2006550379044155856,Politics & Elections,text,14302,16824
2006551468971847825,Celebrity / Entertainment / Viral,image,26314,29347
2006594749948637541,Other / Miscellaneous,video,30540,55395
2006609531221258741,Health & Medicine,video,751880,
2006620151677165608,Geopolitics & International Conflicts,video,160350,152766
2006623170690732376,AI generated content,image,,
2006728821329076504,Politics & Elections,image,37063,43200
2006759905550807510,Celebrity / Entertainment / Viral,video,212098,415212
2006763915510952296,Science & Technology,video,98337,100491
2006766203134685195,Conspiracy & Pseudoscience,image,273928,310168
2006787404901048654,Science & Technology,video,,
2006798545144463485,Geopolitics & International Conflicts,image,31666,35292
2006798931641119048,Politics & Elections,image,259952,264848
2006836328194064772,Social/Cultural Issues,text,78877,88672
2006851336327794903,Other / Miscellaneous,video,298,269
2006857969674366983,Social/Cultural Issues,image,,
2006860002099929220,Celebrity / Entertainment / Viral,image,14364,17549
2006861744539382084,Conspiracy & Pseudoscience,image,632483,772566
2006881083607101710,Sports,image,204797,209322
2006888494874956081,Science & Technology,image,37266,40023
2006902944264757570,Celebrity / Entertainment / Viral,video,448917,482610
2006903968853799062,AI generated content,image,19712,
2006914503292633391,Celebrity / Entertainment / Viral,text,12415,13683
2006939647516217351,Politics & Elections,image,209838,232070
2006951864118685993,Health & Medicine,video,759005,
2006994759978799418,AI generated content,video,8799,
2007127247241744510,Health & Medicine,text,323315,327245
2007128746084700168,Geopolitics & International Conflicts,image,42804,59574
2007181799454322874,Geopolitics & International Conflicts,video,445178,516534
2007195198271697395,Health & Medicine,video,684222,667941
2007227809945522431,Politics & Elections,image,31652,58919
2007228963379462637,Geopolitics & International Conflicts,video,30944,36426
2007344510595117469,Geopolitics & International Conflicts,video,992,
2007351765826695240,Geopolitics & International Conflicts,video,76760,80434
2007354972338565181,Geopolitics & International Conflicts,video,81329,126103
2007357507992465722,Health & Medicine,video,52192,57403
2007398592152293598,Geopolitics & International Conflicts,image,,
2007401865747861548,Geopolitics & International Conflicts,image,5337,
2007402814344159612,Geopolitics & International Conflicts,video,29478,54092
2007439222471295424,Geopolitics & International Conflicts,video,1601250,1989720
2007447015349776775,Health & Medicine,text,228527,229406
2007457717040931265,Geopolitics & International Conflicts,video,536772,567337
2007468669623001582,Celebrity / Entertainment / Viral,video,212098,415212
2007470096810213398,Politics & Elections,image,12882,13784
2007478705690423778,Science & Technology,video,86389,126525
2007483048808591405,Geopolitics & International Conflicts,image,57732,63722
2007485571120451769,Geopolitics & International Conflicts,image,5016,7841
2007501362309857302,Politics & Elections,video,152211,188674
2007504660324888927,Geopolitics & International Conflicts,image,2355295,2361555
2007520004892238108,Geopolitics & International Conflicts,image,36570,88470
2007521241054515317,Geopolitics & International Conflicts,image,138821,144371
2007537143112183917,Politics & Elections,video,67277,69332
2007541912753058028,Politics & Elections,text,11035,15440
2007544849902490034,Geopolitics & International Conflicts,video,173648,216205
2007562712398594541,Politics & Elections,video,300224,308231
2007589754167025754,Celebrity / Entertainment / Viral,image,4713,
2007594052204839208,Geopolitics & International Conflicts,video,366745,370511
2007601544758526349,Geopolitics & International Conflicts,text,1102166,1820383
2007620914498941347,Social/Cultural Issues,video,626478,
2007627004901036542,Science & Technology,image,260767,297607
2007641764140855367,Geopolitics & International Conflicts,video,1623554,1989720
2007641871938662716,Politics & Elections,video,857329,897524
2007657780904083655,Geopolitics & International Conflicts,image,155986,173203
2007671486337691919,Other / Miscellaneous,image,87752,87662
2007719361327636731,Geopolitics & International Conflicts,video,3343975,3524500
2007779647426371973,Geopolitics & International Conflicts,image,431383,450280
2007806428594241832,Celebrity / Entertainment / Viral,video,16009,34206
2007857093857186123,Geopolitics & International Conflicts,image,308718,303968
2007875304220749916,Science & Technology,image,357078,460591
2007891287912124761,Celebrity / Entertainment / Viral,video,17172,17688
2007900166641119662,Health & Medicine,text,321302,329040
2007902394924073390,Sports,image,63231,64798
2007903551197151675,Politics & Elections,video,207523,216443
2007910992261652632,Social/Cultural Issues,video,506619,516389
2007912417943015764,Geopolitics & International Conflicts,video,1397871,1479164
2007914135712055549,Celebrity / Entertainment / Viral,text,4297,4319
2007916134633443626,Celebrity / Entertainment / Viral,image,692079,817255
2007916564767752701,Celebrity / Entertainment / Viral,image,128852,136904
2007917340340752830,Sports,image,6314,6380
2007925207613538592,Geopolitics & International Conflicts,image,755508,803535
2007935119110058478,Geopolitics & International Conflicts,video,3629974,3856056
2007954089645080622,Geopolitics & International Conflicts,video,36561,47621
2007956758753583348,Celebrity / Entertainment / Viral,video,212070,415212
2008025170355884414,Celebrity / Entertainment / Viral,image,828,966
2008034127371706806,Sports,video,6916562,6970486
2008036519098118527,Geopolitics & International Conflicts,video,30948,36426
2008046048317485288,Sports,image,310408,318476
2008116328935334244,Social/Cultural Issues,image,5192,8865
2008153338689556956,Geopolitics & International Conflicts,video,723783,761418
2008177085987311922,Geopolitics & International Conflicts,video,82519,126103
2008201858020692260,Politics & Elections,image,180347,183711
2008224599725797507,Celebrity / Entertainment / Viral,video,198762,233381
2008230010432479543,Geopolitics & International Conflicts,video,593937,594996
2008232217525580007,Politics & Elections,image,1125451,1143339
2008244658514837940,Politics & Elections,video,253767,270634
2008254706301497469,Politics & Elections,text,170406,180580
2008254997281268116,Geopolitics & International Conflicts,image,111966,128396
2008280105466872158,Celebrity / Entertainment / Viral,video,34058,48853
2008284434638815374,Geopolitics & International Conflicts,video,48684,49797
2008323126937997678,Politics & Elections,image,131234,132541
2008327402213069111,Politics & Elections,video,1695439,1715308
2008328414558617796,Geopolitics & International Conflicts,video,371462,391745
2008331463154950416,Geopolitics & International Conflicts,video,455008,474256
2008348635558297991,Social/Cultural Issues,video,,
2008356891513295170,Health & Medicine,image,466694,465554
2008377144565461426,Politics & Elections,image,308262,303968
2008390188452524241,Social/Cultural Issues,video,8105,
2008508951110053951,Geopolitics & International Conflicts,video,82506,126103
2008530398163403132,Politics & Elections,video,70422,81352
2008538543556358228,Social/Cultural Issues,video,16319,19010
2008575107426591221,Social/Cultural Issues,video,5368549,5451807
2008581445976289680,Economy & Finance,image,209294,216907
2008584445629272250,Politics & Elections,image,126145,153885
2008598912756838509,Politics & Elections,video,247210,317897
2008601788354585064,Celebrity / Entertainment / Viral,image,3052,
2008612154929541340,Conspiracy & Pseudoscience,video,15157,22233
2008622098390946217,Conspiracy & Pseudoscience,text,445099,494369
2008633315998249087,Politics & Elections,image,301203,330103
2008643890534842742,Politics & Elections,image,78107,105414
2008644091681067426,Politics & Elections,image,31649,58919
2008647152650821745,Science & Technology,image,11495,
2008654788653969804,Politics & Elections,video,138678,166648
2008676797320176082,Politics & Elections,image,207441,216443
2008678342908899716,Geopolitics & International Conflicts,image,469435,509660
2008678355797684567,Politics & Elections,video,8299,7515
2008686426976592315,Politics & Elections,video,75265,84341
2008689534968754427,Geopolitics & International Conflicts,video,226066,254872
2008696140456145058,Politics & Elections,video,384879,398158
2008701611984511280,Celebrity / Entertainment / Viral,video,327469,336942
2008703764472221822,Geopolitics & International Conflicts,video,,
2008705124500398420,Social/Cultural Issues,image,231781,259652
2008710651817116154,Geopolitics & International Conflicts,video,656821,643364
2008775935592636644,Politics & Elections,video,,
2008850506353987654,Social/Cultural Issues,video,10963,15267
2008865020277346687,Geopolitics & International Conflicts,image,261934,563292
2009123245094572408,Celebrity / Entertainment / Viral,image,162245,195638
2009128879877972149,Other / Miscellaneous,video,5988,5998
2009206637962383809,Economy & Finance,image,271741,311049
2009211035790791058,Health & Medicine,text,6843,8830
2009341953415233581,Social/Cultural Issues,video,536805,567337
2009342949101064598,Geopolitics & International Conflicts,video,,
2009345392182501756,Geopolitics & International Conflicts,text,,
2009349167391625239,Sports,video,6793,9313
2009365299259428906,Sports,image,901,899
2009371431306441175,Conspiracy & Pseudoscience,image,856269,860113
2009379264567685392,Health & Medicine,text,310620,
2009384948281594114,Geopolitics & International Conflicts,image,62690,80424
2009402257956348401,Celebrity / Entertainment / Viral,image,,
2009414819485458673,Social/Cultural Issues,video,491848,487665
2009449979195347051,Geopolitics & International Conflicts,text,259906,304971
2009502816545742921,Science & Technology,video,10543,48582
2009558906155291069,Celebrity / Entertainment / Viral,image,1950,
2009710905643413736,Conspiracy & Pseudoscience,video,254415,
2009735503340548263,Geopolitics & International Conflicts,video,64849,114161
2009845296721801316,Social/Cultural Issues,video,3747699,5981178
2009852399293444503,Celebrity / Entertainment / Viral,video,17670,21286
2009885346792714285,Geopolitics & International Conflicts,video,34834,58057
2009917318458126524,Sports,image,1699825,1840286
2009963677815078916,Geopolitics & International Conflicts,video,3627801,3856056
2010601592098304194,Social/Cultural Issues,text,1300649,1475033
2010637355787649066,Social/Cultural Issues,video,86123,131735
2010679425453437362,Geopolitics & International Conflicts,video,,
2010905241894731805,AI generated content,video,212084,415212
2011001084278358382,Celebrity / Entertainment / Viral,image,,
2011101508922757602,Geopolitics & International Conflicts,video,8146,67275
2011106952974352671,Politics & Elections,image,47084,56102
2011115650396062104,Social/Cultural Issues,image,99011,106534
2011154203268481368,Social/Cultural Issues,image,29373,
2011167533492023691,Health & Medicine,image,39173,40678
2011269753000841376,Geopolitics & International Conflicts,video,,
2011302067839910316,AI generated content,video,20957,
2011305270279094695,Social/Cultural Issues,image,62237,98058
2011360517474897961,Social/Cultural Issues,video,,
2011488113970069877,Geopolitics & International Conflicts,video,82515,126103
2011545167267053791,Health & Medicine,video,1155473,1175521
2011599733547286927,Geopolitics & International Conflicts,video,1253771,1251919
2011622882452128157,AI generated content,video,204274,415212
2011755984784376257,Health & Medicine,image,81772,89187
2011804909834789028,Health & Medicine,image,270996,302966
2011833253682880579,Science & Technology,video,51280,74197
2011918275169374544,Conspiracy & Pseudoscience,image,47546,48038
2013411849803304999,Geopolitics & International Conflicts,image,218040,218654
2016756605350543563,Politics & Elections,video,3986,
2016910927770067043,Geopolitics & International Conflicts,image,76379,138679
2017018700889522270,Conspiracy & Pseudoscience,image,112213,185227
2017030248504627495,Politics & Elections,image,153432,160407
2017139859664884013,Other / Miscellaneous,video,,
2017193574014787597,Geopolitics & International Conflicts,image,318085,350729
